nohup: ignoring input
Instances:    10
Weights:      [0, 50, 100, 150, 200, 250, 300, 350, 400, 450, 500]
Proxy:        exposure
Exposure N:   3 (max 33% per arc-TR)
S2 configs:   ['off_off', 'both']
Total runs:   220  Output: results/layered__w0-500x11__proxy_exposure_n3__s2_off_off_both.csv

══════════════════════════════════════════════════════════════════════
  Instance: layered_large_seed1 (custom, seed=0)
══════════════════════════════════════════════════════════════════════
  Parsed: 4 parts, 62 routes

  [layered_large_seed1 w=0 proxy=exposure] Solving Stage 1 (limit=300s)...
  [S1 w=0 round 1] budget=299s best=None ↓43910 ↓43327 ↓43274 ↓43168 ↓43115 ↓42767 ↓39635 ↓39287 ↓38439 ↓37547 ↓37257 ↓36967 ↓36387 ↓36097 ↓35807 ↓34959 ↓28917 ↓28069 ↓28052 ↓28047 ↓27989 ↓27873 ↓27641 ↓27525 ↓27467 ↓26937 ↓26915 ↓26877 ↓26814 ↓26804 ↓26466 ↓26408 ↓25406 ↓25398 ↓25224 ↓25050 ↓24876 ↓24853 ↓24679 ↓24520 ↓24346 ↓24296 ↓24270 ↓24249 ↓24149 ↓23937 ↓23725 ↓23513 ↓23301 ↓23167 ↓22993 ↓22877 ↓22082 ↓21817 ↓21552 ↓21519 ↓21423 ↓21201 ↓21156 ↓21022 ↓20865 ↓20651 ↓20386 ↓20295 ↓20121 ↓19962 ↓19917 ↓19788 ↓19730 ↓19672 ↓19669 ↓19651 ↓19646 ↓19613 ↓19598 ↓19545 ↓19444 ↓19328 ↓19283 ↓19230 ↓19071 ↓19018 ↓18859 ↓18382 ↓18223 ↓18170 ↓17880 ↓17802 ↓17753 ↓17701 ↓17698 ↓17645 ↓17567 ↓17490 ↓17460 ↓17427 ↓17311 ↓17248 ↓17195 ↓17036 ↓16983 ↓16930 ↓16877 ↓16725 ↓16627 ↓16319 ↓16208 ↓16200 ↓16167 ↓16164 ↓16111 ↓15995 ↓15942 ↓15899 ↓15856 ↓15793 ↓15775 ↓15750 ↓15659 ↓15596 ↓15445 ↓15369 ↓15366 ↓15316 ↓15278 ↓15248 ↓15195 ↓15142 ↓15044 ↓15031 ↓14915 ↓14897 ↓14844 ↓14746 ↓14741 ↓14655 ↓14574 ↓14564 ↓14529 ↓14456 ↓14433
Stage 1: cost=14433  dominant=47  exposure=1  optimal=False
  R_TR=0.6  worst_arc=(l6,l7,tr2)

  [layered_large_seed1 w=0 s2=off_off] Solving Stage 2 (limit=300s)... ↓[]
  Stage 2: mono=22  conc=45  optimal=False
  R_1=0.8  worst_trip=(l2,l7,tr2,k3)
  Dispatch: s1=14433  s2=13497  saving=936

  [layered_large_seed1 w=0 s2=both] Solving Stage 2 (limit=300s)... ↓[22000, 30966] ↓[22000, 30392] ↓[21000, 30966] ↓[21000, 29823] ↓[20000, 30397] ↓[18000, 24568] ↓[17000, 25455] ↓[17000, 24312] ↓[16000, 25455] ↓[16000, 24886] ↓[16000, 24881] ↓[16000, 24312] ↓[15000, 26029] ↓[15000, 25711] ↓[15000, 25269] ↓[15000, 24951] ↓[15000, 24700] ↓[15000, 24695] ↓[15000, 23173] ↓[15000, 22352] ↓[15000, 21783] ↓[14000, 23173] ↓[14000, 22352] ↓[14000, 21778] ↓[13000, 22352] ↓[13000, 21531] ↓[13000, 20962] ↓[12000, 23173] ↓[12000, 22423] ↓[12000, 21849] ↓[12000, 21536] ↓[12000, 21531] ↓[12000, 20962] ↓[11000, 23561] ↓[11000, 22361] ↓[11000, 22105] ↓[11000, 20962] ↓[11000, 20459] ↓[11000, 20141] ↓[11000, 19571] ↓[11000, 19002] ↓[11000, 18685] ↓[11000, 18116] ↓[10000, 23253] ↓[10000, 23187] ↓[10000, 23182] ↓[10000, 22996] ↓[10000, 22865] ↓[10000, 22860] ↓[10000, 22291] ↓[10000, 22115] ↓[10000, 21541] ↓[10000, 21223] ↓[10000, 20705] ↓[10000, 20639] ↓[10000, 20387] ↓[10000, 19818] ↓[10000, 19752] ↓[10000, 18931] ↓[10000, 18362] ↓[9000, 25279] ↓[9000, 23319] ↓[9000, 23001] ↓[9000, 22750] ↓[9000, 22432] ↓[9000, 21929] ↓[9000, 21611] ↓[9000, 21360] ↓[9000, 21042] ↓[9000, 20473] ↓[8000, 23319] ↓[8000, 20966] ↓[8000, 20397] ↓[8000, 19576] ↓[8000, 19007] ↓[8000, 18438] ↓[8000, 18433] ↓[7000, 24876] ↓[7000, 24810] ↓[7000, 23989] ↓[7000, 23168] ↓[7000, 22599] ↓[7000, 22352] ↓[7000, 21778] ↓[7000, 21460] ↓[7000, 20891] ↓[7000, 20639] ↓[7000, 20141] ↓[7000, 19889] ↓[7000, 19320] ↓[7000, 19002] ↓[7000, 18433] ↓[7000, 17864] ↓[7000, 17798] ↓[7000, 17793] ↓[7000, 17224] ↓[7000, 16655] ↓[6000, 20075] ↓[6000, 19823] ↓[6000, 19002] ↓[6000, 18433] ↓[6000, 18111] ↓[5000, 23244] ↓[5000, 20080] ↓[5000, 19828] ↓[5000, 19259] ↓[5000, 19254] ↓[5000, 18685] ↓[5000, 18680] ↓[5000, 18111] ↓[5000, 17798] ↓[5000, 17546] ↓[5000, 16977] ↓[5000, 16408] ↓[5000, 16403] ↓[5000, 15834] ↓[4000, 18685] ↓[4000, 17864] ↓[4000, 17798] ↓[4000, 17551] ↓[4000, 17546] ↓[4000, 16977] ↓[4000, 16403] ↓[4000, 16147] ↓[4000, 15834] ↓[4000, 15829] ↓[3000, 25782] ↓[3000, 25526] ↓[3000, 24639] ↓[3000, 24321] ↓[3000, 22987] ↓[3000, 22669] ↓[3000, 20710] ↓[3000, 20397] ↓[3000, 19823] ↓[3000, 19515] ↓[3000, 19184] ↓[3000, 18932] ↓[3000, 18363] ↓[3000, 18182] ↓[3000, 18177] ↓[3000, 17798] ↓[3000, 17551] ↓[3000, 17546] ↓[3000, 16977] ↓[3000, 16721] ↓[3000, 16403]
  Stage 2: mono=3  conc=25  optimal=False
  R_1=0.8667  worst_trip=(l2,l3,tr2,k1)
  Dispatch: s1=14433  s2=12546  saving=1887

  [layered_large_seed1 w=50 proxy=exposure] Solving Stage 1 (limit=300s)...
  [S1 w=50 round 1] budget=299s best=None ↓44310 ↓43727 ↓43674 ↓43568 ↓43515 ↓43167 ↓40035 ↓39687 ↓38839 ↓37947 ↓37657 ↓37367 ↓36787 ↓36497 ↓36207 ↓35359 ↓29317 ↓28469
Stage 1: cost=28469  dominant=24  exposure=8  optimal=False
  R_TR=0.4667  worst_arc=(l2,l4,tr2)

  [layered_large_seed1 w=50 s2=off_off] Solving Stage 2 (limit=300s)... ↓[]
  Stage 2: mono=45  conc=27  optimal=False
  R_1=0.8  worst_trip=(l2,l4,tr2,k15)
  Dispatch: s1=28069  s2=25907  saving=2162

  [layered_large_seed1 w=50 s2=both] Solving Stage 2 (limit=300s)... ↓[45000, 19258] ↓[40000, 11399] ↓[39000, 11399] ↓[38000, 11399] ↓[37000, 11399] ↓[36000, 11399] ↓[35000, 12286] ↓[35000, 12220] ↓[35000, 11651] ↓[35000, 11399] ↓[34000, 14563] ↓[34000, 13359] ↓[34000, 12472] ↓[34000, 11651] ↓[33000, 13676] ↓[33000, 12789] ↓[33000, 12220] ↓[33000, 11651] ↓[32000, 13676] ↓[32000, 12538] ↓[31000, 12538] ↓[30000, 12538] ↓[29000, 13112] ↓[29000, 12538] ↓[28000, 13425] ↓[28000, 13112] ↓[28000, 12538] ↓[27000, 13112] ↓[27000, 12538] ↓[27000, 11969] ↓[27000, 11717] ↓[27000, 11656] ↓[27000, 11082] ↓[26000, 12538] ↓[26000, 11651] ↓[26000, 11082] ↓[25000, 11651] ↓[25000, 11082] ↓[24000, 12543] ↓[24000, 11656] ↓[24000, 11082] ↓[23000, 11082] ↓[22000, 11082] ↓[21000, 11082] ↓[20000, 11969] ↓[20000, 11082] ↓[19000, 11656] ↓[18000, 11656] ↓[17000, 11656] ↓[16000, 11656] ↓[15000, 11656] ↓[14000, 11656] ↓[13000, 11656] ↓[12000, 11656] ↓[11000, 11656] ↓[10000, 11656] ↓[9000, 11656] ↓[8000, 11656] ↓[7000, 11656] ↓[6000, 11656] ↓[5000, 11656] ↓[4000, 11656] ↓[3000, 11656] ↓[2000, 11656] ↓[2000, 10835] ↓[2000, 10830] ↓[2000, 10261] ↓[1000, 11722] ↓[1000, 10835] ↓[1000, 10261] ↓[1000, 10014] ↓[1000, 9440] ↓[1000, 9435] ↓[1000, 8866] ↓[1000, 8619] ↓[1000, 8614] ↓[0, 10014] ↓[0, 9440] ↓[0, 8871] ↓[0, 8866] ↓[0, 8619] ↓[0, 8045] ↓[0, 7476] ↓[0, 6655] ↓[0, 6408] ↓[0, 6403]
  Stage 2: mono=0  conc=9  optimal=False
  R_1=0.8667  worst_trip=(l2,l4,tr2,k15)
  Dispatch: s1=28069  s2=22380  saving=5689

  [layered_large_seed1 w=100 proxy=exposure] Solving Stage 1 (limit=300s)...
  [S1 w=100 round 1] budget=299s best=None ↓44710 ↓44127 ↓44074 ↓43968 ↓43915 ↓43567 ↓40435 ↓40087 ↓39239 ↓38347 ↓38057 ↓37767 ↓37187 ↓36897 ↓36607 ↓35759 ↓29717 ↓28869 ↓28867 ↓28815 ↓28709 ↓28444 ↓28179 ↓27755 ↓27490 ↓27225 ↓26993 ↓26529 ↓26413 ↓26297 ↓26181 ↓26065 ↓26055 ↓26002 ↓25364 ↓24784 ↓24756 ↓24721 ↓24456 ↓24191 ↓24186 ↓23026 ↓22982 ↓22960 ↓22901 ↓22868 ↓22834 ↓22463 ↓22304 ↓22218 ↓22145 ↓22039 ↓21933 ↓21880 ↓21827 ↓21744 ↓21729 ↓21710 ↓21610 ↓21604 ↓21342 ↓21329 ↓21213 ↓21171 ↓21151 ↓21098 ↓20992 ↓20939 ↓20924 ↓20808 ↓20765 ↓20649 ↓20634 ↓20475 ↓20459 ↓20381 ↓20371 ↓20361 ↓20353 ↓20237 ↓20212 ↓20158 ↓20154 ↓20101 ↓20048 ↓19995 ↓19942 ↓19677 ↓19200 ↓19088 ↓18988 ↓18723 ↓18700 ↓18665 ↓18526 ↓18352 ↓18351 ↓18086 ↓17830 ↓17701 ↓17585 ↓17469 ↓17295 ↓17280 ↓17179 ↓17134 ↓17018 ↓16902 ↓16715 ↓16657 ↓16541 ↓16528 ↓16425 ↓16392 ↓16387 ↓16319 ↓16203 ↓15913 ↓15757 ↓15704 ↓15699 ↓15467 ↓15409 ↓15235 ↓15222 ↓15192 ↓15139 ↓15086 ↓14796 ↓14778 ↓14541
Stage 1: cost=14541  dominant=43  exposure=2  optimal=False
  R_TR=0.6333  worst_arc=(l1,l3,tr1)

  [layered_large_seed1 w=100 s2=off_off] Solving Stage 2 (limit=300s)...

  [layered_large_seed1 w=100 s2=both] Solving Stage 2 (limit=300s)...

  [layered_large_seed1 w=150 proxy=exposure] Solving Stage 1 (limit=300s)...
  [S1 w=150 round 1] budget=299s best=None ↓45110 ↓44527 ↓44474 ↓44368 ↓44315 ↓43967 ↓40835 ↓40487 ↓39639 ↓38747 ↓38457 ↓38167 ↓37587 ↓37297 ↓37007 ↓36159 ↓30117 ↓29269
Stage 1: cost=29269  dominant=24  exposure=8  optimal=False
  R_TR=0.4667  worst_arc=(l2,l4,tr2)

  [layered_large_seed1 w=150 s2=off_off] Solving Stage 2 (limit=300s)... ↓[]
  Stage 2: mono=45  conc=27  optimal=False
  R_1=0.8  worst_trip=(l2,l4,tr2,k15)
  Dispatch: s1=28069  s2=25907  saving=2162

  [layered_large_seed1 w=150 s2=both] Solving Stage 2 (limit=300s)... ↓[45000, 19258] ↓[40000, 11399] ↓[39000, 11399] ↓[38000, 11399] ↓[37000, 11399] ↓[36000, 11399] ↓[35000, 12286] ↓[35000, 12220] ↓[35000, 11651] ↓[35000, 11399] ↓[34000, 14563] ↓[34000, 13359] ↓[34000, 12472] ↓[34000, 11651] ↓[33000, 13676] ↓[33000, 12789] ↓[33000, 12220] ↓[33000, 11651] ↓[32000, 13676] ↓[32000, 12538] ↓[31000, 12538] ↓[30000, 12538] ↓[29000, 13112] ↓[29000, 12538] ↓[28000, 13425] ↓[28000, 13112] ↓[28000, 12538] ↓[27000, 13112] ↓[27000, 12538] ↓[27000, 11969] ↓[27000, 11717] ↓[27000, 11656] ↓[27000, 11082] ↓[26000, 12538] ↓[26000, 11651] ↓[26000, 11082] ↓[25000, 11651] ↓[25000, 11082] ↓[24000, 12543] ↓[24000, 11656] ↓[24000, 11082] ↓[23000, 11082] ↓[22000, 11082] ↓[21000, 11082] ↓[20000, 11969] ↓[20000, 11082] ↓[19000, 11656] ↓[18000, 11656] ↓[17000, 11656] ↓[16000, 11656] ↓[15000, 11656] ↓[14000, 11656] ↓[13000, 11656] ↓[12000, 11656] ↓[11000, 11656] ↓[10000, 11656] ↓[9000, 11656] ↓[8000, 11656] ↓[7000, 11656] ↓[6000, 11656] ↓[5000, 11656] ↓[4000, 11656] ↓[3000, 11656] ↓[2000, 11656] ↓[2000, 10835] ↓[2000, 10830] ↓[2000, 10261] ↓[1000, 11722] ↓[1000, 10835] ↓[1000, 10261] ↓[1000, 10014] ↓[1000, 9440] ↓[1000, 9435] ↓[1000, 8866] ↓[1000, 8619] ↓[1000, 8614] ↓[0, 10014] ↓[0, 9440] ↓[0, 8871] ↓[0, 8866] ↓[0, 8619] ↓[0, 8045] ↓[0, 7476] ↓[0, 6655] ↓[0, 6408] ↓[0, 6403]
  Stage 2: mono=0  conc=9  optimal=False
  R_1=0.8667  worst_trip=(l2,l4,tr2,k15)
  Dispatch: s1=28069  s2=22380  saving=5689

  [layered_large_seed1 w=200 proxy=exposure] Solving Stage 1 (limit=300s)...
  [S1 w=200 round 1] budget=299s best=None ↓45510 ↓44927 ↓44874 ↓44768 ↓44715 ↓44367 ↓41235 ↓40887 ↓40039 ↓39147 ↓38857 ↓38567 ↓37987 ↓37697 ↓37407 ↓36559 ↓30517 ↓29669
Stage 1: cost=29669  dominant=24  exposure=8  optimal=False
  R_TR=0.4667  worst_arc=(l2,l4,tr2)

  [layered_large_seed1 w=200 s2=off_off] Solving Stage 2 (limit=300s)... ↓[]
  Stage 2: mono=45  conc=27  optimal=False
  R_1=0.8  worst_trip=(l2,l4,tr2,k15)
  Dispatch: s1=28069  s2=25907  saving=2162

  [layered_large_seed1 w=200 s2=both] Solving Stage 2 (limit=300s)... ↓[45000, 19258] ↓[40000, 11399] ↓[39000, 11399] ↓[38000, 11399] ↓[37000, 11399] ↓[36000, 11399] ↓[35000, 12286] ↓[35000, 12220] ↓[35000, 11651] ↓[35000, 11399] ↓[34000, 14563] ↓[34000, 13359] ↓[34000, 12472] ↓[34000, 11651] ↓[33000, 13676] ↓[33000, 12789] ↓[33000, 12220] ↓[33000, 11651] ↓[32000, 13676] ↓[32000, 12538] ↓[31000, 12538] ↓[30000, 12538] ↓[29000, 13112] ↓[29000, 12538] ↓[28000, 13425] ↓[28000, 13112] ↓[28000, 12538] ↓[27000, 13112] ↓[27000, 12538] ↓[27000, 11969] ↓[27000, 11717] ↓[27000, 11656] ↓[27000, 11082] ↓[26000, 12538] ↓[26000, 11651] ↓[26000, 11082] ↓[25000, 11651] ↓[25000, 11082] ↓[24000, 12543] ↓[24000, 11656] ↓[24000, 11082] ↓[23000, 11082] ↓[22000, 11082] ↓[21000, 11082] ↓[20000, 11969] ↓[20000, 11082] ↓[19000, 11656] ↓[18000, 11656] ↓[17000, 11656] ↓[16000, 11656] ↓[15000, 11656] ↓[14000, 11656] ↓[13000, 11656] ↓[12000, 11656] ↓[11000, 11656] ↓[10000, 11656] ↓[9000, 11656] ↓[8000, 11656] ↓[7000, 11656] ↓[6000, 11656] ↓[5000, 11656] ↓[4000, 11656] ↓[3000, 11656] ↓[2000, 11656] ↓[2000, 10835] ↓[2000, 10830] ↓[2000, 10261] ↓[1000, 11722] ↓[1000, 10835] ↓[1000, 10261] ↓[1000, 10014] ↓[1000, 9440] ↓[1000, 9435] ↓[1000, 8866] ↓[1000, 8619] ↓[1000, 8614] ↓[0, 10014] ↓[0, 9440] ↓[0, 8871] ↓[0, 8866] ↓[0, 8619] ↓[0, 8045] ↓[0, 7476] ↓[0, 6655] ↓[0, 6408] ↓[0, 6403]
  Stage 2: mono=0  conc=9  optimal=False
  R_1=0.8667  worst_trip=(l2,l4,tr2,k15)
  Dispatch: s1=28069  s2=22380  saving=5689

  [layered_large_seed1 w=250 proxy=exposure] Solving Stage 1 (limit=300s)...
  [S1 w=250 round 1] budget=299s best=None ↓45910 ↓45327 ↓45274 ↓45168 ↓45115 ↓44767 ↓41635 ↓41287 ↓40439 ↓39547 ↓39257 ↓38967 ↓38387 ↓38097 ↓37807 ↓36959 ↓30917 ↓30069
Stage 1: cost=30069  dominant=24  exposure=8  optimal=False
  R_TR=0.4667  worst_arc=(l2,l4,tr2)

  [layered_large_seed1 w=250 s2=off_off] Solving Stage 2 (limit=300s)... ↓[]
  Stage 2: mono=45  conc=27  optimal=False
  R_1=0.8  worst_trip=(l2,l4,tr2,k15)
  Dispatch: s1=28069  s2=25907  saving=2162

  [layered_large_seed1 w=250 s2=both] Solving Stage 2 (limit=300s)... ↓[45000, 19258] ↓[40000, 11399] ↓[39000, 11399] ↓[38000, 11399] ↓[37000, 11399] ↓[36000, 11399] ↓[35000, 12286] ↓[35000, 12220] ↓[35000, 11651] ↓[35000, 11399] ↓[34000, 14563] ↓[34000, 13359] ↓[34000, 12472] ↓[34000, 11651] ↓[33000, 13676] ↓[33000, 12789] ↓[33000, 12220] ↓[33000, 11651] ↓[32000, 13676] ↓[32000, 12538] ↓[31000, 12538] ↓[30000, 12538] ↓[29000, 13112] ↓[29000, 12538] ↓[28000, 13425] ↓[28000, 13112] ↓[28000, 12538] ↓[27000, 13112] ↓[27000, 12538] ↓[27000, 11969] ↓[27000, 11717] ↓[27000, 11656] ↓[27000, 11082] ↓[26000, 12538] ↓[26000, 11651] ↓[26000, 11082] ↓[25000, 11651] ↓[25000, 11082] ↓[24000, 12543] ↓[24000, 11656] ↓[24000, 11082] ↓[23000, 11082] ↓[22000, 11082] ↓[21000, 11082] ↓[20000, 11969] ↓[20000, 11082] ↓[19000, 11656] ↓[18000, 11656] ↓[17000, 11656] ↓[16000, 11656] ↓[15000, 11656] ↓[14000, 11656] ↓[13000, 11656] ↓[12000, 11656] ↓[11000, 11656] ↓[10000, 11656] ↓[9000, 11656] ↓[8000, 11656] ↓[7000, 11656] ↓[6000, 11656] ↓[5000, 11656] ↓[4000, 11656] ↓[3000, 11656] ↓[2000, 11656] ↓[2000, 10835] ↓[2000, 10830] ↓[2000, 10261] ↓[1000, 11722] ↓[1000, 10835] ↓[1000, 10261] ↓[1000, 10014] ↓[1000, 9440] ↓[1000, 9435] ↓[1000, 8866] ↓[1000, 8619] ↓[1000, 8614] ↓[0, 10014] ↓[0, 9440] ↓[0, 8871] ↓[0, 8866] ↓[0, 8619] ↓[0, 8045] ↓[0, 7476] ↓[0, 6655] ↓[0, 6408] ↓[0, 6403]
  Stage 2: mono=0  conc=9  optimal=False
  R_1=0.8667  worst_trip=(l2,l4,tr2,k15)
  Dispatch: s1=28069  s2=22380  saving=5689

  [layered_large_seed1 w=300 proxy=exposure] Solving Stage 1 (limit=300s)...
  [S1 w=300 round 1] budget=299s best=None ↓46310 ↓45727 ↓45674 ↓45568 ↓45515 ↓45167 ↓42035 ↓41687 ↓40839 ↓39947 ↓39657 ↓39367 ↓38787 ↓38497 ↓38207 ↓37359 ↓31317 ↓30469 ↓30429 ↓30371 ↓30286 ↓30255 ↓30231 ↓30212 ↓30189 ↓30134 ↓30046 ↓29962 ↓29960 ↓29932 ↓29614 ↓29556 ↓29526 ↓29208 ↓29163 ↓29004 ↓28686 ↓28648 ↓28633 ↓28595 ↓28567 ↓28562 ↓28464 ↓28449 ↓28391 ↓28338 ↓27869 ↓27816 ↓27798 ↓27744 ↓27721 ↓27651 ↓27581 ↓27568 ↓27038 ↓27007 ↓26966 ↓26913 ↓26701 ↓26436 ↓26383 ↓26325 ↓26249 ↓25901 ↓25424 ↓25321 ↓25268 ↓25248 ↓25195 ↓25003 ↓24738 ↓24715 ↓24288 ↓24154 ↓23864 ↓23740 ↓23708 ↓23634 ↓23617 ↓23443 ↓23420 ↓23382 ↓23324 ↓23301 ↓23228 ↓23054 ↓22948 ↓22850 ↓22426 ↓22252 ↓22194 ↓21962 ↓21876 ↓21505 ↓21399 ↓21270 ↓21240 ↓21051 ↓21038 ↓20922 ↓20819 ↓20342 ↓20213 ↓20097 ↓19981 ↓19504 ↓19398 ↓19375 ↓19292 ↓19239 ↓19229 ↓19204 ↓19171 ↓19088 ↓18939 ↓18765 ↓18750 ↓18621 ↓18447 ↓18288 ↓18235 ↓18225 ↓18192 ↓18076 ↓17947 ↓17889 ↓17811 ↓17773 ↓17758 ↓17720 ↓17717 ↓17689 ↓17611 ↓17399
Stage 1: cost=17399  dominant=54  exposure=1  optimal=False
  R_TR=0.6333  worst_arc=(l1,l7,tr2)

  [layered_large_seed1 w=300 s2=off_off] Solving Stage 2 (limit=300s)... ↓[]
  Stage 2: mono=20  conc=38  optimal=False
  R_1=0.8667  worst_trip=(l1,l9,tr2,k2)
  Dispatch: s1=17099  s2=16229  saving=870

  [layered_large_seed1 w=300 s2=both] Solving Stage 2 (limit=300s)... ↓[20000, 29411] ↓[20000, 28842] ↓[19000, 29416] ↓[18000, 29985] ↓[18000, 29416] ↓[17000, 29985] ↓[17000, 22304] ↓[17000, 21483] ↓[17000, 20914] ↓[17000, 19141] ↓[17000, 18320] ↓[17000, 17751] ↓[16000, 19393] ↓[16000, 19141] ↓[16000, 18572] ↓[15000, 19393] ↓[15000, 19070] ↓[15000, 18889] ↓[15000, 18320] ↓[14000, 23709] ↓[14000, 23643] ↓[14000, 22822] ↓[14000, 22319] ↓[14000, 22253] ↓[14000, 21432] ↓[14000, 21180] ↓[14000, 20611] ↓[14000, 17927] ↓[14000, 17106] ↓[14000, 16285] ↓[14000, 15464] ↓[14000, 14895] ↓[13000, 21745] ↓[13000, 21176] ↓[12000, 22566] ↓[12000, 21176] ↓[12000, 19649] ↓[12000, 18828] ↓[12000, 18254] ↓[12000, 17680] ↓[11000, 20536] ↓[11000, 20280] ↓[11000, 20033] ↓[11000, 20028] ↓[11000, 19459] ↓[11000, 19393] ↓[11000, 19141] ↓[11000, 18572] ↓[11000, 18325] ↓[11000, 18320] ↓[11000, 17751] ↓[10000, 21736] ↓[10000, 20531] ↓[10000, 19962] ↓[10000, 19141] ↓[10000, 18320] ↓[10000, 17751] ↓[10000, 17499] ↓[10000, 16930] ↓[10000, 16859] ↓[10000, 16290] ↓[10000, 15469] ↓[9000, 19715] ↓[9000, 18833] ↓[9000, 18012] ↓[9000, 17438] ↓[9000, 17433] ↓[9000, 16612] ↓[9000, 16043] ↓[8000, 22486] ↓[8000, 21665] ↓[8000, 21096] ↓[8000, 20844] ↓[8000, 20275] ↓[8000, 20023] ↓[8000, 19454] ↓[8000, 19202] ↓[8000, 18633] ↓[8000, 18254] ↓[8000, 18002] ↓[8000, 17433] ↓[8000, 17181] ↓[8000, 16612] ↓[7000, 21992] ↓[7000, 21432] ↓[7000, 21366] ↓[7000, 20545] ↓[7000, 19724] ↓[7000, 19155] ↓[7000, 18903] ↓[7000, 18334] ↓[7000, 18329] ↓[7000, 18249] ↓[7000, 17997] ↓[7000, 17428] ↓[6000, 21039] ↓[6000, 20787] ↓[6000, 20663] ↓[6000, 20536] ↓[6000, 20345] ↓[6000, 19971] ↓[6000, 19724] ↓[6000, 19453] ↓[6000, 18884] ↓[6000, 18315] ↓[6000, 18002] ↓[5000, 24843] ↓[5000, 22500] ↓[5000, 21679] ↓[5000, 21498] ↓[5000, 20924] ↓[5000, 20858] ↓[5000, 20611] ↓[5000, 20037] ↓[5000, 19468] ↓[5000, 19463] ↓[5000, 18894] ↓[5000, 18889]
  Stage 2: mono=5  conc=27  optimal=False
  R_1=0.8667  worst_trip=(l5,l10,tr2,k1)
  Dispatch: s1=17099  s2=15939  saving=1160

  [layered_large_seed1 w=350 proxy=exposure] Solving Stage 1 (limit=300s)...
  [S1 w=350 round 1] budget=299s best=None ↓46710 ↓46127 ↓46074 ↓45968 ↓45915 ↓45567 ↓42435 ↓42087 ↓41239 ↓40347 ↓40057 ↓39767 ↓39187 ↓38897 ↓38607 ↓37759 ↓31717 ↓30869
Stage 1: cost=30869  dominant=24  exposure=8  optimal=False
  R_TR=0.4667  worst_arc=(l2,l4,tr2)

  [layered_large_seed1 w=350 s2=off_off] Solving Stage 2 (limit=300s)... ↓[]
  Stage 2: mono=45  conc=27  optimal=False
  R_1=0.8  worst_trip=(l2,l4,tr2,k15)
  Dispatch: s1=28069  s2=25907  saving=2162

  [layered_large_seed1 w=350 s2=both] Solving Stage 2 (limit=300s)... ↓[45000, 19258] ↓[40000, 11399] ↓[39000, 11399] ↓[38000, 11399] ↓[37000, 11399] ↓[36000, 11399] ↓[35000, 12286] ↓[35000, 12220] ↓[35000, 11651] ↓[35000, 11399] ↓[34000, 14563] ↓[34000, 13359] ↓[34000, 12472] ↓[34000, 11651] ↓[33000, 13676] ↓[33000, 12789] ↓[33000, 12220] ↓[33000, 11651] ↓[32000, 13676] ↓[32000, 12538] ↓[31000, 12538] ↓[30000, 12538] ↓[29000, 13112] ↓[29000, 12538] ↓[28000, 13425] ↓[28000, 13112] ↓[28000, 12538] ↓[27000, 13112] ↓[27000, 12538] ↓[27000, 11969] ↓[27000, 11717] ↓[27000, 11656] ↓[27000, 11082] ↓[26000, 12538] ↓[26000, 11651] ↓[26000, 11082] ↓[25000, 11651] ↓[25000, 11082] ↓[24000, 12543] ↓[24000, 11656] ↓[24000, 11082] ↓[23000, 11082] ↓[22000, 11082] ↓[21000, 11082] ↓[20000, 11969] ↓[20000, 11082] ↓[19000, 11656] ↓[18000, 11656] ↓[17000, 11656] ↓[16000, 11656] ↓[15000, 11656] ↓[14000, 11656] ↓[13000, 11656] ↓[12000, 11656] ↓[11000, 11656] ↓[10000, 11656] ↓[9000, 11656] ↓[8000, 11656] ↓[7000, 11656] ↓[6000, 11656] ↓[5000, 11656] ↓[4000, 11656] ↓[3000, 11656] ↓[2000, 11656] ↓[2000, 10835] ↓[2000, 10830] ↓[2000, 10261] ↓[1000, 11722] ↓[1000, 10835] ↓[1000, 10261] ↓[1000, 10014] ↓[1000, 9440] ↓[1000, 9435] ↓[1000, 8866] ↓[1000, 8619] ↓[1000, 8614] ↓[0, 10014] ↓[0, 9440] ↓[0, 8871] ↓[0, 8866] ↓[0, 8619] ↓[0, 8045] ↓[0, 7476] ↓[0, 6655] ↓[0, 6408] ↓[0, 6403]
  Stage 2: mono=0  conc=9  optimal=False
  R_1=0.8667  worst_trip=(l2,l4,tr2,k15)
  Dispatch: s1=28069  s2=22380  saving=5689

  [layered_large_seed1 w=400 proxy=exposure] Solving Stage 1 (limit=300s)...
  [S1 w=400 round 1] budget=299s best=None ↓47110 ↓46527 ↓46474 ↓46368 ↓46315 ↓45967 ↓42835 ↓42487 ↓41639 ↓40747 ↓40457 ↓40167 ↓39587 ↓39297 ↓39007 ↓38159 ↓32117 ↓31269
Stage 1: cost=31269  dominant=24  exposure=8  optimal=False
  R_TR=0.4667  worst_arc=(l2,l4,tr2)

  [layered_large_seed1 w=400 s2=off_off] Solving Stage 2 (limit=300s)... ↓[]
  Stage 2: mono=45  conc=27  optimal=False
  R_1=0.8  worst_trip=(l2,l4,tr2,k15)
  Dispatch: s1=28069  s2=25907  saving=2162

  [layered_large_seed1 w=400 s2=both] Solving Stage 2 (limit=300s)... ↓[45000, 19258] ↓[40000, 11399] ↓[39000, 11399] ↓[38000, 11399] ↓[37000, 11399] ↓[36000, 11399] ↓[35000, 12286] ↓[35000, 12220] ↓[35000, 11651] ↓[35000, 11399] ↓[34000, 14563] ↓[34000, 13359] ↓[34000, 12472] ↓[34000, 11651] ↓[33000, 13676] ↓[33000, 12789] ↓[33000, 12220] ↓[33000, 11651] ↓[32000, 13676] ↓[32000, 12538] ↓[31000, 12538] ↓[30000, 12538] ↓[29000, 13112] ↓[29000, 12538] ↓[28000, 13425] ↓[28000, 13112] ↓[28000, 12538] ↓[27000, 13112] ↓[27000, 12538] ↓[27000, 11969] ↓[27000, 11717] ↓[27000, 11656] ↓[27000, 11082] ↓[26000, 12538] ↓[26000, 11651] ↓[26000, 11082] ↓[25000, 11651] ↓[25000, 11082] ↓[24000, 12543] ↓[24000, 11656] ↓[24000, 11082] ↓[23000, 11082] ↓[22000, 11082] ↓[21000, 11082] ↓[20000, 11969] ↓[20000, 11082] ↓[19000, 11656] ↓[18000, 11656] ↓[17000, 11656] ↓[16000, 11656] ↓[15000, 11656] ↓[14000, 11656] ↓[13000, 11656] ↓[12000, 11656] ↓[11000, 11656] ↓[10000, 11656] ↓[9000, 11656] ↓[8000, 11656] ↓[7000, 11656] ↓[6000, 11656] ↓[5000, 11656] ↓[4000, 11656] ↓[3000, 11656] ↓[2000, 11656] ↓[2000, 10835] ↓[2000, 10830] ↓[2000, 10261] ↓[1000, 11722] ↓[1000, 10835] ↓[1000, 10261] ↓[1000, 10014] ↓[1000, 9440] ↓[1000, 9435] ↓[1000, 8866] ↓[1000, 8619] ↓[1000, 8614] ↓[0, 10014] ↓[0, 9440] ↓[0, 8871] ↓[0, 8866] ↓[0, 8619] ↓[0, 8045] ↓[0, 7476] ↓[0, 6655] ↓[0, 6408] ↓[0, 6403]
  Stage 2: mono=0  conc=9  optimal=False
  R_1=0.8667  worst_trip=(l2,l4,tr2,k15)
  Dispatch: s1=28069  s2=22380  saving=5689

  [layered_large_seed1 w=450 proxy=exposure] Solving Stage 1 (limit=300s)...
  [S1 w=450 round 1] budget=299s best=None ↓47510 ↓46927 ↓46874 ↓46768 ↓46715 ↓46367 ↓43235 ↓42887 ↓42039 ↓41147 ↓40857 ↓40567 ↓39987 ↓39697 ↓39407 ↓38559 ↓32517 ↓31669 ↓31643 ↓31628 ↓31622 ↓31617 ↓31564 ↓31473 ↓31357 ↓31183 ↓31125 ↓31019 ↓31014 ↓31009 ↓30961 ↓30956 ↓30903 ↓30893 ↓30835 ↓30787 ↓30729 ↓30684 ↓30429 ↓30371 ↓30336 ↓30283 ↓30139 ↓30109 ↓30068 ↓30064 ↓30006 ↓29974 ↓29444 ↓29391 ↓29338 ↓29285 ↓29232 ↓28755 ↓28649 ↓28553 ↓28528 ↓28490 ↓28369 ↓28334 ↓28069 ↓28066 ↓28051 ↓27738 ↓27728 ↓27675 ↓27622 ↓27589 ↓27516 ↓27039 ↓26986 ↓26933 ↓26827 ↓26774 ↓26721 ↓26668 ↓26615 ↓26350 ↓26297 ↓25820 ↓25767 ↓25623 ↓25580 ↓25530 ↓25414 ↓25212 ↓25096 ↓24864 ↓24811 ↓24655 ↓24637 ↓24425 ↓24383 ↓24330 ↓24277 ↓24224 ↓24118 ↓24002 ↓23770 ↓23680 ↓23654 ↓23548 ↓23432 ↓23316 ↓23157 ↓23104 ↓22998 ↓22945 ↓22892 ↓22839 ↓22741 ↓22680 ↓22630 ↓22577 ↓22471 ↓22355 ↓22312 ↓22302 ↓22186 ↓22181 ↓22166 ↓22162 ↓22109 ↓21999 ↓21784 ↓21693 ↓21652 ↓21561 ↓21334 ↓21243 ↓21147 ↓21003 ↓20925 ↓20910 ↓20844 ↓20766 ↓20733 ↓20681 ↓20671 ↓20565 ↓20391 ↓20217 ↓20164 ↓20131 ↓20058 ↓20005 ↓19972 ↓19971 ↓19950 ↓19897 ↓19864 ↓19806 ↓19753 ↓19687 ↓19654 ↓19488 ↓19404 ↓19384 ↓19349 ↓19303 ↓19071 ↓18839 ↓18574
Stage 1: cost=18574  dominant=49  exposure=3  optimal=False
  R_TR=0.6333  worst_arc=(l1,l7,tr1)

  [layered_large_seed1 w=450 s2=off_off] Solving Stage 2 (limit=300s)... ↓[]
  Stage 2: mono=16  conc=46  optimal=False
  R_1=0.8667  worst_trip=(l2,l6,tr2,k5)
  Dispatch: s1=17224  s2=17224  saving=0

  [layered_large_seed1 w=450 s2=both] Solving Stage 2 (limit=300s)... ↓[13000, 31980] ↓[12000, 30912] ↓[11000, 30912] ↓[10000, 31481] ↓[10000, 30338] ↓[9000, 30907] ↓[9000, 30086] ↓[9000, 29200] ↓[9000, 28626] ↓[9000, 28379] ↓[9000, 27805] ↓[8000, 29769] ↓[8000, 29764] ↓[8000, 29195] ↓[8000, 28943] ↓[8000, 28374] ↓[8000, 27619] ↓[8000, 27553] ↓[8000, 27301] ↓[8000, 26732] ↓[8000, 26727] ↓[8000, 26722] ↓[8000, 26153] ↓[7000, 29009] ↓[7000, 28943] ↓[7000, 28696] ↓[7000, 28691] ↓[7000, 28122] ↓[7000, 27875] ↓[7000, 27870] ↓[7000, 27301]
  Stage 2: mono=7  conc=38  optimal=False
  R_1=0.9  worst_trip=(l1,l7,tr1,k4)
  Dispatch: s1=17224  s2=16891  saving=333

  [layered_large_seed1 w=500 proxy=exposure] Solving Stage 1 (limit=300s)...
  [S1 w=500 round 1] budget=299s best=None ↓47910 ↓47327 ↓47274 ↓47168 ↓47115 ↓46767 ↓43635 ↓43287 ↓42439 ↓41547 ↓41257 ↓40967 ↓40387 ↓40097 ↓39807 ↓38959 ↓32917 ↓32069 ↓32047 ↓31989 ↓31931 ↓31926 ↓31883 ↓31825 ↓31767 ↓31565 ↓31512 ↓31406 ↓31401 ↓31300 ↓31242 ↓31237 ↓31189 ↓31184 ↓31139 ↓31063 ↓31010 ↓30965 ↓30806 ↓30803 ↓30753 ↓30705 ↓30546 ↓30511 ↓30463 ↓30420 ↓30362 ↓30357 ↓30309 ↓30155 ↓30102 ↓30097 ↓30087 ↓30044 ↓30024 ↓29988 ↓29969 ↓29954 ↓29926 ↓29901 ↓29886 ↓29755 ↓29748 ↓29649 ↓29632 ↓29619 ↓29387 ↓29155 ↓29104 ↓28798 ↓28745 ↓28571 ↓28528 ↓28210 ↓27733 ↓27256 ↓26991 ↓26938 ↓26875 ↓26867 ↓26751 ↓26746 ↓26698 ↓26685 ↓26453 ↓26357 ↓26347 ↓26294 ↓26241 ↓26198 ↓26178 ↓26120 ↓26115 ↓26062 ↓26019 ↓26009 ↓25956 ↓25903 ↓25894 ↓25720 ↓25372 ↓25198 ↓25024 ↓24850 ↓24676 ↓24623 ↓24565 ↓24449 ↓24131 ↓23972 ↓23856 ↓23624 ↓23604 ↓23561 ↓23445 ↓23422 ↓23369 ↓23316 ↓23263 ↓23051 ↓23031 ↓23021 ↓22968 ↓22736 ↓22683 ↓22577 ↓22524 ↓21828 ↓21654 ↓21480 ↓21460 ↓21407 ↓21351 ↓21331 ↓21301 ↓21293 ↓21261 ↓21193 ↓21150 ↓21079 ↓20731 ↓20557 ↓20441 ↓20291 ↓20238 ↓19973 ↓19920 ↓19761 ↓19733 ↓19665 ↓19612 ↓19438 ↓19264 ↓19090
Stage 1: cost=19090  dominant=50  exposure=3  optimal=False
  R_TR=0.6333  worst_arc=(l1,l7,tr2)

  [layered_large_seed1 w=500 s2=off_off] Solving Stage 2 (limit=300s)... ↓[]
  Stage 2: mono=25  conc=36  optimal=False
  R_1=0.8667  worst_trip=(l2,l7,tr2,k3)
  Dispatch: s1=17590  s2=17590  saving=0

  [layered_large_seed1 w=500 s2=both] Solving Stage 2 (limit=300s)... ↓[24000, 22354] ↓[23000, 23241] ↓[22000, 23815] ↓[22000, 23241] ↓[21000, 23815] ↓[20000, 24702] ↓[15000, 22415] ↓[15000, 21846] ↓[15000, 21594] ↓[15000, 21347] ↓[13000, 23558] ↓[13000, 22989] ↓[13000, 22737] ↓[13000, 22168] ↓[12000, 23558] ↓[12000, 22989] ↓[12000, 22984] ↓[12000, 22415] ↓[12000, 22168] ↓[12000, 22163] ↓[11000, 22732] ↓[11000, 22480] ↓[11000, 21911] ↓[10000, 24369] ↓[10000, 24118] ↓[10000, 23800] ↓[10000, 23231] ↓[10000, 22984] ↓[10000, 22732] ↓[10000, 22163] ↓[10000, 21911] ↓[10000, 21342] ↓[10000, 21277] ↓[10000, 21030] ↓[10000, 20456] ↓[10000, 20209] ↓[9000, 22984] ↓[9000, 20702] ↓[9000, 20133] ↓[9000, 19891] ↓[8000, 23417] ↓[8000, 23236] ↓[8000, 22662] ↓[8000, 21775] ↓[8000, 21528] ↓[8000, 20954] ↓[8000, 20707] ↓[8000, 20702] ↓[8000, 20133] ↓[8000, 19886] ↓[7000, 25195] ↓[7000, 24878] ↓[7000, 24626] ↓[7000, 24057] ↓[7000, 23805] ↓[7000, 23236] ↓[7000, 22984] ↓[7000, 22415] ↓[7000, 22410] ↓[7000, 21841] ↓[7000, 21594] ↓[7000, 21020] ↓[7000, 20773]
  Stage 2: mono=7  conc=29  optimal=False
  R_1=0.9  worst_trip=(l1,l6,tr2,k2)
  Dispatch: s1=17590  s2=16225  saving=1365

══════════════════════════════════════════════════════════════════════
  Instance: layered_large_seed2 (custom, seed=0)
══════════════════════════════════════════════════════════════════════
  Parsed: 4 parts, 66 routes

  [layered_large_seed2 w=0 proxy=exposure] Solving Stage 1 (limit=300s)...
  [S1 w=0 round 1] budget=299s best=None ↓49600 ↓48760 ↓48480 ↓47920 ↓46520 ↓46240 ↓46016 ↓45792 ↓45456 ↓45400 ↓45232 ↓44560 ↓44112 ↓44104 ↓44048 ↓43924 ↓43880 ↓43772 ↓43544 ↓43376 ↓43360 ↓43304 ↓43300 ↓43224 ↓42616 ↓42504 ↓42336 ↓42200 ↓42032 ↓41136 ↓40940 ↓40408 ↓40212 ↓40044 ↓40040 ↓39984 ↓39928 ↓39924 ↓39896 ↓39860 ↓39820 ↓39804 ↓39636 ↓39580 ↓39524 ↓39468 ↓39412 ↓39356 ↓39300 ↓39244 ↓39132 ↓39076 ↓39020 ↓38908 ↓38572 ↓38548 ↓38044 ↓37596 ↓37544 ↓37536 ↓37384 ↓37328 ↓37216 ↓37160 ↓37104 ↓37048 ↓36936 ↓36824 ↓35592 ↓35144 ↓34976 ↓34696 ↓34640 ↓34288 ↓34032 ↓33756 ↓33752 ↓33720 ↓33696 ↓33640 ↓33584 ↓33528 ↓33416 ↓33360 ↓32752 ↓32704 ↓32624 ↓32568 ↓32536 ↓32484 ↓32408 ↓31876 ↓31420 ↓31372 ↓31340 ↓31316 ↓31204 ↓31148 ↓30924 ↓30588 ↓30252 ↓30100 ↓30044 ↓29932 ↓29856 ↓29628 ↓29548 ↓29320 ↓29096 ↓28872 ↓28564 ↓28032 ↓27808 ↓27696 ↓27520 ↓27408 ↓27296 ↓26960 ↓26940 ↓26772 ↓26604 ↓26436 ↓26100 ↓25772 ↓25716 ↓25548 ↓25244 ↓24940 ↓24332 ↓24232 ↓24080 ↓23952 ↓23772 ↓23720 ↓23616 ↓23560 ↓23504 ↓23448 ↓23416 ↓23408 ↓23180 ↓23028 ↓22892 ↓22860 ↓22632 ↓22464 ↓22184 ↓22072 ↓21960 ↓21932 ↓21924 ↓21868 ↓21860 ↓21784 ↓21556 ↓21420 ↓21196 ↓20860 ↓20804 ↓20532 ↓20364 ↓20308 ↓20252 ↓20196 ↓20140 ↓20084 ↓20028 ↓19804 ↓19748 ↓19564 ↓19456 ↓19416 ↓19360 ↓19304 ↓19228 ↓19076 ↓18920 ↓18776 ↓18716 ↓18684 ↓18572 ↓18460 ↓18428 ↓18156 ↓18140 ↓18096 ↓17928 ↓17884 ↓17840 ↓17672 ↓17632 ↓17520 ↓17184 ↓17140 ↓17064 ↓17048 ↓17032 ↓16880 ↓16848 ↓16560 ↓16416 ↓16392 ↓16336 ↓16184 ↓16032 ↓15864 ↓15752 ↓15748 ↓15712 ↓15656 ↓15600 ↓15264 ↓15152 ↓15040 ↓14816 ↓14784 ↓14672 ↓14652
Stage 1: cost=14652  dominant=49  exposure=1  optimal=False
  R_TR=0.6  worst_arc=(l2,l5,tr2)

  [layered_large_seed2 w=0 s2=off_off] Solving Stage 2 (limit=300s)... ↓[]
  Stage 2: mono=30  conc=51  optimal=False
  R_1=0.7667  worst_trip=(l1,l7,tr1,k3)
  Dispatch: s1=14652  s2=13828  saving=824

  [layered_large_seed2 w=0 s2=both] Solving Stage 2 (limit=300s)... ↓[25000, 33773] ↓[24000, 34025] ↓[23000, 34025] ↓[22000, 34570] ↓[20000, 31402] ↓[19000, 31402] ↓[14000, 25657] ↓[13000, 29057] ↓[13000, 28512] ↓[13000, 28051] ↓[13000, 27506] ↓[13000, 27346] ↓[13000, 27323] ↓[12000, 29001] ↓[12000, 27720] ↓[11000, 29001] ↓[11000, 27720] ↓[10000, 29001] ↓[10000, 25135] ↓[10000, 24613] ↓[10000, 24575] ↓[10000, 24091] ↓[9000, 27929] ↓[9000, 27412] ↓[9000, 26867] ↓[9000, 26383] ↓[9000, 26108] ↓[9000, 26070] ↓[9000, 25586] ↓[8000, 27076] ↓[8000, 25563] ↓[8000, 25041] ↓[8000, 24590] ↓[8000, 24068] ↓[8000, 23001] ↓[8000, 22517] ↓[8000, 22479] ↓[8000, 21995] ↓[8000, 21934] ↓[8000, 21450] ↓[7000, 26961] ↓[7000, 25173] ↓[7000, 25097] ↓[7000, 24613] ↓[7000, 24129] ↓[7000, 24091] ↓[7000, 23584] ↓[7000, 23546] ↓[7000, 22711] ↓[7000, 22688] ↓[7000, 22650] ↓[7000, 22166] ↓[6000, 24514] ↓[6000, 24007] ↓[6000, 23485] ↓[6000, 23447] ↓[6000, 22963] ↓[6000, 22772] ↓[6000, 22749] ↓[6000, 22227] ↓[5000, 24201] ↓[5000, 24140] ↓[5000, 23656] ↓[5000, 23172] ↓[5000, 22650] ↓[5000, 22166] ↓[4000, 25059] ↓[4000, 25036] ↓[4000, 24514] ↓[4000, 23969] ↓[4000, 23447] ↓[4000, 22963] ↓[4000, 22479] ↓[3000, 27654] ↓[3000, 27109] ↓[3000, 26984] ↓[3000, 26946] ↓[3000, 26462] ↓[3000, 26401] ↓[3000, 25917] ↓[3000, 25520] ↓[3000, 25482] ↓[3000, 24998] ↓[3000, 24476] ↓[3000, 23992] ↓[3000, 23508] ↓[3000, 23447] ↓[2000, 28265] ↓[2000, 28204] ↓[2000, 27682] ↓[2000, 27621] ↓[2000, 26610] ↓[2000, 26126] ↓[2000, 26088] ↓[2000, 25604] ↓[2000, 25566] ↓[2000, 25082] ↓[2000, 25059] ↓[2000, 24537] ↓[2000, 24476] ↓[2000, 24244] ↓[2000, 23760] ↓[1000, 26885] ↓[1000, 26801] ↓[1000, 26340] ↓[1000, 26317] ↓[1000, 25833] ↓[1000, 25795] ↓[1000, 25311] ↓[1000, 25273] ↓[1000, 24789] ↓[1000, 24305] ↓[1000, 24244] ↓[0, 29172] ↓[0, 28650] ↓[0, 28204] ↓[0, 28166] ↓[0, 27682] ↓[0, 27659] ↓[0, 27621] ↓[0, 27137] ↓[0, 27099] ↓[0, 26615] ↓[0, 26592] ↓[0, 26554] ↓[0, 26070] ↓[0, 25586] ↓[0, 25525]
  Stage 2: mono=0  conc=42  optimal=False
  R_1=0.8  worst_trip=(l1,l7,tr1,k3)
  Dispatch: s1=14652  s2=13940  saving=712

  [layered_large_seed2 w=50 proxy=exposure] Solving Stage 1 (limit=300s)...
  [S1 w=50 round 1] budget=299s best=None ↓49950 ↓49110 ↓48830 ↓48270 ↓46870 ↓46590 ↓46366 ↓46142 ↓45806 ↓45750 ↓45582 ↓44910 ↓44462 ↓44436 ↓44324 ↓44316 ↓44260 ↓44124 ↓44036 ↓43956 ↓43732 ↓43676 ↓43452 ↓43340 ↓43328 ↓43280 ↓43272 ↓43048 ↓42936 ↓42880 ↓42824 ↓42768 ↓42716 ↓42548 ↓42388 ↓42332 ↓42314 ↓42258 ↓42190 ↓42162 ↓41658 ↓41602 ↓41592 ↓41536 ↓41004 ↓40780 ↓40724 ↓40668 ↓40500 ↓40444 ↓40332 ↓40220 ↓40132 ↓40008 ↓39908 ↓39896 ↓39840 ↓39784 ↓39766 ↓39720 ↓39682 ↓39666 ↓39498 ↓39346 ↓39220 ↓39170 ↓39162 ↓39118 ↓39104 ↓39058 ↓38610 ↓38554 ↓38498 ↓38490 ↓38322 ↓38258 ↓38090 ↓37922 ↓37418 ↓37416 ↓37336 ↓37292 ↓37180 ↓36956 ↓36844 ↓36620 ↓36396 ↓36284 ↓36172 ↓35668 ↓35596 ↓35556 ↓35372 ↓35260 ↓35220 ↓35108 ↓35080 ↓35062 ↓35050 ↓35000 ↓34894 ↓34890 ↓34838 ↓34726 ↓34686 ↓34306 ↓34194 ↓34154 ↓34078 ↓33966 ↓33906 ↓33738 ↓33434 ↓33394 ↓33338 ↓33276 ↓33256 ↓33196 ↓33156 ↓33120 ↓33008 ↓32896 ↓32784 ↓32480 ↓32368 ↓32320 ↓31984 ↓31880 ↓31768 ↓31756 ↓31650 ↓31594 ↓31538 ↓31482 ↓31456 ↓31412 ↓31404 ↓31292 ↓31172 ↓30944 ↓30892 ↓30864 ↓30808 ↓30560 ↓30490 ↓30458 ↓30446 ↓30416 ↓30384 ↓30328 ↓30152 ↓29984 ↓29872 ↓29368 ↓29200 ↓29032 ↓28976 ↓28920 ↓28616 ↓28084 ↓27924 ↓27780 ↓27524 ↓27412 ↓27300 ↓27244 ↓27132 ↓27072 ↓27056 ↓26944 ↓26888 ↓26776 ↓26720 ↓26552 ↓26424 ↓26120 ↓26088 ↓25976 ↓25672 ↓25560 ↓25504 ↓25336 ↓25280 ↓25112 ↓25000 ↓24664 ↓24656 ↓24600 ↓24384 ↓24328 ↓24272 ↓24204 ↓24160 ↓23944 ↓23876 ↓23724 ↓23500 ↓23388 ↓23276 ↓23052 ↓23024 ↓22968 ↓22856 ↓22520 ↓22492 ↓22268 ↓22264 ↓22212 ↓22182 ↓21650 ↓21594 ↓21518 ↓21426 ↓21376 ↓21370 ↓21258 ↓21134 ↓21078 ↓20966 ↓20950 ↓20866 ↓20810 ↓20642 ↓20582 ↓20558 ↓20262 ↓20174 ↓20022 ↓19966 ↓19494 ↓19342 ↓19118 ↓19102 ↓18950 ↓18894 ↓18726 ↓18670 ↓18636 ↓18412 ↓18188 ↓18138 ↓18088 ↓18032 ↓18014 ↓18002 ↓17946 ↓17930 ↓17910 ↓17758 ↓17702 ↓17646 ↓17506 ↓17470 ↓17450 ↓17302 ↓17254 ↓17102 ↓16950 ↓16726 ↓16502 ↓16334 ↓16230 ↓16078 ↓15926 ↓15550 ↓15546 ↓15490 ↓15454 ↓15414 ↓15412 ↓15396
Stage 1: cost=15396  dominant=51  exposure=2  optimal=False
  R_TR=0.6  worst_arc=(l2,l5,tr2)

  [layered_large_seed2 w=50 s2=off_off] Solving Stage 2 (limit=300s)... ↓[]
  Stage 2: mono=18  conc=52  optimal=False
  R_1=0.8  worst_trip=(l2,l5,tr2,k11)
  Dispatch: s1=15296  s2=15072  saving=224

  [layered_large_seed2 w=50 s2=both] Solving Stage 2 (limit=300s)... ↓[18000, 32609] ↓[18000, 31812] ↓[17000, 32609] ↓[17000, 31812] ↓[17000, 31015] ↓[16000, 31812] ↓[16000, 31290] ↓[16000, 31015] ↓[16000, 30493] ↓[16000, 30470] ↓[16000, 29948] ↓[15000, 30470] ↓[15000, 29948] ↓[15000, 29673] ↓[15000, 29151] ↓[15000, 28876] ↓[15000, 28354] ↓[14000, 31015] ↓[14000, 30493] ↓[14000, 30218] ↓[14000, 29696] ↓[14000, 29421] ↓[14000, 28899] ↓[14000, 28377] ↓[14000, 24496] ↓[14000, 23699] ↓[14000, 23177] ↓[14000, 22655] ↓[14000, 21858] ↓[13000, 23452] ↓[13000, 22655] ↓[13000, 22632] ↓[12000, 24249] ↓[12000, 23452] ↓[12000, 23429] ↓[12000, 22632] ↓[12000, 22357] ↓[11000, 24771] ↓[10000, 23719] ↓[9000, 23719] ↓[8000, 23719] ↓[8000, 23174] ↓[8000, 22922] ↓[8000, 22377] ↓[7000, 23719] ↓[7000, 23197] ↓[7000, 22922] ↓[7000, 22400] ↓[7000, 22125] ↓[7000, 21855] ↓[6000, 22652] ↓[6000, 21916] ↓[6000, 21371] ↓[6000, 21119] ↓[6000, 20867] ↓[6000, 20844] ↓[6000, 20821] ↓[6000, 20299] ↓[5000, 22163] ↓[5000, 21911] ↓[5000, 21366] ↓[5000, 20844] ↓[5000, 20574] ↓[4000, 21916] ↓[4000, 21911] ↓[4000, 21873] ↓[4000, 21389] ↓[4000, 20867] ↓[4000, 20070] ↓[4000, 20024] ↓[4000, 19502] ↓[3000, 21911] ↓[3000, 21664] ↓[3000, 21371] ↓[3000, 21058] ↓[3000, 20574] ↓[3000, 20513] ↓[3000, 20029] ↓[2000, 21855] ↓[2000, 21641] ↓[2000, 21096] ↓[2000, 20574] ↓[2000, 20322] ↓[1000, 22461] ↓[1000, 22334] ↓[1000, 21893] ↓[1000, 21641] ↓[1000, 21580] ↓[1000, 21328] ↓[1000, 21119] ↓[1000, 21058] ↓[1000, 20806]
  Stage 2: mono=1  conc=34  optimal=False
  R_1=0.8667  worst_trip=(l1,l7,tr1,k1)
  Dispatch: s1=15296  s2=14432  saving=864

  [layered_large_seed2 w=100 proxy=exposure] Solving Stage 1 (limit=300s)...
  [S1 w=100 round 1] budget=299s best=None ↓50300 ↓49460 ↓49180 ↓48620 ↓47220 ↓46940 ↓46716 ↓46492 ↓46156 ↓46100 ↓45932 ↓45260 ↓44812 ↓44808 ↓44788 ↓44660 ↓44616 ↓44560 ↓44528 ↓44404 ↓43744 ↓43644 ↓43492 ↓43436 ↓42496 ↓42160 ↓42132 ↓41964 ↓41924 ↓41852 ↓41728 ↓41628 ↓41588 ↓41476 ↓41420 ↓41364 ↓41212 ↓41172 ↓40640 ↓40564 ↓40412 ↓40108 ↓39884 ↓39668 ↓39524 ↓39300 ↓39188 ↓39132 ↓38732 ↓38676 ↓38620 ↓38228 ↓38164 ↓38084 ↓37476 ↓36868 ↓36756 ↓36656 ↓36620 ↓36500 ↓36420 ↓36408 ↓36352 ↓36252 ↓36084 ↓36016 ↓35916 ↓35860 ↓35748 ↓35720 ↓35568 ↓35400 ↓35344 ↓35300 ↓35244 ↓35132 ↓35020 ↓34964 ↓34932 ↓34740 ↓34728 ↓34628 ↓34612 ↓34572 ↓34324 ↓34268 ↓34156 ↓34040 ↓34000 ↓33988 ↓33980 ↓33944 ↓33740 ↓33672 ↓33660 ↓33592 ↓33584 ↓33400 ↓33364 ↓33312 ↓32704 ↓32656 ↓32604 ↓32444 ↓32400 ↓32380 ↓32256 ↓32096 ↓32040 ↓31872 ↓31696 ↓31480 ↓31472 ↓31416 ↓31360 ↓31352 ↓31312 ↓30856 ↓30824 ↓30744 ↓30640 ↓30632 ↓30528 ↓30360 ↓30324 ↓30184 ↓30072 ↓29960 ↓29792 ↓29712 ↓29544 ↓29424 ↓29312 ↓29200 ↓29088 ↓29080 ↓28968 ↓28964 ↓28508 ↓27900 ↓27368 ↓27308 ↓27144 ↓27140 ↓27004 ↓26916 ↓26756 ↓26612 ↓26452 ↓26156 ↓26076 ↓26004 ↓25932 ↓25780 ↓25476 ↓25324 ↓24932 ↓24540 ↓24484 ↓24428 ↓24328 ↓24180 ↓24132 ↓24032 ↓23976 ↓23876 ↓23860 ↓23808 ↓23784 ↓23672 ↓23504 ↓23336 ↓23280 ↓23228 ↓23200 ↓23048 ↓23040 ↓22928 ↓22872 ↓22840 ↓22784 ↓22756 ↓22708 ↓22544 ↓22292 ↓22176 ↓22152 ↓21956 ↓21900 ↓21844 ↓21752 ↓21748 ↓21692 ↓21636 ↓21412 ↓21188 ↓20964 ↓20784 ↓20616 ↓20600 ↓20476 ↓20460 ↓20236 ↓20180 ↓20012 ↓19956 ↓19732 ↓19620 ↓19392 ↓19388 ↓19332 ↓19292 ↓19236 ↓19196 ↓19084 ↓18940 ↓18920 ↓18872 ↓18772 ↓18668 ↓18648 ↓18556 ↓18548 ↓18324 ↓18316 ↓18244 ↓18172 ↓18020 ↓17684 ↓17448 ↓17360 ↓17288
Stage 1: cost=17288  dominant=60  exposure=5  optimal=False
  R_TR=0.6  worst_arc=(l1,l4,tr2)

  [layered_large_seed2 w=100 s2=off_off] Solving Stage 2 (limit=300s)... ↓[]
  Stage 2: mono=21  conc=45  optimal=False
  R_1=0.8  worst_trip=(l2,l6,tr1,k1)
  Dispatch: s1=16788  s2=16004  saving=784

  [layered_large_seed2 w=100 s2=both] Solving Stage 2 (limit=300s)... ↓[21000, 26732] ↓[20000, 26732] ↓[20000, 26187] ↓[19000, 26732] ↓[19000, 26187] ↓[18000, 27254] ↓[18000, 26709] ↓[18000, 26457] ↓[18000, 25912] ↓[17000, 27506] ↓[17000, 26961] ↓[17000, 26709] ↓[17000, 21906] ↓[17000, 21422] ↓[17000, 20900] ↓[16000, 21967] ↓[16000, 21445] ↓[16000, 20900] ↓[16000, 20587] ↓[16000, 20065] ↓[15000, 23019] ↓[15000, 22749] ↓[15000, 22204] ↓[15000, 21952] ↓[15000, 21929] ↓[15000, 21407] ↓[15000, 21384] ↓[15000, 20862] ↓[15000, 20610] ↓[15000, 20587] ↓[15000, 20065] ↓[14000, 23019] ↓[14000, 22474] ↓[14000, 21929] ↓[14000, 21407] ↓[14000, 21384] ↓[14000, 20862] ↓[13000, 22222] ↓[13000, 21677] ↓[13000, 21155] ↓[13000, 21132] ↓[13000, 20610] ↓[13000, 20587] ↓[13000, 20065] ↓[12000, 23019] ↓[12000, 22474] ↓[12000, 21952] ↓[12000, 21929] ↓[12000, 21407] ↓[12000, 21384] ↓[12000, 20862] ↓[12000, 20671] ↓[12000, 20648] ↓[12000, 20126] ↓[12000, 20103] ↓[12000, 19581] ↓[11000, 21990] ↓[11000, 21445] ↓[11000, 20900] ↓[11000, 20378] ↓[10000, 23419] ↓[10000, 22897] ↓[10000, 22375] ↓[10000, 21967] ↓[10000, 21445] ↓[10000, 21407] ↓[10000, 20923] ↓[10000, 20648] ↓[10000, 20633] ↓[10000, 20610] ↓[10000, 20088] ↓[10000, 20065] ↓[10000, 19833] ↓[9000, 22204] ↓[9000, 21445] ↓[9000, 20961] ↓[9000, 20439] ↓[9000, 20401] ↓[9000, 19917] ↓[9000, 19894] ↓[9000, 19856] ↓[9000, 19372] ↓[9000, 19036] ↓[9000, 18552] ↓[8000, 23831] ↓[8000, 23286] ↓[8000, 22996] ↓[8000, 22451] ↓[8000, 21929] ↓[8000, 21407] ↓[8000, 20900] ↓[8000, 20862] ↓[8000, 20378] ↓[8000, 19894] ↓[8000, 19833] ↓[8000, 19349] ↓[7000, 23755] ↓[7000, 22958] ↓[7000, 22413] ↓[7000, 21891] ↓[7000, 21868] ↓[7000, 21384] ↓[7000, 21346] ↓[7000, 20862] ↓[7000, 20378] ↓[7000, 20355] ↓[7000, 20317] ↓[7000, 19833] ↓[7000, 19349] ↓[7000, 19097] ↓[7000, 19074] ↓[7000, 19036] ↓[7000, 18552] ↓[6000, 23152] ↓[6000, 22607] ↓[6000, 22085] ↓[6000, 20335] ↓[6000, 19851] ↓[6000, 19813] ↓[6000, 19329] ↓[6000, 19268] ↓[6000, 18784] ↓[5000, 21700] ↓[5000, 21369] ↓[5000, 20885] ↓[5000, 20587] ↓[5000, 20065] ↓[5000, 19581] ↓[5000, 19520] ↓[5000, 19036] ↓[5000, 18784] ↓[4000, 21929] ↓[4000, 21578] ↓[4000, 21094] ↓[4000, 20610] ↓[4000, 20126] ↓[4000, 20103] ↓[3000, 23248] ↓[3000, 23019] ↓[3000, 22474] ↓[3000, 21990] ↓[3000, 21929] ↓[3000, 21445] ↓[3000, 21384] ↓[3000, 20900] ↓[3000, 20862] ↓[3000, 20378] ↓[3000, 20126] ↓[2000, 23816] ↓[2000, 23778] ↓[2000, 23294] ↓[2000, 22810] ↓[2000, 22474] ↓[2000, 21929] ↓[2000, 21407] ↓[2000, 21175] ↓[2000, 20923]
  Stage 2: mono=2  conc=35  optimal=False
  R_1=0.8667  worst_trip=(l1,l10,tr2,k1)
  Dispatch: s1=16788  s2=15164  saving=1624

  [layered_large_seed2 w=150 proxy=exposure] Solving Stage 1 (limit=300s)...
  [S1 w=150 round 1] budget=299s best=None ↓50650 ↓49810 ↓49530 ↓48970 ↓47570 ↓47290 ↓47066 ↓46842 ↓46506 ↓46450 ↓46282 ↓45610 ↓45162 ↓45090 ↓44946 ↓44874 ↓44862 ↓44818 ↓44806 ↓44694 ↓44676 ↓44564 ↓44540 ↓44428 ↓44260 ↓43812 ↓43802 ↓43746 ↓43634 ↓43586 ↓43466 ↓43298 ↓43138 ↓42914 ↓42858 ↓42802 ↓42746 ↓42354 ↓41986 ↓41930 ↓41296 ↓41284 ↓41266 ↓41116 ↓41042 ↓40930 ↓40892 ↓40762 ↓40678 ↓40674 ↓40650 ↓40538 ↓40234 ↓39842 ↓39730 ↓39642 ↓39562 ↓39450 ↓39382 ↓39270 ↓39170 ↓39158 ↓39046 ↓38654 ↓38430 ↓38318 ↓38094 ↓37790 ↓37786 ↓37730 ↓37674 ↓37570 ↓36886 ↓36810 ↓36778 ↓36354 ↓35594 ↓35426 ↓35330 ↓35106 ↓34882 ↓34434 ↓34266 ↓34098 ↓33938 ↓33868 ↓33788 ↓33484 ↓33036 ↓32588 ↓32508 ↓32484 ↓32440 ↓32384 ↓32328 ↓31976 ↓31924 ↓31348 ↓31306 ↓31194 ↓31138 ↓30802 ↓30634 ↓30482 ↓30458 ↓30384 ↓30232 ↓29472 ↓29416 ↓29248 ↓29198 ↓29086 ↓29030 ↓28862 ↓28694 ↓28542 ↓28374 ↓28318 ↓28274 ↓28132 ↓28052 ↓27908 ↓27784 ↓27620 ↓27496 ↓27490 ↓27340 ↓27266 ↓27238 ↓27146 ↓27114 ↓27068 ↓26948 ↓26928 ↓26848 ↓26792 ↓26624 ↓26572 ↓26540 ↓26432 ↓26378 ↓25930 ↓25818 ↓25482 ↓25438 ↓25058 ↓24934 ↓24766 ↓24754 ↓24730 ↓24710 ↓24668 ↓24630 ↓24594 ↓24538 ↓24386 ↓24334 ↓24184 ↓24156 ↓24128 ↓24032 ↓24004 ↓23892 ↓23820 ↓23776 ↓23552 ↓23440 ↓23216 ↓23212 ↓23204 ↓23104 ↓22980 ↓22976 ↓22920 ↓22864 ↓22808 ↓22752 ↓22696 ↓22584 ↓22572 ↓22460 ↓22336 ↓22292 ↓22276 ↓22264 ↓22224 ↓22168 ↓22012 ↓21956 ↓21732 ↓21508 ↓21436 ↓21412 ↓21388 ↓21300 ↓21132 ↓20600 ↓20522 ↓20488 ↓20376 ↓20320 ↓20264 ↓20208 ↓20040 ↓19984 ↓19928 ↓19872 ↓19816 ↓19704 ↓19368 ↓19256 ↓19240 ↓19160 ↓19100 ↓19024 ↓18888 ↓18832 ↓18816 ↓18772 ↓18654 ↓18318 ↓18294 ↓18182 ↓18140 ↓18108 ↓18084 ↓17804 ↓17636 ↓17412 ↓17300 ↓16692 ↓16538 ↓16388 ↓15964 ↓15708 ↓15652 ↓15524 ↓15516
Stage 1: cost=15516  dominant=43  exposure=0  optimal=False
  R_TR=0.6667  worst_arc=(l1,l4,tr2)

  [layered_large_seed2 w=150 s2=off_off] Solving Stage 2 (limit=300s)... ↓[]
  Stage 2: mono=14  conc=64  optimal=False
  R_1=0.8333  worst_trip=(l2,l6,tr1,k4)
  Dispatch: s1=15516  s2=15348  saving=168

  [layered_large_seed2 w=150 s2=both] Solving Stage 2 (limit=300s)... ↓[14000, 38919] ↓[13000, 38122] ↓[13000, 37577] ↓[13000, 37055] ↓[12000, 39716] ↓[12000, 38122] ↓[12000, 37577] ↓[12000, 37055] ↓[12000, 37032] ↓[12000, 36510] ↓[12000, 35988] ↓[12000, 35713] ↓[12000, 35504] ↓[12000, 35229] ↓[11000, 39716] ↓[11000, 38122] ↓[11000, 37577] ↓[11000, 37055] ↓[11000, 36571] ↓[11000, 36533] ↓[11000, 36049] ↓[11000, 36026] ↓[11000, 35988] ↓[11000, 35504] ↓[11000, 35252] ↓[11000, 35229] ↓[10000, 40200] ↓[10000, 39678] ↓[10000, 39194] ↓[10000, 38606] ↓[10000, 38084] ↓[10000, 37600] ↓[10000, 37539] ↓[10000, 37055] ↓[10000, 37017] ↓[10000, 36533] ↓[10000, 36258] ↓[10000, 36220] ↓[10000, 35736] ↓[10000, 35713] ↓[9000, 40722] ↓[9000, 40200] ↓[9000, 39678] ↓[9000, 38606] ↓[9000, 38084] ↓[9000, 38061] ↓[9000, 37539] ↓[9000, 37017] ↓[9000, 36742] ↓[9000, 36220] ↓[9000, 36197] ↓[9000, 35736] ↓[9000, 35713] ↓[8000, 40745] ↓[8000, 40223] ↓[8000, 40200] ↓[8000, 39678] ↓[8000, 39365] ↓[8000, 38881] ↓[8000, 38820] ↓[8000, 38336] ↓[8000, 38023] ↓[8000, 37539] ↓[8000, 37287] ↓[8000, 37264] ↓[8000, 36742] ↓[8000, 36220] ↓[8000, 36197] ↓[8000, 35774] ↓[8000, 35736] ↓[7000, 39864] ↓[7000, 39342] ↓[7000, 38858] ↓[7000, 38374] ↓[7000, 38122] ↓[7000, 38061] ↓[7000, 37577] ↓[7000, 37539] ↓[7000, 37055] ↓[7000, 37017] ↓[7000, 36780] ↓[7000, 36742] ↓[7000, 36258] ↓[7000, 36220] ↓[7000, 36197] ↓[6000, 40386] ↓[6000, 39864] ↓[6000, 39380] ↓[6000, 38896] ↓[6000, 38644] ↓[6000, 38583] ↓[6000, 38099] ↓[6000, 37847] ↓[6000, 37786] ↓[6000, 37302] ↓[6000, 37264] ↓[6000, 36780] ↓[5000, 40908] ↓[5000, 40386] ↓[5000, 39864] ↓[5000, 39380] ↓[5000, 39128] ↓[5000, 39105] ↓[5000, 38583] ↓[5000, 38331] ↓[5000, 38308] ↓[5000, 37786] ↓[5000, 37264] ↓[5000, 37241] ↓[5000, 37012] ↓[5000, 36989] ↓[5000, 36467] ↓[5000, 35945] ↓[5000, 35922] ↓[5000, 35461] ↓[5000, 35438] ↓[5000, 35400] ↓[5000, 34916] ↓[5000, 34893] ↓[5000, 34641] ↓[5000, 34580] ↓[5000, 34096] ↓[5000, 34081] ↓[5000, 33597] ↓[5000, 33574] ↓[5000, 33559] ↓[5000, 33075] ↓[5000, 33052] ↓[5000, 32843] ↓[5000, 32805] ↓[5000, 32591] ↓[5000, 32553] ↓[5000, 32530] ↓[5000, 32069] ↓[5000, 32046] ↓[5000, 31771] ↓[5000, 31524] ↓[5000, 31249] ↓[5000, 30997] ↓[5000, 30959] ↓[5000, 30475] ↓[5000, 30452] ↓[5000, 30414] ↓[5000, 30391] ↓[4000, 39920] ↓[4000, 39398] ↓[4000, 39123] ↓[4000, 38601] ↓[4000, 38079] ↓[4000, 38056] ↓[4000, 37534] ↓[4000, 37511] ↓[4000, 36989] ↓[4000, 36505] ↓[4000, 36253] ↓[4000, 36230] ↓[4000, 36192] ↓[4000, 35708] ↓[4000, 35476] ↓[4000, 35163] ↓[4000, 34679] ↓[4000, 34618] ↓[4000, 34157] ↓[4000, 34096] ↓[4000, 33844] ↓[4000, 33360] ↓[4000, 33299] ↓[4000, 33047] ↓[4000, 33009] ↓[4000, 32525] ↓[4000, 32041] ↓[4000, 31980] ↓[4000, 31832] ↓[4000, 31771] ↓[4000, 31557] ↓[4000, 31496] ↓[4000, 31458] ↓[4000, 31035] ↓[4000, 30974] ↓[4000, 30936] ↓[4000, 30765] ↓[4000, 30490] ↓[4000, 30429] ↓[4000, 30391] ↓[4000, 30368] ↓[4000, 30220] ↓[4000, 29945] ↓[4000, 29907] ↓[4000, 29846] ↓[4000, 29736] ↓[4000, 29675] ↓[4000, 29423] ↓[4000, 29362] ↓[4000, 29186] ↓[4000, 29148] ↓[4000, 29087] ↓[4000, 28603] ↓[4000, 28565] ↓[4000, 28081] ↓[4000, 27872] ↓[4000, 27834] ↓[4000, 27811] ↓[4000, 27564] ↓[4000, 27312] ↓[4000, 27289] ↓[3000, 38624] ↓[3000, 37027] ↓[3000, 36505] ↓[3000, 36482] ↓[3000, 35960] ↓[3000, 35937] ↓[3000, 35415] ↓[3000, 34893] ↓[3000, 34641] ↓[3000, 34618] ↓[3000, 34096] ↓[3000, 34073] ↓[3000, 33574] ↓[3000, 33551] ↓[3000, 33052] ↓[3000, 33029] ↓[3000, 32530] ↓[3000, 32507] ↓[3000, 32084] ↓[3000, 32046] ↓[3000, 32023] ↓[3000, 31600] ↓[3000, 31562] ↓[3000, 31539] ↓[3000, 31501] ↓[3000, 31292] ↓[3000, 31017] ↓[3000, 30994] ↓[3000, 30533] ↓[3000, 30510] ↓[3000, 30472] ↓[3000, 30220] ↓[3000, 30197] ↓[3000, 30011] ↓[3000, 29759] ↓[2000, 38117] ↓[2000, 38094] ↓[2000, 37572] ↓[2000, 37050] ↓[2000, 37027] ↓[2000, 36505] ↓[2000, 36482] ↓[2000, 35960] ↓[2000, 35438] ↓[2000, 35415] ↓[2000, 34893] ↓[2000, 34371] ↓[2000, 33849] ↓[2000, 33635] ↓[2000, 33113] ↓[2000, 33090] ↓[2000, 32568] ↓[2000, 32084] ↓[2000, 32069] ↓[2000, 32046] ↓[2000, 31562] ↓[2000, 31353] ↓[2000, 31078] ↓[2000, 31017] ↓[2000, 30765] ↓[2000, 30742] ↓[1000, 39123] ↓[1000, 38601] ↓[1000, 38578] ↓[1000, 38056] ↓[1000, 37534] ↓[1000, 37511] ↓[1000, 36989] ↓[1000, 36467] ↓[1000, 36444] ↓[1000, 35922] ↓[1000, 35400] ↓[1000, 34916] ↓[1000, 34664] ↓[1000, 34641] ↓[1000, 34603] ↓[1000, 34119] ↓[1000, 34081] ↓[1000, 33597] ↓[1000, 33345] ↓[1000, 33322] ↓[1000, 33284] ↓[1000, 32800] ↓[1000, 32762] ↓[1000, 32278] ↓[1000, 31794] ↓[1000, 31771] ↓[1000, 31585] ↓[1000, 31562] ↓[1000, 31310] ↓[1000, 31287] ↓[1000, 31040] ↓[1000, 31017] ↓[1000, 30742] ↓[1000, 30704] ↓[1000, 30681] ↓[1000, 30472] ↓[1000, 30197] ↓[1000, 30159] ↓[1000, 29675] ↓[1000, 29637] ↓[1000, 29153] ↓[1000, 29130] ↓[1000, 28878] ↓[1000, 28646] ↓[1000, 28608] ↓[1000, 28333] ↓[1000, 27849] ↓[1000, 27612] ↓[1000, 27574] ↓[1000, 27536] ↓[1000, 27052] ↓[1000, 27029] ↓[1000, 26991] ↓[1000, 26782] ↓[1000, 26507] ↓[1000, 26298] ↓[1000, 26023] ↓[1000, 25799] ↓[1000, 25524] ↓[1000, 25501]
  Stage 2: mono=1  conc=42  optimal=False
  R_1=0.8667  worst_trip=(l1,l4,tr2,k7)
  Dispatch: s1=15516  s2=13920  saving=1596

  [layered_large_seed2 w=200 proxy=exposure] Solving Stage 1 (limit=300s)...
  [S1 w=200 round 1] budget=299s best=None ↓51000 ↓50160 ↓49880 ↓49320 ↓47920 ↓47640 ↓47416 ↓47192 ↓46856 ↓46800 ↓46632 ↓45960 ↓45512 ↓45408 ↓45244 ↓44908 ↓44876 ↓44868 ↓44644 ↓44572 ↓44544 ↓44456 ↓44344 ↓44308 ↓44288 ↓44120 ↓44096 ↓44036 ↓43868 ↓43412 ↓43076 ↓42908 ↓42572 ↓42460 ↓42404 ↓42236 ↓42124 ↓42068 ↓41956 ↓41364 ↓41316 ↓41204 ↓41092 ↓40980 ↓40868 ↓40756 ↓40532 ↓40184 ↓40072 ↓39904 ↓39512 ↓39456 ↓39288 ↓39232 ↓39176 ↓39008 ↓38952 ↓38896 ↓38800 ↓38744 ↓38688 ↓38676 ↓38620 ↓38556 ↓38364 ↓38280 ↓38252 ↓38232 ↓38220 ↓38176 ↓38064 ↓37896 ↓37848 ↓37840 ↓37672 ↓37560 ↓37456 ↓37344 ↓37288 ↓37136 ↓36452 ↓36340 ↓36140 ↓36108 ↓36080 ↓35716 ↓35696 ↓35584 ↓35280 ↓34672 ↓34140 ↓33608 ↓33532 ↓33456 ↓33424 ↓33144 ↓33008 ↓32952 ↓32848 ↓32800 ↓32680 ↓32344 ↓32340 ↓32228 ↓31948 ↓31780 ↓31612 ↓31388 ↓31220 ↓31164 ↓30828 ↓30660 ↓30492 ↓30300 ↓30280 ↓30192 ↓30024 ↓29880 ↓29720 ↓29704 ↓29472 ↓29416 ↓29188 ↓28072 ↓27736 ↓26224 ↓25976 ↓25472 ↓25216 ↓25168 ↓25148 ↓25092 ↓25044 ↓24788 ↓24740 ↓24708 ↓24652 ↓24604 ↓24436 ↓24380 ↓24340 ↓24100 ↓24052 ↓23972 ↓23888 ↓23692 ↓23580 ↓23500 ↓23496 ↓23480 ↓23388 ↓23348 ↓22996 ↓22828 ↓22436 ↓21876 ↓21844 ↓21692 ↓21652 ↓21484 ↓21428 ↓21256 ↓21028 ↓20916 ↓20692 ↓20524 ↓19852 ↓19820 ↓19708 ↓19628 ↓19476 ↓19324 ↓19084 ↓19044 ↓18932 ↓18904 ↓18888 ↓18816 ↓18704 ↓18648 ↓18424 ↓17976 ↓17952 ↓17932 ↓17540 ↓17148 ↓17080 ↓16912 ↓16856 ↓16824 ↓16776 ↓16748
Stage 1: cost=16748  dominant=52  exposure=2  optimal=False
  R_TR=0.6333  worst_arc=(l1,l7,tr1)

  [layered_large_seed2 w=200 s2=off_off] Solving Stage 2 (limit=300s)... ↓[]
  Stage 2: mono=21  conc=57  optimal=False
  R_1=0.8333  worst_trip=(l1,l5,tr1,k1)
  Dispatch: s1=16348  s2=15452  saving=896

  [layered_large_seed2 w=200 s2=both] Solving Stage 2 (limit=300s)... ↓[21000, 32951] ↓[20000, 33748] ↓[19000, 33226] ↓[18000, 33226] ↓[17000, 33226] ↓[11000, 27084] ↓[9000, 27084] ↓[8000, 27606] ↓[8000, 27084] ↓[8000, 26539] ↓[8000, 26055] ↓[8000, 26017] ↓[8000, 25533] ↓[8000, 25278] ↓[8000, 25240] ↓[8000, 24756] ↓[8000, 24718] ↓[8000, 24234] ↓[8000, 23750] ↓[8000, 23266] ↓[8000, 23037] ↓[8000, 22999] ↓[8000, 22515] ↓[8000, 22454] ↓[8000, 21970] ↓[8000, 21909] ↓[8000, 21425] ↓[7000, 26345] ↓[7000, 26307] ↓[7000, 25823] ↓[7000, 25571] ↓[7000, 25087] ↓[7000, 24565] ↓[7000, 24504] ↓[7000, 23982] ↓[7000, 23498] ↓[7000, 23185] ↓[7000, 22663] ↓[7000, 22179] ↓[7000, 21970] ↓[6000, 25533] ↓[6000, 25243] ↓[6000, 24759] ↓[6000, 24698] ↓[6000, 24214] ↓[6000, 23768] ↓[6000, 23730] ↓[6000, 23246] ↓[6000, 23223] ↓[6000, 23185] ↓[6000, 22701] ↓[6000, 22217] ↓[6000, 21947] ↓[6000, 21672] ↓[6000, 21188] ↓[6000, 21150] ↓[6000, 20875] ↓[5000, 25324] ↓[5000, 25092] ↓[5000, 24817] ↓[5000, 24608] ↓[5000, 24504] ↓[5000, 24020] ↓[5000, 23959] ↓[5000, 23745] ↓[5000, 23707] ↓[5000, 23223] ↓[5000, 23200] ↓[5000, 22721] ↓[5000, 22237] ↓[5000, 22217] ↓[5000, 22194] ↓[5000, 22156] ↓[5000, 21672] ↓[4000, 27313] ↓[4000, 27081] ↓[4000, 27043] ↓[4000, 26559] ↓[4000, 26075] ↓[4000, 25800] ↓[4000, 25762] ↓[4000, 25278] ↓[4000, 25240] ↓[4000, 24756] ↓[4000, 24272] ↓[4000, 24249] ↓[4000, 24211] ↓[4000, 23727] ↓[4000, 23243] ↓[4000, 23205] ↓[4000, 22721] ↓[4000, 22469] ↓[4000, 22431] ↓[4000, 21947] ↓[3000, 25026] ↓[3000, 24817] ↓[3000, 24779] ↓[3000, 24295] ↓[3000, 24081] ↓[3000, 24020] ↓[3000, 23536] ↓[3000, 23498] ↓[3000, 23014] ↓[3000, 22762] ↓[3000, 22724] ↓[3000, 22240] ↓[3000, 22217] ↓[3000, 22194] ↓[3000, 22179] ↓[3000, 21695] ↓[3000, 21672] ↓[2000, 28110] ↓[2000, 25449] ↓[2000, 24443] ↓[2000, 24313] ↓[2000, 24252] ↓[2000, 23768] ↓[2000, 23284] ↓[2000, 23261] ↓[2000, 23223] ↓[2000, 22739] ↓[2000, 22701] ↓[2000, 22217] ↓[1000, 28963] ↓[1000, 26852] ↓[1000, 26368] ↓[1000, 26345] ↓[1000, 25884] ↓[1000, 25400] ↓[1000, 25362] ↓[1000, 25301] ↓[1000, 24817] ↓[1000, 24565] ↓[1000, 24295] ↓[1000, 24081] ↓[1000, 23811] ↓[1000, 23498] ↓[1000, 23014]
  Stage 2: mono=1  conc=40  optimal=False
  R_1=0.8333  worst_trip=(l1,l5,tr1,k1)
  Dispatch: s1=16348  s2=15228  saving=1120

  [layered_large_seed2 w=250 proxy=exposure] Solving Stage 1 (limit=300s)...
  [S1 w=250 round 1] budget=299s best=None ↓51350 ↓50510 ↓50230 ↓49670 ↓48270 ↓47990 ↓47766 ↓47542 ↓47206 ↓47150 ↓46982 ↓46310 ↓45862 ↓45852 ↓45740 ↓45348 ↓44172 ↓43780 ↓43388 ↓43220 ↓43192 ↓43136 ↓43124 ↓43112 ↓43104 ↓42192 ↓42040 ↓41888 ↓41752 ↓41720 ↓41496 ↓41328 ↓41192 ↓41040 ↓40736 ↓40732 ↓40620 ↓40516 ↓40512 ↓40288 ↓40256 ↓40232 ↓40168 ↓40076 ↓39292 ↓39068 ↓38956 ↓38844 ↓38838 ↓38670 ↓38166 ↓37942 ↓37718 ↓37694 ↓37638 ↓37562 ↓37538 ↓37486 ↓37454 ↓37434 ↓37282 ↓36722 ↓36566 ↓36286 ↓36162 ↓35994 ↓35882 ↓35770 ↓35722 ↓35610 ↓35498 ↓35274 ↓35162 ↓35106 ↓35046 ↓34898 ↓34840 ↓34802 ↓34790 ↓34614 ↓34494 ↓34046 ↓33830 ↓33678 ↓33230 ↓32790 ↓32622 ↓32366 ↓32062 ↓32012 ↓31852 ↓31822 ↓31766 ↓31684 ↓31628 ↓31460 ↓31412 ↓31364 ↓31308 ↓31280 ↓30972 ↓30964 ↓30924 ↓30812 ↓30716 ↓30660 ↓30632 ↓30128 ↓30016 ↓29904 ↓29792 ↓29760 ↓29448 ↓29336 ↓29144 ↓29032 ↓28992 ↓28856 ↓28808 ↓28752 ↓28640 ↓28584 ↓28472 ↓28016 ↓27864 ↓27792 ↓27640 ↓27612 ↓27496 ↓27328 ↓27248 ↓27024 ↓26856 ↓26744 ↓26688 ↓26520 ↓26464 ↓26384 ↓26368 ↓26216 ↓26064 ↓26008 ↓25976 ↓25640 ↓25580 ↓25520 ↓25352 ↓25296 ↓25212 ↓25156 ↓24932 ↓24904 ↓24680 ↓24536 ↓24384 ↓24252 ↓24216 ↓24048 ↓24000 ↓23992 ↓23912 ↓23688 ↓23572 ↓23508 ↓23396 ↓23384 ↓23232 ↓23216 ↓23128 ↓22992 ↓22840 ↓22764 ↓22564 ↓22032 ↓22004 ↓21584 ↓21564 ↓21560 ↓21504 ↓21476 ↓21464 ↓21420 ↓21364 ↓21252 ↓21156 ↓21100 ↓21044 ↓20988 ↓20932 ↓20856 ↓20704 ↓20400 ↓20096 ↓20072 ↓20016 ↓19848 ↓19316 ↓19260 ↓19220 ↓19176 ↓19144 ↓19092 ↓19016 ↓18934 ↓18910 ↓18770 ↓18714 ↓18294 ↓18222 ↓18070 ↓17958
Stage 1: cost=17958  dominant=49  exposure=1  optimal=False
  R_TR=0.6333  worst_arc=(l2,l3,tr2)

  [layered_large_seed2 w=250 s2=off_off] Solving Stage 2 (limit=300s)... ↓[]
  Stage 2: mono=21  conc=46  optimal=False
  R_1=0.8  worst_trip=(l3,l8,tr1,k2)
  Dispatch: s1=17708  s2=15468  saving=2240

  [layered_large_seed2 w=250 s2=both] Solving Stage 2 (limit=300s)... ↓[21000, 27842] ↓[19000, 28387] ↓[19000, 27842] ↓[17000, 27842] ↓[17000, 27045] ↓[7000, 27297] ↓[7000, 27022] ↓[7000, 26477] ↓[7000, 25158] ↓[7000, 24674] ↓[7000, 24315] ↓[7000, 23831] ↓[7000, 23518] ↓[7000, 23034] ↓[7000, 22973] ↓[7000, 22489] ↓[7000, 21967] ↓[7000, 21529] ↓[7000, 20984] ↓[7000, 20500] ↓[7000, 20462] ↓[7000, 19978] ↓[6000, 23085] ↓[6000, 22749] ↓[6000, 22265] ↓[6000, 21781] ↓[5000, 23607] ↓[5000, 22578] ↓[5000, 22056] ↓[5000, 22033] ↓[5000, 21511] ↓[5000, 21198] ↓[4000, 22810] ↓[4000, 22578] ↓[3000, 26263] ↓[3000, 25718] ↓[3000, 25234] ↓[3000, 25173] ↓[3000, 24689] ↓[3000, 24437] ↓[3000, 23915] ↓[3000, 23393] ↓[3000, 23100] ↓[3000, 22848] ↓[3000, 22364] ↓[3000, 22303] ↓[3000, 21819] ↓[3000, 21511] ↓[2000, 25216] ↓[2000, 24911] ↓[2000, 24903] ↓[2000, 24732] ↓[2000, 24709] ↓[2000, 24187] ↓[2000, 23390] ↓[2000, 23039] ↓[2000, 22616] ↓[2000, 22094] ↓[2000, 22071] ↓[2000, 21549] ↓[2000, 21511]
  Stage 2: mono=2  conc=35  optimal=False
  R_1=0.8333  worst_trip=(l3,l8,tr1,k2)
  Dispatch: s1=17708  s2=15836  saving=1872

  [layered_large_seed2 w=300 proxy=exposure] Solving Stage 1 (limit=300s)...
  [S1 w=300 round 1] budget=299s best=None ↓51700 ↓50860 ↓50580 ↓50020 ↓48620 ↓48340 ↓48116 ↓47892 ↓47556 ↓47500 ↓47332 ↓46660 ↓46212 ↓46188 ↓46132 ↓46124 ↓46080 ↓46024 ↓45992 ↓45840 ↓45688 ↓45464 ↓45408 ↓45352 ↓45296 ↓45136 ↓44680 ↓44456 ↓44156 ↓44052 ↓44008 ↓43956 ↓43832 ↓43776 ↓43720 ↓43340 ↓43228 ↓42656 ↓42612 ↓42556 ↓42444 ↓42332 ↓42328 ↓42312 ↓42256 ↓42176 ↓42096 ↓42040 ↓41928 ↓41872 ↓41648 ↓41616 ↓41560 ↓41448 ↓41280 ↓41168 ↓41056 ↓41000 ↓40888 ↓40832 ↓40776 ↓40740 ↓40708 ↓40660 ↓40596 ↓40560 ↓40392 ↓40268 ↓40156 ↓40100 ↓39988 ↓39540 ↓39364 ↓39288 ↓39164 ↓38996 ↓38916 ↓38892 ↓38736 ↓38636 ↓38632 ↓38408 ↓38372 ↓38316 ↓38204 ↓38036 ↓37700 ↓37532 ↓37420 ↓37308 ↓37196 ↓37140 ↓36740 ↓36692 ↓36636 ↓36356 ↓36020 ↓35988 ↓35684 ↓35628 ↓35604 ↓35540 ↓35316 ↓35240 ↓35164 ↓35012 ↓34860 ↓34556 ↓34176 ↓33872 ↓33760 ↓33704 ↓33424 ↓33312 ↓33200 ↓32976 ↓32752 ↓32600 ↓31816 ↓31424 ↓31368 ↓31032 ↓30928 ↓30804 ↓30772 ↓30468 ↓30164 ↓29860 ↓29356 ↓29156 ↓29076 ↓28852 ↓28536 ↓28424 ↓28312 ↓28248 ↓28136 ↓27980 ↓27856 ↓27744 ↓27640 ↓27584 ↓27540 ↓27484 ↓27428 ↓27316 ↓26980 ↓26868 ↓26756 ↓26724 ↓26676 ↓26664 ↓26552 ↓26328 ↓26104 ↓26028 ↓25952 ↓25904 ↓25856 ↓25828 ↓25752 ↓25296 ↓25144 ↓25100 ↓24992 ↓24912 ↓24688 ↓24536 ↓24384 ↓24160 ↓24036 ↓24028 ↓23916 ↓23880 ↓23868 ↓23836 ↓23820 ↓23804 ↓23748 ↓23580 ↓23524 ↓23468 ↓23448 ↓23412 ↓23356 ↓22952 ↓22924 ↓22880 ↓22860 ↓22844 ↓22836 ↓22724 ↓22668 ↓22492 ↓22340 ↓22284 ↓21780 ↓21276 ↓21220 ↓20996 ↓20940 ↓20716 ↓19820 ↓19764 ↓19604 ↓19456 ↓19228 ↓19152 ↓19000 ↓18848 ↓18844 ↓18732 ↓18676 ↓18604 ↓18448 ↓18428 ↓18360 ↓18260 ↓18148 ↓18136 ↓18092 ↓18080 ↓18072 ↓18028 ↓17968 ↓17868 ↓17588 ↓17452
Stage 1: cost=17452  dominant=50  exposure=4  optimal=False
  R_TR=0.6  worst_arc=(l2,l5,tr2)

  [layered_large_seed2 w=300 s2=off_off] Solving Stage 2 (limit=300s)... ↓[]
  Stage 2: mono=21  conc=42  optimal=False
  R_1=0.8  worst_trip=(l5,l8,tr1,k2)
  Dispatch: s1=16252  s2=15916  saving=336

  [layered_large_seed2 w=300 s2=both] Solving Stage 2 (limit=300s)... ↓[21000, 24822] ↓[20000, 24822] ↓[19000, 25619] ↓[19000, 25344] ↓[18000, 26141] ↓[18000, 25306] ↓[17000, 26103] ↓[13000, 24140] ↓[13000, 23618] ↓[12000, 23618] ↓[11000, 24140] ↓[11000, 23618] ↓[10000, 24662] ↓[10000, 24140] ↓[9000, 25146] ↓[9000, 24624] ↓[9000, 24102] ↓[9000, 23503] ↓[9000, 23404] ↓[9000, 23195] ↓[8000, 23233] ↓[7000, 23717] ↓[7000, 23152] ↓[7000, 22607] ↓[7000, 22123] ↓[7000, 21639] ↓[6000, 23987] ↓[6000, 23442] ↓[6000, 22958] ↓[6000, 22920] ↓[6000, 22607] ↓[6000, 22123] ↓[6000, 21662] ↓[6000, 21639] ↓[6000, 21387] ↓[5000, 25775] ↓[5000, 24433] ↓[5000, 23152] ↓[5000, 22729] ↓[5000, 22416] ↓[5000, 21932] ↓[5000, 21871] ↓[5000, 21833] ↓[5000, 21349] ↓[4000, 25538] ↓[4000, 25016] ↓[4000, 24532] ↓[4000, 24280] ↓[4000, 24219] ↓[4000, 23735] ↓[4000, 23251] ↓[4000, 23213] ↓[4000, 22729] ↓[4000, 22668] ↓[4000, 22393] ↓[4000, 22184] ↓[4000, 22146] ↓[4000, 21871] ↓[3000, 25100] ↓[3000, 25039] ↓[3000, 25016] ↓[3000, 24494] ↓[3000, 24010] ↓[3000, 23697] ↓[3000, 23213] ↓[3000, 23152] ↓[3000, 22691] ↓[3000, 22668]
  Stage 2: mono=3  conc=39  optimal=False
  R_1=0.8667  worst_trip=(l1,l10,tr2,k1)
  Dispatch: s1=16252  s2=15636  saving=616

  [layered_large_seed2 w=350 proxy=exposure] Solving Stage 1 (limit=300s)...
  [S1 w=350 round 1] budget=299s best=None ↓52050 ↓51210 ↓50930 ↓50370 ↓48970 ↓48690 ↓48466 ↓48242 ↓47906 ↓47850 ↓47682 ↓47010 ↓46562 ↓46540 ↓46484 ↓46432 ↓46428 ↓46316 ↓46260 ↓46092 ↓45984 ↓45872 ↓45812 ↓45644 ↓45372 ↓45036 ↓44972 ↓44636 ↓44580 ↓44548 ↓44412 ↓44244 ↓44212 ↓44156 ↓44132 ↓43796 ↓43684 ↓43628 ↓43124 ↓43092 ↓42820 ↓42516 ↓42364 ↓42244 ↓42076 ↓41908 ↓41868 ↓41852 ↓41684 ↓41576 ↓41516 ↓41460 ↓41012 ↓40900 ↓40676 ↓40396 ↓40340 ↓40284 ↓40172 ↓40116 ↓39836 ↓39668 ↓39612 ↓39556 ↓39500 ↓39444 ↓39436 ↓39212 ↓39134 ↓39128 ↓39122 ↓39066 ↓38876 ↓38820 ↓38592 ↓38536 ↓38480 ↓38424 ↓38410 ↓38298 ↓38176 ↓38024 ↓37948 ↓37836 ↓37808 ↓37720 ↓37696 ↓37472 ↓37248 ↓37024 ↓36744 ↓36240 ↓35936 ↓35712 ↓35520 ↓35506 ↓35394 ↓35240 ↓35128 ↓34904 ↓34780 ↓34648 ↓34592 ↓34512 ↓34434 ↓34326 ↓34302 ↓34118 ↓34042 ↓33918 ↓33874 ↓33826 ↓33770 ↓33570 ↓33514 ↓33322 ↓33266 ↓33234 ↓33126 ↓32982 ↓32678 ↓32654 ↓32542 ↓32486 ↓32430 ↓32296 ↓32072 ↓32016 ↓31848 ↓31836 ↓31748 ↓31692 ↓31524 ↓31500 ↓31412 ↓31364 ↓31356 ↓31188 ↓31068 ↓30928 ↓30624 ↓30016 ↓29954 ↓29786 ↓29450 ↓29358 ↓29190 ↓29050 ↓28882 ↓28850 ↓28482 ↓28458 ↓28290 ↓28278 ↓28142 ↓28138 ↓28082 ↓27966 ↓27918 ↓27462 ↓27350 ↓27126 ↓27014 ↓26838 ↓26726 ↓26502 ↓26478 ↓26378 ↓26238 ↓25706 ↓25370 ↓25234 ↓24930 ↓24922 ↓24786 ↓24738 ↓24570 ↓24378 ↓24346 ↓24234 ↓24010 ↓23986 ↓23930 ↓23818 ↓23748 ↓23644 ↓23614 ↓23590 ↓23574 ↓23558 ↓23510 ↓23498 ↓23474 ↓23458 ↓23302 ↓23218 ↓23098 ↓22966 ↓22518 ↓22070 ↓21958 ↓21886 ↓21876 ↓21796 ↓21780 ↓21476 ↓21172 ↓20868 ↓20564 ↓20492 ↓20308 ↓20156 ↓20100 ↓19956 ↓19804 ↓19692 ↓19196 ↓19180 ↓19132 ↓18980 ↓18916 ↓18860 ↓18804 ↓18764 ↓18734 ↓18634 ↓18590 ↓18534 ↓18494 ↓18382 ↓18214 ↓18118 ↓17894 ↓17726 ↓17724 ↓17572 ↓17404 ↓17236 ↓17068 ↓16732 ↓16564 ↓16522 ↓16508 ↓16128 ↓15960 ↓15944 ↓15888 ↓15792 ↓15720 ↓15664 ↓15512 ↓15464 ↓15456 ↓15232 ↓15180 ↓15148 ↓15036 ↓14964 ↓14432 ↓14204
Stage 1: cost=14204  dominant=48  exposure=0  optimal=False
  R_TR=0.6667  worst_arc=(l2,l5,tr2)

  [layered_large_seed2 w=350 s2=off_off] Solving Stage 2 (limit=300s)... ↓[]
  Stage 2: mono=9  conc=39  optimal=False
  R_1=0.8  worst_trip=(l1,l7,tr1,k3)
  Dispatch: s1=14204  s2=13868  saving=336

  [layered_large_seed2 w=350 s2=both] Solving Stage 2 (limit=300s)... ↓[9000, 22439] ↓[9000, 21917] ↓[8000, 22714] ↓[7000, 23198] ↓[7000, 22653] ↓[6000, 23450] ↓[6000, 22905] ↓[6000, 22635] ↓[5000, 22635] ↓[5000, 21876] ↓[5000, 21331] ↓[5000, 20809] ↓[5000, 20012] ↓[4000, 19803] ↓[4000, 19513] ↓[4000, 19281] ↓[4000, 19029] ↓[4000, 19006] ↓[4000, 18659] ↓[4000, 18621] ↓[4000, 18137] ↓[4000, 17687] ↓[4000, 17203] ↓[4000, 16795] ↓[4000, 16696] ↓[4000, 16444] ↓[3000, 23717] ↓[3000, 20386] ↓[3000, 20282] ↓[3000, 19798] ↓[3000, 19528] ↓[3000, 19044] ↓[3000, 19021] ↓[3000, 18983] ↓[3000, 18499] ↓[3000, 18015] ↓[3000, 17977] ↓[3000, 17493] ↓[2000, 20595] ↓[2000, 20320] ↓[2000, 20012] ↓[2000, 19989] ↓[2000, 19192] ↓[2000, 18708] ↓[2000, 18461] ↓[2000, 18209] ↓[2000, 18186] ↓[2000, 18148] ↓[2000, 17934] ↓[2000, 17896] ↓[2000, 17412] ↓[2000, 17389] ↓[2000, 17241] ↓[2000, 17180] ↓[2000, 17142] ↓[2000, 16905] ↓[2000, 16867] ↓[2000, 16383] ↓[2000, 15922] ↓[2000, 15899]
  Stage 2: mono=2  conc=27  optimal=False
  R_1=0.8333  worst_trip=(l6,l7,tr1,k1)
  Dispatch: s1=14204  s2=13924  saving=280

  [layered_large_seed2 w=400 proxy=exposure] Solving Stage 1 (limit=300s)...
  [S1 w=400 round 1] budget=299s best=None ↓52400 ↓51560 ↓51280 ↓50720 ↓49320 ↓49040 ↓48816 ↓48592 ↓48256 ↓48200 ↓48032 ↓47360 ↓46912 ↓46884 ↓46836 ↓46804 ↓46756 ↓46724 ↓46680 ↓46648 ↓46592 ↓46344 ↓46288 ↓46176 ↓46088 ↓45784 ↓45752 ↓45660 ↓45648 ↓45480 ↓45448 ↓45112 ↓44916 ↓44580 ↓44288 ↓44232 ↓43896 ↓43728 ↓43672 ↓43664 ↓43608 ↓43496 ↓43440 ↓43384 ↓43328 ↓43216 ↓43200 ↓43048 ↓42992 ↓42508 ↓42504 ↓42392 ↓42336 ↓42240 ↓41784 ↓41760 ↓41392 ↓41384 ↓41328 ↓41208 ↓41056 ↓40944 ↓40932 ↓40920 ↓40836 ↓40808 ↓40744 ↓40724 ↓40220 ↓39716 ↓39564 ↓39260 ↓39244 ↓39092 ↓38980 ↓38908 ↓38868 ↓38756 ↓38724 ↓38588 ↓38504 ↓38472 ↓38304 ↓38192 ↓38080 ↓37968 ↓37512 ↓37344 ↓37336 ↓37232 ↓36952 ↓36776 ↓36496 ↓36440 ↓36408 ↓36352 ↓36296 ↓36184 ↓36128 ↓36096 ↓35760 ↓35728 ↓35560 ↓35452 ↓35284 ↓35116 ↓35012 ↓35004 ↓34892 ↓34780 ↓34668 ↓34556 ↓34524 ↓34512 ↓34480 ↓34380 ↓34328 ↓34216 ↓34160 ↓33824 ↓33656 ↓33488 ↓33320 ↓33096 ↓32928 ↓32760 ↓32708 ↓32696 ↓32584 ↓32472 ↓32392 ↓32244 ↓32188 ↓32108 ↓32020 ↓31716 ↓31640 ↓31532 ↓31364 ↓31220 ↓30884 ↓30732 ↓30564 ↓30396 ↓30228 ↓30156 ↓29820 ↓29652 ↓29604 ↓29148 ↓28868 ↓28856 ↓28800 ↓28632 ↓28452 ↓28428 ↓28364 ↓28252 ↓28092 ↓28024 ↓27912 ↓27816 ↓27788 ↓27764 ↓27740 ↓27708 ↓27692 ↓27684 ↓27380 ↓27076 ↓26468 ↓26396 ↓26228 ↓26060 ↓25948 ↓25892 ↓25836 ↓25780 ↓25716 ↓25380 ↓25332 ↓25044 ↓24588 ↓24420 ↓24408 ↓24304 ↓24028 ↓23924 ↓23532 ↓23476 ↓23420 ↓23364 ↓23308 ↓23300 ↓23244 ↓22484 ↓22256 ↓22092 ↓22036 ↓21916 ↓21636 ↓21612 ↓21572 ↓21348 ↓21284 ↓21116 ↓20892 ↓20836 ↓20820 ↓20708 ↓20260 ↓20092 ↓19868 ↓19668 ↓19500 ↓19468 ↓19300 ↓19244 ↓19188 ↓19124 ↓18820 ↓17908 ↓17756 ↓17692 ↓17548 ↓17388 ↓17244 ↓17052 ↓16868 ↓16716 ↓16680 ↓16648
Stage 1: cost=16648  dominant=47  exposure=1  optimal=False
  R_TR=0.6  worst_arc=(l2,l4,tr1)

  [layered_large_seed2 w=400 s2=off_off] Solving Stage 2 (limit=300s)... ↓[]
  Stage 2: mono=16  conc=41  optimal=False
  R_1=0.7333  worst_trip=(l1,l7,tr1,k1)
  Dispatch: s1=16248  s2=15328  saving=920

  [layered_large_seed2 w=400 s2=both] Solving Stage 2 (limit=300s)... ↓[16000, 22826] ↓[16000, 22281] ↓[16000, 21759] ↓[15000, 21759] ↓[14000, 22243] ↓[13000, 22727] ↓[13000, 18741] ↓[13000, 18257] ↓[13000, 17944] ↓[13000, 17460] ↓[13000, 16587] ↓[13000, 16042] ↓[13000, 15558] ↓[12000, 18199] ↓[12000, 17654] ↓[12000, 17631] ↓[12000, 17109] ↓[12000, 16857] ↓[12000, 16312] ↓[11000, 18199] ↓[11000, 17654] ↓[11000, 17109] ↓[11000, 16857] ↓[11000, 16312] ↓[10000, 18996] ↓[10000, 16164] ↓[10000, 15619] ↓[10000, 15596] ↓[10000, 15074] ↓[10000, 14799] ↓[10000, 14277] ↓[10000, 14254] ↓[10000, 14216] ↓[10000, 13732] ↓[9000, 19225] ↓[9000, 19202] ↓[9000, 18680] ↓[9000, 18410] ↓[9000, 17926] ↓[9000, 16607] ↓[9000, 16564] ↓[9000, 16080] ↓[9000, 15790] ↓[9000, 15306] ↓[9000, 15245] ↓[9000, 14761] ↓[9000, 14738] ↓[9000, 14700] ↓[9000, 14216] ↓[8000, 20590] ↓[8000, 20277] ↓[8000, 19732] ↓[8000, 18935] ↓[8000, 18413] ↓[8000, 17929] ↓[8000, 17868] ↓[8000, 17361] ↓[8000, 16839] ↓[8000, 16607] ↓[8000, 16294] ↓[8000, 15810] ↓[8000, 15497] ↓[8000, 15013] ↓[7000, 21283] ↓[7000, 20799] ↓[7000, 20254] ↓[7000, 19709] ↓[7000, 19457] ↓[7000, 18912] ↓[7000, 18851] ↓[7000, 18367] ↓[7000, 18306] ↓[7000, 17822] ↓[7000, 17631] ↓[7000, 17570] ↓[7000, 17086] ↓[7000, 17071] ↓[7000, 17048] ↓[7000, 16526] ↓[7000, 16503] ↓[7000, 15981] ↓[6000, 19984] ↓[6000, 19126] ↓[6000, 18329] ↓[6000, 17845] ↓[6000, 17822] ↓[6000, 17784] ↓[6000, 17300] ↓[6000, 16816] ↓[6000, 16503] ↓[6000, 16019] ↓[6000, 15958] ↓[6000, 15474] ↓[6000, 15436] ↓[6000, 14952] ↓[6000, 14700] ↓[6000, 14155] ↓[5000, 18352] ↓[5000, 18329] ↓[5000, 18181] ↓[5000, 18158] ↓[5000, 17868] ↓[5000, 17384] ↓[5000, 17361] ↓[5000, 17323] ↓[5000, 17262] ↓[5000, 16778] ↓[5000, 16503] ↓[5000, 15981] ↓[5000, 15497] ↓[5000, 15245] ↓[5000, 15184] ↓[5000, 14700] ↓[5000, 14677] ↓[5000, 14639] ↓[4000, 19961] ↓[4000, 19732] ↓[4000, 19187] ↓[4000, 18703] ↓[4000, 18680] ↓[4000, 18665] ↓[4000, 17906] ↓[4000, 17109] ↓[4000, 16839] ↓[4000, 16042] ↓[4000, 15558] ↓[4000, 15497] ↓[4000, 15013] ↓[4000, 14952] ↓[4000, 14761] ↓[3000, 19523] ↓[3000, 19271] ↓[3000, 18874] ↓[3000, 18352] ↓[3000, 17868] ↓[3000, 17384] ↓[3000, 17323] ↓[3000, 16839] ↓[3000, 16778] ↓[3000, 16526] ↓[3000, 16465] ↓[3000, 15981] ↓[3000, 15497] ↓[2000, 21596] ↓[2000, 21222] ↓[2000, 20700] ↓[2000, 20677] ↓[2000, 20155] ↓[2000, 19671] ↓[2000, 19419] ↓[2000, 18958] ↓[2000, 18474] ↓[2000, 18451] ↓[2000, 17929] ↓[2000, 17677] ↓[2000, 17132] ↓[2000, 17071] ↓[2000, 16587] ↓[2000, 16526] ↓[2000, 16042] ↓[2000, 16019] ↓[2000, 15981]
  Stage 2: mono=2  conc=29  optimal=False
  R_1=0.8  worst_trip=(l6,l7,tr1,k1)
  Dispatch: s1=16248  s2=14600  saving=1648

  [layered_large_seed2 w=450 proxy=exposure] Solving Stage 1 (limit=300s)...
  [S1 w=450 round 1] budget=299s best=None ↓52750 ↓51910 ↓51630 ↓51070 ↓49670 ↓49390 ↓49166 ↓48942 ↓48606 ↓48550 ↓48382 ↓47710 ↓47262 ↓47210 ↓47070 ↓46902 ↓46734 ↓46430 ↓46318 ↓46262 ↓46206 ↓46146 ↓46090 ↓46034 ↓45992 ↓45986 ↓45958 ↓45934 ↓45718 ↓44934 ↓44542 ↓44518 ↓44406 ↓44358 ↓44332 ↓44180 ↓44130 ↓44114 ↓44062 ↓43894 ↓43590 ↓43574 ↓43238 ↓42902 ↓42896 ↓42856 ↓42784 ↓42744 ↓42688 ↓42600 ↓42592 ↓42536 ↓42232 ↓41928 ↓41624 ↓41320 ↓41280 ↓41256 ↓41088 ↓41056 ↓40952 ↓40784 ↓40268 ↓40192 ↓39432 ↓39406 ↓39378 ↓39346 ↓39042 ↓39006 ↓38398 ↓38088 ↓37974 ↓37806 ↓37638 ↓37526 ↓37410 ↓37298 ↓37254 ↓37210 ↓37182 ↓37158 ↓37106 ↓36898 ↓36842 ↓36730 ↓36274 ↓36190 ↓35582 ↓35438 ↓35358 ↓35254 ↓35134 ↓35102 ↓35046 ↓34990 ↓34942 ↓34666 ↓34642 ↓34490 ↓34466 ↓34426 ↓34404 ↓34366 ↓34326 ↓34270 ↓34150 ↓34106 ↓34104 ↓33992 ↓33960 ↓33904 ↓33856 ↓33632 ↓33520 ↓33464 ↓33408 ↓33184 ↓33128 ↓33064 ↓32728 ↓32672 ↓32392 ↓32368 ↓32240 ↓31904 ↓31784 ↓31632 ↓31552 ↓31400 ↓31248 ↓31096 ↓30950 ↓30938 ↓30826 ↓30770 ↓30694 ↓30302 ↓30190 ↓30166 ↓30110 ↓30074 ↓29962 ↓29934 ↓29890 ↓29800 ↓29752 ↓29640 ↓29528 ↓29392 ↓29360 ↓29248 ↓29192 ↓28888 ↓28832 ↓28128 ↓28052 ↓27996 ↓27828 ↓27312 ↓27156 ↓27088 ↓26932 ↓26708 ↓26646 ↓26494 ↓26478 ↓26326 ↓25990 ↓25988 ↓25934 ↓25798 ↓25742 ↓25718 ↓25706 ↓25694 ↓25582 ↓25470 ↓25358 ↓25302 ↓24910 ↓24798 ↓24574 ↓24518 ↓24462 ↓24070 ↓23678 ↓23286 ↓23198 ↓23046 ↓22894 ↓22838 ↓22550 ↓22134 ↓22078 ↓21910 ↓21874 ↓21818 ↓21482 ↓21258 ↓21202 ↓21080 ↓21000 ↓20832 ↓20664 ↓19312 ↓18552 ↓18384 ↓18336 ↓18224 ↓18180
Stage 1: cost=18180  dominant=56  exposure=0  optimal=False
  R_TR=0.7  worst_arc=(l1,l7,tr1)

  [layered_large_seed2 w=450 s2=off_off] Solving Stage 2 (limit=300s)... ↓[]
  Stage 2: mono=17  conc=73  optimal=False
  R_1=0.8  worst_trip=(l1,l7,tr1,k4)
  Dispatch: s1=18180  s2=17788  saving=392

  [layered_large_seed2 w=450 s2=both] Solving Stage 2 (limit=300s)... ↓[17000, 43046] ↓[17000, 42562] ↓[16000, 43046] ↓[16000, 42562] ↓[16000, 37229] ↓[16000, 36707] ↓[16000, 36223] ↓[16000, 35365] ↓[16000, 34568] ↓[16000, 34046] ↓[16000, 31272] ↓[16000, 30475] ↓[16000, 29408] ↓[15000, 32979] ↓[15000, 32495] ↓[15000, 32240] ↓[15000, 31718] ↓[15000, 30921] ↓[15000, 30437] ↓[15000, 30399] ↓[15000, 30086] ↓[15000, 29602] ↓[15000, 29266] ↓[14000, 29266] ↓[14000, 28744] ↓[14000, 28260] ↓[13000, 33284] ↓[13000, 32510] ↓[13000, 32026] ↓[13000, 31965] ↓[13000, 31390] ↓[13000, 30845] ↓[13000, 30585] ↓[13000, 30333] ↓[13000, 29887] ↓[13000, 29541] ↓[13000, 29014] ↓[13000, 28530] ↓[12000, 30162] ↓[12000, 29365] ↓[11000, 30959] ↓[11000, 30162] ↓[11000, 29887] ↓[10000, 31481] ↓[10000, 31130] ↓[10000, 30608] ↓[10000, 30338] ↓[10000, 29854] ↓[10000, 29380] ↓[10000, 29327] ↓[10000, 29075] ↓[9000, 32457] ↓[9000, 32144] ↓[9000, 31599] ↓[9000, 31115] ↓[9000, 30631] ↓[9000, 30570] ↓[9000, 30086] ↓[9000, 29602] ↓[8000, 36437] ↓[8000, 34573] ↓[8000, 34545] ↓[8000, 34061] ↓[8000, 33786] ↓[8000, 33748] ↓[8000, 32742] ↓[8000, 32467] ↓[8000, 32235] ↓[8000, 31713] ↓[8000, 31675] ↓[8000, 31362] ↓[8000, 30878] ↓[8000, 30608] ↓[8000, 30162] ↓[8000, 29887] ↓[8000, 29849] ↓[7000, 35052] ↓[7000, 34858] ↓[7000, 34313] ↓[7000, 34023] ↓[7000, 34000] ↓[7000, 33478] ↓[7000, 32956] ↓[7000, 32472] ↓[7000, 31988] ↓[7000, 31927] ↓[7000, 31443] ↓[7000, 30959] ↓[7000, 30893] ↓[7000, 30409] ↓[7000, 30371] ↓[7000, 30333]
  Stage 2: mono=7  conc=52  optimal=False
  R_1=0.8  worst_trip=(l2,l3,tr1,k1)
  Dispatch: s1=18180  s2=17508  saving=672

  [layered_large_seed2 w=500 proxy=exposure] Solving Stage 1 (limit=300s)...
  [S1 w=500 round 1] budget=299s best=None ↓53100 ↓52260 ↓51980 ↓51420 ↓50020 ↓49740 ↓49516 ↓49292 ↓48956 ↓48900 ↓48732 ↓48060 ↓47612 ↓47592 ↓47576 ↓47352 ↓47240 ↓47128 ↓46624 ↓46568 ↓46444 ↓46388 ↓46368 ↓46308 ↓46268 ↓46156 ↓45708 ↓45596 ↓45428 ↓45260 ↓45204 ↓44948 ↓44796 ↓44764 ↓44716 ↓44492 ↓44380 ↓44268 ↓44196 ↓44092 ↓43892 ↓43856 ↓43576 ↓43408 ↓43340 ↓43284 ↓43060 ↓42932 ↓42796 ↓42524 ↓42356 ↓41596 ↓40836 ↓40760 ↓40636 ↓40076 ↓40056 ↓40032 ↓39528 ↓39272 ↓38768 ↓38712 ↓38268 ↓38228 ↓38136 ↓37832 ↓37800 ↓37768 ↓37632 ↓37376 ↓37152 ↓36984 ↓36872 ↓36828 ↓36716 ↓36604 ↓36548 ↓36492 ↓36396 ↓36340 ↓36256 ↓36032 ↓35920 ↓35848 ↓35840 ↓35800 ↓35688 ↓35592 ↓35468 ↓35316 ↓35308 ↓35256 ↓35160 ↓35048 ↓34992 ↓34932 ↓34596 ↓34476 ↓34308 ↓34140 ↓33972 ↓33300 ↓31956 ↓31788 ↓31620 ↓31460 ↓31412 ↓31356 ↓31244 ↓31132 ↓31092 ↓30980 ↓30868 ↓30364 ↓30276 ↓29772 ↓29720 ↓29552 ↓29384 ↓29264 ↓29096 ↓29040 ↓28872 ↓28816 ↓28760 ↓28536 ↓28480 ↓28472 ↓28368 ↓28144 ↓28096 ↓27984 ↓27904 ↓27816 ↓27736 ↓27416 ↓27360 ↓27292 ↓27280 ↓27224 ↓27144 ↓27128 ↓27060 ↓27044 ↓26984 ↓26872 ↓26568 ↓26432 ↓26040 ↓25256 ↓25172 ↓25140 ↓25076 ↓24908 ↓24628 ↓24564 ↓24452 ↓24340 ↓24336 ↓24252 ↓24112 ↓24060 ↓23836 ↓23832 ↓23760 ↓23756 ↓23608 ↓23504 ↓23484 ↓23440 ↓23424 ↓23336 ↓23032 ↓23004 ↓22836 ↓22668 ↓22640 ↓22612 ↓22556 ↓22444 ↓22332 ↓22080 ↓21856 ↓21756 ↓21740 ↓21716 ↓21336 ↓20956 ↓20888 ↓20664 ↓20440 ↓20060 ↓19836 ↓19764 ↓19712 ↓19472 ↓19320 ↓19208 ↓19152 ↓18928 ↓18816 ↓18772 ↓18660 ↓18648 ↓18480 ↓18256 ↓18144 ↓18032 ↓18008 ↓17968 ↓17960 ↓17920 ↓17864 ↓17804 ↓17696 ↓17528 ↓17460 ↓17404 ↓17236 ↓17180 ↓17068 ↓17052 ↓17028 ↓16996 ↓16884 ↓16804 ↓16716 ↓16704
Stage 1: cost=16704  dominant=45  exposure=1  optimal=False
  R_TR=0.6333  worst_arc=(l4,l6,tr2)

  [layered_large_seed2 w=500 s2=off_off] Solving Stage 2 (limit=300s)... ↓[]
  Stage 2: mono=16  conc=44  optimal=False
  R_1=0.8  worst_trip=(l2,l6,tr1,k3)
  Dispatch: s1=16204  s2=14404  saving=1800

  [layered_large_seed2 w=500 s2=both] Solving Stage 2 (limit=300s)... ↓[16000, 26187] ↓[16000, 25665] ↓[15000, 25665] ↓[15000, 24868] ↓[14000, 25894] ↓[13000, 25894] ↓[13000, 25410] ↓[13000, 25349] ↓[13000, 24865] ↓[12000, 25955] ↓[12000, 25410] ↓[12000, 24613] ↓[12000, 24048] ↓[12000, 23564] ↓[12000, 23526] ↓[12000, 23103] ↓[12000, 23080] ↓[12000, 23042] ↓[12000, 23019] ↓[12000, 22535] ↓[12000, 22497] ↓[12000, 22013] ↓[11000, 23210] ↓[11000, 22688] ↓[11000, 22204] ↓[10000, 23732] ↓[10000, 23256] ↓[10000, 22734] ↓[10000, 22711] ↓[10000, 22520] ↓[10000, 22497] ↓[10000, 21975] ↓[10000, 21491] ↓[10000, 21468] ↓[10000, 21392] ↓[10000, 20870] ↓[9000, 21392] ↓[9000, 21354] ↓[9000, 20870] ↓[9000, 20557] ↓[9000, 20073] ↓[9000, 19589] ↓[9000, 19528] ↓[9000, 19044] ↓[9000, 18560] ↓[9000, 18499] ↓[9000, 18015] ↓[8000, 21331] ↓[8000, 20534] ↓[8000, 20012] ↓[8000, 19505] ↓[8000, 19021] ↓[8000, 18537] ↓[7000, 21369] ↓[7000, 21056] ↓[7000, 20572] ↓[7000, 20549] ↓[7000, 20511] ↓[7000, 20027] ↓[7000, 19543] ↓[7000, 19059] ↓[6000, 22772] ↓[6000, 22250] ↓[6000, 21766] ↓[6000, 21728] ↓[6000, 21244] ↓[6000, 21221] ↓[6000, 20923] ↓[5000, 24784] ↓[5000, 24593] ↓[5000, 24071] ↓[5000, 24048] ↓[5000, 23587] ↓[5000, 23564] ↓[5000, 23526] ↓[5000, 23042] ↓[5000, 23004] ↓[5000, 22729] ↓[5000, 22207] ↓[5000, 21723] ↓[5000, 21491] ↓[5000, 21476] ↓[5000, 21453] ↓[5000, 20992] ↓[5000, 20969] ↓[5000, 20946] ↓[5000, 20908] ↓[5000, 20424] ↓[5000, 19940] ↓[5000, 19902] ↓[5000, 19418] ↓[5000, 19395] ↓[5000, 19377] ↓[5000, 18893] ↓[4000, 23157] ↓[4000, 22734] ↓[4000, 22696] ↓[4000, 22212] ↓[4000, 21728] ↓[4000, 21667] ↓[4000, 21244] ↓[4000, 21183] ↓[4000, 20699] ↓[4000, 20676] ↓[4000, 20638] ↓[4000, 20154] ↓[4000, 19960] ↓[4000, 19922] ↓[4000, 19438] ↓[4000, 19377] ↓[3000, 23485] ↓[3000, 23462] ↓[3000, 22940] ↓[3000, 22418] ↓[3000, 21896] ↓[3000, 21412] ↓[3000, 21374] ↓[3000, 20890] ↓[3000, 20676] ↓[3000, 20192] ↓[3000, 19708] ↓[3000, 19685] ↓[3000, 19647] ↓[3000, 19163] ↓[3000, 19125] ↓[3000, 19102] ↓[2000, 22711] ↓[2000, 22288] ↓[2000, 21804] ↓[2000, 21430] ↓[2000, 21221] ↓[2000, 20946] ↓[2000, 20699] ↓[2000, 20424] ↓[2000, 20215] ↓[2000, 19940] ↓[2000, 19731] ↓[2000, 19708] ↓[2000, 19670] ↓[1000, 23531] ↓[1000, 23218] ↓[1000, 22189] ↓[1000, 21728] ↓[1000, 21705] ↓[1000, 21221] ↓[1000, 21198] ↓[1000, 21183] ↓[1000, 20699] ↓[1000, 20215] ↓[1000, 20192] ↓[0, 26149] ↓[0, 25520] ↓[0, 24723] ↓[0, 24201] ↓[0, 23740] ↓[0, 23717] ↓[0, 23679] ↓[0, 23195] ↓[0, 22734] ↓[0, 22250] ↓[0, 21766] ↓[0, 21282] ↓[0, 21221] ↓[0, 21183] ↓[0, 20699] ↓[0, 20676]
  Stage 2: mono=0  conc=34  optimal=False
  R_1=0.8  worst_trip=(l2,l6,tr1,k2)
  Dispatch: s1=16204  s2=14780  saving=1424

══════════════════════════════════════════════════════════════════════
  Instance: layered_large_seed3 (custom, seed=0)
══════════════════════════════════════════════════════════════════════
  Parsed: 4 parts, 59 routes

  [layered_large_seed3 w=0 proxy=exposure] Solving Stage 1 (limit=300s)...
  [S1 w=0 round 1] budget=299s best=None ↓257333 ↓256227 ↓254805 ↓253383 ↓253225 ↓251803 ↓250697 ↓249907 ↓248485 ↓244760 ↓241205 ↓240494 ↓239072 ↓236939 ↓236822 ↓236624 ↓236426 ↓236228 ↓234332 ↓234016 ↓233858 ↓233226 ↓233068 ↓232436 ↓231804 ↓231172 ↓229276 ↓227380 ↓226116 ↓224220 ↓224062 ↓223958 ↓223694 ↓223628 ↓223562 ↓223496 ↓223430 ↓222798 ↓222642 ↓222378 ↓222114 ↓221850 ↓221654 ↓220232 ↓220074 ↓219521 ↓219480 ↓218494 ↓217704 ↓217376 ↓217244 ↓217178 ↓217112 ↓217046 ↓216980 ↓216386 ↓215833 ↓215439 ↓214843 ↓214381 ↓213919 ↓213457 ↓213325 ↓213061 ↓212797 ↓212601 ↓212007 ↓211743 ↓211611 ↓211609 ↓211569 ↓211533 ↓211217 ↓210901 ↓210269 ↓209953 ↓209637 ↓208373 ↓208057 ↓207899 ↓207741 ↓207661 ↓207397 ↓207331 ↓207213 ↓207015 ↓206553 ↓206541 ↓206225 ↓203055 ↓202395 ↓201735 ↓201075 ↓199095 ↓198633 ↓197987 ↓197327 ↓196537 ↓196207 ↓196063 ↓195733 ↓195537 ↓195339 ↓195141 ↓194481 ↓192297 ↓190875 ↓190796 ↓190480 ↓190164 ↓189532 ↓189058 ↓188900 ↓188189 ↓187991 ↓187884 ↓187173 ↓186462 ↓183144 ↓175244 ↓174454 ↓171814 ↓171154 ↓169834 ↓169174 ↓169017 ↓168912 ↓168846 ↓168780 ↓168543 ↓168464 ↓168385 ↓168306 ↓168227 ↓168148 ↓167376 ↓166270 ↓166112 ↓165796 ↓165638 ↓165480 ↓165084 ↓164926 ↓164160 ↓163500 ↓160200 ↓159540 ↓158880 ↓158814 ↓158616 ↓158418 ↓158378 ↓158299 ↓157903 ↓157309 ↓156715 ↓156121 ↓155527 ↓155420 ↓155395 ↓154867 ↓154669 ↓154603 ↓154298 ↓154285 ↓154207 ↓154021 ↓153863 ↓153073 ↓152757 ↓152441 ↓152125 ↓151809 ↓151493 ↓151177 ↓150861 ↓150703 ↓150545 ↓149951 ↓149423 ↓149159 ↓149093 ↓148829 ↓148631 ↓148552 ↓148527 ↓147892 ↓147496 ↓147298 ↓147100 ↓146902 ↓146704 ↓146506 ↓146374 ↓146308 ↓146150 ↓146084 ↓145490 ↓145398 ↓143814 ↓143286 ↓143154 ↓143022 ↓142890 ↓142758 ↓142692 ↓139848 ↓134871 ↓133449 ↓132738 ↓132027 ↓131829 ↓131591 ↓130959 ↓130643 ↓128431 ↓128115 ↓127799 ↓127483 ↓126377 ↓126061 ↓126022 ↓125745 ↓125587 ↓124876 ↓124165 ↓124007 ↓123981 ↓123915 ↓123665 ↓123586 ↓123507 ↓123428 ↓123349 ↓123270 ↓123112 ↓123046 ↓122980 ↓122955 ↓122889 ↓122822 ↓122664 ↓122506 ↓122348 ↓122032 ↓121993 ↓121874 ↓121794 ↓121728 ↓121412 ↓121346 ↓121149 ↓121123 ↓121070 ↓121044 ↓120912 ↓120754 ↓120662 ↓120504 ↓120188 ↓119872 ↓117344 ↓114816 ↓112288 ↓110392 ↓109760 ↓109128 ↓109024 ↓108760 ↓108496 ↓107864 ↓107548 ↓107390 ↓107324 ↓107166 ↓106956 ↓106692 ↓106534 ↓106376 ↓103374 ↓101004 ↓100214 ↓100018 ↓99228 ↓99188 ↓99108 ↓99029 ↓98950 ↓98898 ↓98872 ↓98714 ↓98556 ↓98504 ↓98438 ↓98306 ↓98174 ↓98161 ↓98108 ↓97976 ↓97910 ↓97357 ↓97225 ↓96962 ↓96896 ↓96817 ↓96738 ↓96580 ↓96422 ↓96212 ↓96146 ↓96080 ↓96067 ↓95869 ↓87219 ↓86587 ↓86059 ↓85531 ↓84607 ↓84475 ↓84343 ↓84277 ↓84211 ↓83815 ↓83551 ↓83485 ↓83419 ↓83353 ↓83221 ↓83155 ↓83089 ↓82378 ↓80956 ↓80719 ↓80482 ↓80245 ↓79771 ↓79297 ↓76603 ↓74623 ↓73435 ↓73198 ↓72959 ↓72881 ↓72829 ↓69263 ↓68735 ↓66095 ↓65567 ↓65039 ↓64985 ↓64748 ↓64709 ↓64577 ↓64511 ↓64459 ↓64037 ↓63985 ↓63721 ↓63719 ↓63616 ↓63614 ↓63535 ↓63456 ↓63377 ↓63324 ↓63192 ↓63060 ↓63047 ↓62981 ↓62849 ↓62797 ↓62561 ↓61139 ↓60665 ↓60563 ↓60509 ↓60468 ↓60403 ↓60401 ↓60374 ↓60350 ↓60284 ↓60152 ↓60020 ↓59954 ↓59888 ↓59717 ↓59006 ↓58058 ↓57110 ↓56162 ↓55688 ↓55214 ↓54740 ↓54503 ↓54437 ↓54424 ↓54358 ↓53270 ↓52638 ↓52006 ↓50686 ↓48706 ↓48469 ↓48442 ↓48178 ↓48046 ↓47914 ↓47518 ↓47386 ↓47254 ↓47228 ↓47162 ↓46925 ↓46767 ↓46685 ↓46555 ↓46541 ↓46502 ↓46436 ↓46370 ↓46212 ↓46200 ↓46002 ↓45738 ↓45712 ↓45580 ↓45106 ↓44948 ↓44844 ↓44448 ↓44344 ↓44080 ↓43948 ↓43910 ↓43882 ↓43606 ↓43474 ↓43408 ↓43370 ↓43304 ↓43172 ↓43040 ↓42974 ↓42869 ↓42831 ↓42791 ↓42633 ↓42501 ↓42435 ↓42369 ↓42290 ↓42224 ↓42158 ↓42039 ↓41960 ↓41249 ↓41170 ↓37694 ↓36983 ↓36904 ↓36719 ↓36455 ↓35927 ↓35663 ↓35451 ↓35372 ↓34898 ↓34819 ↓34740 ↓34661 ↓34648 ↓34582 ↓34503 ↓34146 ↓33552 ↓32958 ↓32364 ↓31770 ↓31176 ↓31097 ↓31031 ↓30833 ↓30781 ↓30755 ↓30715 ↓30583 ↓30557 ↓30425 ↓29989 ↓29395 ↓29237 ↓28973 ↓28907 ↓28841 ↓28775 ↓28749 ↓28735 ↓28643 ↓28511 ↓28445 ↓28379 ↓28313 ↓27917 ↓27323 ↓26135 ↓26003 ↓25937 ↓25805 ↓25727 ↓25688 ↓25622 ↓25568 ↓25556 ↓25490 ↓25424 ↓25292 ↓25266 ↓25247 ↓25181 ↓25115 ↓25083 ↓24986 ↓24722 ↓24707 ↓24653 ↓24628 ↓24430 ↓24297 ↓24262 ↓24130 ↓23800 ↓23668 ↓23406 ↓23274 ↓22906 ↓22642 ↓22538 ↓22406 ↓22194 ↓22036 ↓21970 ↓21944 ↓20914 ↓20782 ↓20703 ↓20650 ↓20571 ↓20452 ↓20399 ↓20320 ↓20241 ↓20109 ↓20083 ↓19951 ↓19872 ↓19662 ↓19398 ↓19240 ↓19214 ↓19148 ↓19108 ↓19037 ↓18488 ↓18092 ↓17960 ↓17696 ↓17564 ↓17432 ↓17300 ↓17168 ↓17036 ↓16772 ↓16745 ↓16640 ↓16613 ↓16508 ↓16310 ↓16256 ↓16058 ↓15992
Stage 1: cost=15992  dominant=61  exposure=2  optimal=False
  R_TR=0.5667  worst_arc=(l1,l6,tr1)

  [layered_large_seed3 w=0 s2=off_off] Solving Stage 2 (limit=300s)... ↓[]
  Stage 2: mono=28  conc=58  optimal=False
  R_1=0.8333  worst_trip=(l6,l7,tr2,k2)
  Dispatch: s1=15992  s2=15728  saving=264

  [layered_large_seed3 w=0 s2=both] Solving Stage 2 (limit=300s)... ↓[27000, 47929] ↓[27000, 47505] ↓[26000, 48353] ↓[26000, 47929] ↓[25000, 48777] ↓[25000, 48353] ↓[25000, 47250] ↓[24000, 47674] ↓[23000, 48353] ↓[23000, 47505] ↓[23000, 47104] ↓[22000, 47929] ↓[22000, 47250] ↓[22000, 46571] ↓[21000, 47929] ↓[21000, 47766] ↓[21000, 47674] ↓[21000, 47250] ↓[21000, 46995] ↓[21000, 46832] ↓[21000, 46571] ↓[21000, 46316] ↓[21000, 46170] ↓[21000, 46007] ↓[21000, 45491] ↓[21000, 45230] ↓[20000, 48353] ↓[20000, 47820] ↓[20000, 47141] ↓[20000, 46995] ↓[20000, 46740] ↓[20000, 46316] ↓[20000, 46170] ↓[20000, 45491] ↓[20000, 45230] ↓[20000, 45067] ↓[19000, 48353] ↓[19000, 47674] ↓[19000, 46995] ↓[19000, 46316] ↓[19000, 46170] ↓[19000, 45491] ↓[19000, 45345] ↓[19000, 45182] ↓[19000, 44666] ↓[19000, 43987] ↓[19000, 43818] ↓[19000, 43563] ↓[19000, 43047] ↓[19000, 42623] ↓[18000, 48445] ↓[18000, 48190] ↓[18000, 47365] ↓[18000, 46686] ↓[18000, 46007] ↓[18000, 45861] ↓[18000, 45182] ↓[18000, 44503] ↓[18000, 44388] ↓[18000, 44242] ↓[18000, 43563] ↓[18000, 43302] ↓[18000, 43047] ↓[17000, 48869] ↓[17000, 48468] ↓[17000, 47789] ↓[17000, 47110] ↓[17000, 46964] ↓[17000, 46285] ↓[17000, 46170] ↓[17000, 46024] ↓[17000, 45345] ↓[17000, 45182] ↓[17000, 44921] ↓[17000, 44758] ↓[17000, 44497] ↓[17000, 44405] ↓[17000, 44242] ↓[17000, 43981] ↓[17000, 43726] ↓[17000, 43580] ↓[17000, 43162] ↓[17000, 42901] ↓[17000, 42483] ↓[17000, 42222] ↓[16000, 49178] ↓[16000, 48869] ↓[16000, 48044] ↓[16000, 47365] ↓[16000, 46686] ↓[16000, 46540] ↓[16000, 45861] ↓[16000, 45715] ↓[16000, 45036] ↓[16000, 44357] ↓[16000, 44096] ↓[16000, 43841] ↓[16000, 43580] ↓[16000, 43325] ↓[16000, 43156] ↓[16000, 42901] ↓[16000, 42477] ↓[15000, 49178] ↓[15000, 48353] ↓[15000, 47528] ↓[15000, 46703] ↓[15000, 46024] ↓[15000, 45878] ↓[15000, 45623] ↓[15000, 45199] ↓[15000, 44666] ↓[15000, 44520] ↓[15000, 43841] ↓[15000, 43417] ↓[15000, 43162] ↓[14000, 48353] ↓[14000, 47528] ↓[14000, 46703] ↓[14000, 46024] ↓[14000, 45345] ↓[14000, 45199] ↓[14000, 44520] ↓[14000, 44096] ↓[14000, 43841] ↓[14000, 43672] ↓[14000, 43417] ↓[13000, 50325] ↓[13000, 49385] ↓[13000, 48445] ↓[13000, 47620] ↓[13000, 46795] ↓[13000, 46540] ↓[13000, 46116] ↓[13000, 45861] ↓[13000, 45437] ↓[13000, 45291] ↓[13000, 45036] ↓[13000, 44612] ↓[13000, 44357] ↓[13000, 44096] ↓[13000, 43841] ↓[13000, 43835] ↓[13000, 43580] ↓[13000, 43156] ↓[13000, 42901] ↓[13000, 42640] ↓[13000, 42385] ↓[13000, 41961] ↓[13000, 41798] ↓[13000, 41683] ↓[13000, 41537] ↓[13000, 41282] ↓[13000, 40858] ↓[12000, 49840] ↓[12000, 49422] ↓[12000, 49276] ↓[12000, 48597] ↓[12000, 48196] ↓[12000, 47772] ↓[12000, 47657] ↓[12000, 47511] ↓[12000, 46832] ↓[12000, 46686] ↓[12000, 46007] ↓[12000, 45861] ↓[12000, 45606] ↓[12000, 45182] ↓[12000, 45067] ↓[12000, 44921] ↓[12000, 44242] ↓[12000, 44096] ↓[12000, 43417] ↓[12000, 43302] ↓[12000, 43156] ↓[12000, 42477] ↓[12000, 41798] ↓[12000, 41282] ↓[12000, 41113] ↓[12000, 40858] ↓[12000, 40434] ↓[11000, 48190] ↓[11000, 47674] ↓[11000, 46849] ↓[11000, 46734] ↓[11000, 45909] ↓[11000, 45084] ↓[11000, 44969] ↓[11000, 44144] ↓[11000, 43465] ↓[11000, 42786] ↓[11000, 42362] ↓[11000, 42216] ↓[11000, 41961] ↓[11000, 41537] ↓[11000, 41282] ↓[11000, 40858] ↓[11000, 40434] ↓[11000, 40342] ↓[11000, 39918] ↓[11000, 39494] ↓[11000, 39070] ↓[10000, 48190] ↓[10000, 47559] ↓[10000, 46619] ↓[10000, 45794] ↓[10000, 44969] ↓[10000, 44290] ↓[10000, 44175] ↓[10000, 43611] ↓[10000, 43496] ↓[10000, 43187] ↓[10000, 43095] ↓[10000, 42671] ↓[10000, 42247] ↓[10000, 41846] ↓[10000, 41422] ↓[10000, 41167] ↓[10000, 40743] ↓[10000, 40319] ↓[10000, 40173] ↓[10000, 39918] ↓[10000, 39494] ↓[10000, 39070] ↓[9000, 47657] ↓[9000, 46995] ↓[9000, 46170] ↓[9000, 45345] ↓[9000, 44921] ↓[9000, 44806] ↓[9000, 44660] ↓[9000, 44405] ↓[9000, 43981] ↓[9000, 43557] ↓[9000, 43156] ↓[9000, 42732] ↓[9000, 42477] ↓[9000, 42053] ↓[9000, 41629] ↓[9000, 41374] ↓[9000, 40950] ↓[9000, 40858] ↓[9000, 40434] ↓[9000, 40033] ↓[8000, 48869] ↓[8000, 48614] ↓[8000, 48190] ↓[8000, 48044] ↓[8000, 47789] ↓[8000, 47365] ↓[8000, 47104] ↓[8000, 46849] ↓[8000, 46425] ↓[8000, 46333] ↓[8000, 45909] ↓[8000, 45485] ↓[7000, 48869] ↓[7000, 48044] ↓[7000, 47929] ↓[7000, 47783] ↓[7000, 47104] ↓[7000, 46849] ↓[7000, 46425] ↓[7000, 46164] ↓[7000, 45909] ↓[7000, 45485] ↓[7000, 45339] ↓[7000, 45084] ↓[7000, 44660] ↓[7000, 44568] ↓[7000, 44144] ↓[7000, 43998] ↓[7000, 43743] ↓[7000, 43319] ↓[6000, 48869] ↓[6000, 48608] ↓[6000, 47929] ↓[6000, 47783] ↓[6000, 47104] ↓[6000, 46588] ↓[6000, 46164] ↓[6000, 45909] ↓[6000, 45763] ↓[6000, 45508] ↓[6000, 45339] ↓[6000, 45084] ↓[6000, 44823] ↓[6000, 44568] ↓[6000, 44399] ↓[6000, 43883] ↓[6000, 43628] ↓[6000, 43605] ↓[6000, 43204] ↓[6000, 42949] ↓[6000, 42895] ↓[6000, 42803] ↓[6000, 42379] ↓[6000, 42124] ↓[6000, 42101] ↓[6000, 41961] ↓[6000, 41846] ↓[6000, 41700] ↓[6000, 41445] ↓[6000, 41391] ↓[6000, 41136] ↓[6000, 40875] ↓[6000, 40620] ↓[6000, 40457] ↓[6000, 40196] ↓[6000, 39941] ↓[6000, 39918] ↓[5000, 49694] ↓[5000, 49548] ↓[5000, 48869] ↓[5000, 48044] ↓[5000, 47929] ↓[5000, 47413] ↓[5000, 47104] ↓[5000, 46588] ↓[5000, 46333] ↓[5000, 46164] ↓[5000, 45909] ↓[5000, 45648] ↓[5000, 45393] ↓[5000, 45067] ↓[5000, 44806] ↓[5000, 44551] ↓[5000, 44290] ↓[5000, 44035] ↓[4000, 50519] ↓[4000, 50264] ↓[4000, 49694] ↓[4000, 49439] ↓[4000, 49178] ↓[4000, 48923] ↓[4000, 48499] ↓[4000, 48244] ↓[4000, 48190] ↓[4000, 47674] ↓[4000, 47419] ↓[4000, 47256] ↓[4000, 46995] ↓[4000, 46740] ↓[4000, 46734] ↓[4000, 46479] ↓[4000, 46431] ↓[4000, 46170] ↓[4000, 45915] ↓[4000, 45746] ↓[4000, 45491] ↓[4000, 45230] ↓[4000, 44975] ↓[4000, 44812] ↓[4000, 44551] ↓[4000, 44296] ↓[3000, 49694] ↓[3000, 49015] ↓[3000, 48760] ↓[3000, 48336] ↓[3000, 48081] ↓[3000, 47820] ↓[3000, 47565] ↓[3000, 47141] ↓[3000, 46886] ↓[3000, 46740] ↓[3000, 46577] ↓[3000, 46061] ↓[3000, 45637] ↓[3000, 45491] ↓[3000, 45328] ↓[3000, 44812] ↓[3000, 44551] ↓[3000, 44296] ↓[3000, 44133] ↓[3000, 43878] ↓[3000, 43872] ↓[3000, 43617] ↓[3000, 43448] ↓[3000, 43193] ↓[3000, 43139] ↓[3000, 42884] ↓[3000, 42769] ↓[3000, 42623] ↓[3000, 42514] ↓[3000, 42368] ↓[2000, 49932] ↓[2000, 49416] ↓[2000, 48476] ↓[2000, 47797] ↓[2000, 47373] ↓[2000, 46972] ↓[2000, 46548] ↓[2000, 46293] ↓[2000, 46032] ↓[2000, 45777] ↓[2000, 45353] ↓[2000, 45098] ↓[2000, 45044] ↓[2000, 44789] ↓[2000, 44528] ↓[2000, 44273] ↓[2000, 44158] ↓[2000, 44104] ↓[2000, 43849] ↓[2000, 43588] ↓[2000, 43333] ↓[2000, 42909] ↓[2000, 42648] ↓[2000, 42485] ↓[2000, 41969] ↓[2000, 41714] ↓[2000, 41290] ↓[2000, 41144] ↓[2000, 40889] ↓[2000, 40465] ↓[2000, 40204] ↓[2000, 39949] ↓[2000, 39525] ↓[2000, 39216] ↓[2000, 39124] ↓[2000, 38700] ↓[2000, 38554] ↓[2000, 38299] ↓[2000, 37875] ↓[2000, 37620] ↓[2000, 37196] ↓[2000, 37050] ↓[2000, 36795] ↓[2000, 36371] ↓[2000, 36208] ↓[2000, 35947] ↓[2000, 35692] ↓[2000, 35176] ↓[2000, 35030] ↓[2000, 34867] ↓[2000, 34606] ↓[2000, 34351] ↓[2000, 33927] ↓[2000, 33672] ↓[1000, 34867] ↓[1000, 34188] ↓[1000, 33672] ↓[1000, 33526] ↓[1000, 33271] ↓[1000, 33102] ↓[1000, 32847] ↓[1000, 32423] ↓[1000, 32277] ↓[1000, 32114] ↓[1000, 31598]
  Stage 2: mono=1  conc=42  optimal=False
  R_1=0.8667  worst_trip=(l3,l4,tr2,k1)
  Dispatch: s1=15992  s2=14738  saving=1254

  [layered_large_seed3 w=50 proxy=exposure] Solving Stage 1 (limit=300s)...
  [S1 w=50 round 1] budget=299s best=None ↓257483 ↓256377 ↓254955 ↓253533 ↓253375 ↓251953 ↓250847 ↓250057 ↓248635 ↓244910 ↓241355 ↓240644 ↓239222 ↓237800 ↓237089 ↓236972 ↓236774 ↓236576 ↓236378 ↓235430 ↓234482 ↓234208 ↓233878 ↓233548 ↓233218 ↓231954 ↓226266 ↓226108 ↓225634 ↓224528 ↓224370 ↓224262 ↓224212 ↓223580 ↓223318 ↓223054 ↓222790 ↓222632 ↓222474 ↓221921 ↓221368 ↓220815 ↓220262 ↓220184 ↓220118 ↓219986 ↓219920 ↓219854 ↓219788 ↓218208 ↓217418 ↓216628 ↓216075 ↓215879 ↓214955 ↓214493 ↓214031 ↓213569 ↓213107 ↓212645 ↓212447 ↓212249 ↓212051 ↓209207 ↓208259 ↓207785 ↓207311 ↓200201 ↓197041 ↓196251 ↓195461 ↓194671 ↓193881 ↓193855 ↓193789 ↓193723 ↓192933 ↓192459 ↓192009 ↓191681 ↓191535 ↓191523 ↓191511 ↓191049 ↓191037 ↓190879 ↓190721 ↓190259 ↓189797 ↓189533 ↓189401 ↓188477 ↓188345 ↓188081 ↓187949 ↓187817 ↓187685 ↓187553 ↓187091 ↓181107 ↓180317 ↓179527 ↓178737 ↓177947 ↓177683 ↓177419 ↓177155 ↓176759 ↓176099 ↓175967 ↓175835 ↓175703 ↓175241 ↓174913 ↓174253 ↓173593 ↓172273 ↓170953 ↓170293 ↓169633 ↓168973 ↓166993 ↓166333 ↓166213 ↓166187 ↓166121 ↓165331 ↓164671 ↓164011 ↓163221 ↓163142 ↓162905 ↓162668 ↓162629 ↓162008 ↓161903 ↓161837 ↓161350 ↓160955 ↓158980 ↓158585 ↓158190 ↓157795 ↓157729 ↓149974 ↓148552 ↓147841 ↓147130 ↓147064 ↓146998 ↓146932 ↓146221 ↓145826 ↓145825 ↓145561 ↓145495 ↓145231 ↓144967 ↓144901 ↓144835 ↓144637 ↓144571 ↓144439 ↓144400 ↓144334 ↓144318 ↓144307 ↓144252 ↓142727 ↓141147 ↓140831 ↓140515 ↓140199 ↓140160 ↓139883 ↓139172 ↓137750 ↓134906 ↓134195 ↓132062 ↓131351 ↓131338 ↓131259 ↓131180 ↓130943 ↓130785 ↓130232 ↓129521 ↓128099 ↓127388 ↓125966 ↓125255 ↓124544 ↓123280 ↓123201 ↓122569 ↓121858 ↓120436 ↓119725 ↓119014 ↓118935 ↓113734 ↓113074 ↓111754 ↓111094 ↓111066 ↓110987 ↓110764 ↓110685 ↓110669 ↓109481 ↓108887 ↓108840 ↓108761 ↓108050 ↓107339 ↓106628 ↓105917 ↓105680 ↓105206 ↓104969 ↓104732 ↓104693 ↓104627 ↓102647 ↓101987 ↓101327 ↓100007 ↓99347 ↓98687 ↓98621 ↓98423 ↓98225 ↓97723 ↓97525 ↓97459 ↓97339 ↓97273 ↓97261 ↓97129 ↓96813 ↓96497 ↓95549 ↓95233 ↓95151 ↓95101 ↓94903 ↓94837 ↓94771 ↓94573 ↓94257 ↓91729 ↓90781 ↓90465 ↓90149 ↓90083 ↓90004 ↓89965 ↓89899 ↓89833 ↓89767 ↓89569 ↓89371 ↓89213 ↓89173 ↓89147 ↓89081 ↓88895 ↓88737 ↓88608 ↓88371 ↓87135 ↓86424 ↓85155 ↓84444 ↓84207 ↓84009 ↓83811 ↓83415 ↓83019 ↓82821 ↓82623 ↓82425 ↓82227 ↓82211 ↓82161 ↓82148 ↓82069 ↓81990 ↓81792 ↓81726 ↓81700 ↓81595 ↓81568 ↓81066 ↓80934 ↓80670 ↓80604 ↓80578 ↓80512 ↓80117 ↓79853 ↓79589 ↓79457 ↓79325 ↓78929 ↓78797 ↓78665 ↓78351 ↓76239 ↓75183 ↓73599 ↓72543 ↓71487 ↓71289 ↓70959 ↓70827 ↓70774 ↓70642 ↓70576 ↓70510 ↓70444 ↓70378 ↓70312 ↓70285 ↓70219 ↓70153 ↓69982 ↓69903 ↓69876 ↓69797 ↓69744 ↓69586 ↓69582 ↓69345 ↓69306 ↓69240 ↓69174 ↓69108 ↓69042 ↓68844 ↓68646 ↓68448 ↓68435 ↓68250 ↓68184 ↓68118 ↓67458 ↓67430 ↓67326 ↓67062 ↓67035 ↓66798 ↓66600 ↓66534 ↓66402 ↓66336 ↓66270 ↓66072 ↓66006 ↓65940 ↓65809 ↓65703 ↓65545 ↓64834 ↓63886 ↓63728 ↓63570 ↓63412 ↓63254 ↓63096 ↓63070 ↓62938 ↓62912 ↓62859 ↓62793 ↓62661 ↓62596 ↓62464 ↓61870 ↓61314 ↓61262 ↓60998 ↓60932 ↓60666 ↓60616 ↓60458 ↓60418 ↓60260 ↓60218 ↓60152 ↓60139 ↓60073 ↓60023 ↓59994 ↓59915 ↓59901 ↓59822 ↓59793 ↓59717 ↓59649 ↓59583 ↓59112 ↓55952 ↓55320 ↓54688 ↓53424 ↓52792 ↓52160 ↓52056 ↓52002 ↓51528 ↓51331 ↓51291 ↓51054 ↓51003 ↓50989 ↓50923 ↓50607 ↓50449 ↓50291 ↓49659 ↓49501 ↓49435 ↓49237 ↓49199 ↓49158 ↓49079 ↓49013 ↓48921 ↓48869 ↓48711 ↓48645 ↓48553 ↓48487 ↓48013 ↓47855 ↓47457 ↓47441 ↓47179 ↓47127 ↓47009 ↓46983 ↓46825 ↓46667 ↓46597 ↓46545 ↓46495 ↓46413 ↓46337 ↓45509 ↓44651 ↓44413 ↓44177 ↓43651 ↓43572 ↓43493 ↓43411 ↓42381 ↓41721 ↓40929 ↓40849 ↓40848 ↓40532 ↓40453 ↓40373 ↓40267 ↓40213 ↓40137 ↓39873 ↓39807 ↓39449 ↓39437 ↓39399 ↓39333 ↓39135 ↓39123 ↓39030 ↓39018 ↓38952 ↓38925 ↓38898 ↓38766 ↓38634 ↓38568 ↓38529 ↓38397 ↓38013 ↓37815 ↓37813 ↓37747 ↓37351 ↓37349 ↓37151 ↓36955 ↓36928 ↓36770 ↓36638 ↓36559 ↓36401 ↓36322 ↓36243 ↓36124 ↓36045 ↓35334 ↓33912 ↓33675 ↓33438 ↓33201 ↓32805 ↓31881 ↓31485 ↓31433 ↓31275 ↓31196 ↓31117 ↓30985 ↓30853 ↓30774 ↓30745 ↓30695 ↓30655 ↓30576 ↓30378 ↓30338 ↓30310 ↓30289 ↓30157 ↓30151 ↓30139 ↓30007 ↓29941 ↓29809 ↓29793 ↓29755 ↓29359 ↓29293 ↓29029 ↓28792 ↓28567 ↓27577 ↓27379 ↓27181 ↓26757 ↓26745 ↓26732 ↓26574 ↓26534 ↓26468 ↓26336 ↓26270 ↓26112 ↓25954 ↓25796 ↓25717 ↓25682 ↓25670 ↓25641 ↓25632 ↓25566 ↓25500 ↓25263 ↓24789 ↓24710 ↓24644 ↓24565 ↓24407 ↓24328 ↓24299 ↓24249 ↓24112 ↓24062 ↓23983 ↓23509 ↓23430 ↓23286 ↓23271 ↓23245 ↓23113 ↓22981 ↓22915 ↓22809 ↓22651 ↓22585 ↓22560 ↓22534 ↓22509 ↓22443 ↓22402 ↓22396 ↓22359 ↓22310 ↓22244 ↓22230 ↓22151 ↓22072 ↓22043 ↓21648 ↓21598 ↓21466 ↓21334 ↓21202 ↓21176 ↓21112 ↓21046 ↓20848 ↓20782 ↓20676 ↓20544 ↓20518 ↓20478 ↓20424 ↓20267 ↓20241 ↓20211 ↓19984 ↓19972 ↓19893 ↓19814 ↓19735 ↓19656 ↓19577 ↓19445 ↓19313 ↓19234 ↓19155 ↓19102 ↓19023 ↓18891 ↓18677 ↓18627 ↓18548 ↓18363 ↓18297 ↓18295 ↓18268 ↓18255 ↓18189
Stage 1: cost=18189  dominant=60  exposure=5  optimal=False
  R_TR=0.6  worst_arc=(l4,l5,tr2)

  [layered_large_seed3 w=50 s2=off_off] Solving Stage 2 (limit=300s)... ↓[]
  Stage 2: mono=29  conc=68  optimal=False
  R_1=0.8  worst_trip=(l1,l3,tr2,k2)
  Dispatch: s1=17939  s2=17517  saving=422

  [layered_large_seed3 w=50 s2=both] Solving Stage 2 (limit=300s)... ↓[29000, 47109] ↓[29000, 46430] ↓[28000, 47109] ↓[28000, 46430] ↓[27000, 46430] ↓[26000, 47109] ↓[26000, 46430] ↓[25000, 47109] ↓[25000, 46430] ↓[24000, 46430] ↓[23000, 46430] ↓[22000, 46854] ↓[21000, 47533] ↓[21000, 46854] ↓[20000, 47533] ↓[20000, 46854] ↓[19000, 47533] ↓[19000, 46854] ↓[18000, 47679] ↓[18000, 47278] ↓[17000, 48103] ↓[17000, 47278] ↓[16000, 47278] ↓[16000, 46854] ↓[15000, 48527] ↓[15000, 48103] ↓[15000, 47702] ↓[15000, 47278] ↓[15000, 46854] ↓[14000, 49206] ↓[14000, 48782] ↓[14000, 48381] ↓[14000, 47957] ↓[14000, 47702] ↓[14000, 47278] ↓[13000, 48527] ↓[13000, 48103] ↓[13000, 47702] ↓[13000, 47278] ↓[12000, 48527] ↓[12000, 48103] ↓[12000, 47702] ↓[12000, 47278] ↓[12000, 47255] ↓[12000, 46854] ↓[12000, 46430] ↓[11000, 47679] ↓[11000, 47255] ↓[11000, 46854] ↓[11000, 46430] ↓[10000, 47679] ↓[10000, 47255] ↓[10000, 46854] ↓[10000, 46430] ↓[9000, 48103] ↓[9000, 47679] ↓[9000, 47278] ↓[9000, 46854] ↓[8000, 48103] ↓[8000, 47679] ↓[8000, 47278] ↓[8000, 46854] ↓[7000, 48527] ↓[7000, 48103] ↓[7000, 47702] ↓[7000, 47278] ↓[7000, 46854] ↓[6000, 48527] ↓[6000, 48103] ↓[6000, 47957] ↓[6000, 47702] ↓[6000, 47278] ↓[6000, 46854] ↓[6000, 46453] ↓[6000, 46338] ↓[6000, 45914] ↓[6000, 45513] ↓[6000, 45398] ↓[6000, 44974] ↓[6000, 44573] ↓[6000, 44410] ↓[6000, 44149] ↓[6000, 43888] ↓[6000, 43871] ↓[6000, 43470] ↓[6000, 43209] ↓[6000, 43046] ↓[6000, 42645] ↓[6000, 42384] ↓[6000, 42221] ↓[6000, 41960] ↓[6000, 41820] ↓[6000, 41559] ↓[6000, 41135] ↓[6000, 40734] ↓[6000, 40310] ↓[6000, 39909] ↓[6000, 39794] ↓[6000, 39485] ↓[6000, 39370] ↓[6000, 38969] ↓[6000, 38854] ↓[6000, 38453] ↓[6000, 38290] ↓[6000, 38175] ↓[6000, 37774] ↓[6000, 37611] ↓[6000, 37519] ↓[6000, 37095] ↓[6000, 36932] ↓[6000, 36840] ↓[6000, 36416] ↓[6000, 36247] ↓[6000, 35829] ↓[6000, 35405] ↓[6000, 35150] ↓[6000, 34889] ↓[6000, 34780] ↓[6000, 34356] ↓[6000, 33932] ↓[6000, 33926] ↓[6000, 33763] ↓[6000, 33362] ↓[6000, 33101] ↓[6000, 32846] ↓[5000, 47702] ↓[5000, 46762] ↓[5000, 46083] ↓[5000, 45822] ↓[5000, 45143] ↓[5000, 44997] ↓[5000, 44318] ↓[5000, 44057] ↓[5000, 43378] ↓[5000, 42954] ↓[5000, 42553] ↓[5000, 42530] ↓[5000, 42129] ↓[5000, 42014] ↓[5000, 41613] ↓[5000, 41590] ↓[5000, 41189] ↓[5000, 40788] ↓[5000, 40765] ↓[5000, 40364] ↓[5000, 39940] ↓[5000, 39685] ↓[5000, 39261] ↓[5000, 39006] ↓[5000, 38983] ↓[5000, 38582] ↓[5000, 38158] ↓[5000, 38066] ↓[5000, 37642] ↓[5000, 37387] ↓[5000, 36963] ↓[5000, 36800] ↓[5000, 36708] ↓[5000, 36284] ↓[5000, 35860] ↓[5000, 35605] ↓[5000, 35181] ↓[5000, 35018] ↓[5000, 34757] ↓[5000, 34502] ↓[5000, 34078] ↓[5000, 33654] ↓[5000, 33230] ↓[5000, 33115] ↓[5000, 32969] ↓[5000, 32545] ↓[5000, 32290] ↓[5000, 32121] ↓[5000, 31866] ↓[5000, 31720] ↓[5000, 31580] ↓[5000, 31325] ↓[5000, 31156] ↓[5000, 30901] ↓[5000, 30895] ↓[5000, 30640] ↓[5000, 30385]
  Stage 2: mono=5  conc=46  optimal=False
  R_1=0.8667  worst_trip=(l2,l4,tr2,k1)
  Dispatch: s1=17939  s2=16264  saving=1675

  [layered_large_seed3 w=100 proxy=exposure] Solving Stage 1 (limit=300s)...
  [S1 w=100 round 1] budget=299s best=None ↓257633 ↓256527 ↓255105 ↓253683 ↓253525 ↓252103 ↓250997 ↓250207 ↓248785 ↓245060 ↓241505 ↓240794 ↓239372 ↓237950 ↓237239 ↓237122 ↓236924 ↓236726 ↓236528 ↓235580 ↓234632 ↓234358 ↓234028 ↓233698 ↓233368 ↓232104 ↓226416 ↓226258 ↓225784 ↓224678 ↓224520 ↓224462 ↓224362 ↓223730 ↓223468 ↓223204 ↓222940 ↓222782 ↓222387 ↓221834 ↓221281 ↓220728 ↓220570 ↓220096 ↓219900 ↓219306 ↓216936 ↓216778 ↓216067 ↓215830 ↓214906 ↓214444 ↓213982 ↓213520 ↓213058 ↓212596 ↓212134 ↓212000 ↓210894 ↓209788 ↓209260 ↓208996 ↓208732 ↓208468 ↓201076 ↓200548 ↓200020 ↓199492 ↓199294 ↓199228 ↓199162 ↓199096 ↓199030 ↓198964 ↓198925 ↓198859 ↓198793 ↓198543 ↓197753 ↓197437 ↓197241 ↓197200 ↓197173 ↓196977 ↓196647 ↓196331 ↓196265 ↓196199 ↓196041 ↓195962 ↓195883 ↓195804 ↓195725 ↓195646 ↓195567 ↓195488 ↓195475 ↓192993 ↓191673 ↓189693 ↓189033 ↓188926 ↓188769 ↓188571 ↓188413 ↓188334 ↓188097 ↓188017 ↓187885 ↓187753 ↓187555 ↓187529 ↓186869 ↓186316 ↓186158 ↓186000 ↓185921 ↓185684 ↓185486 ↓185434 ↓185368 ↓185170 ↓182524 ↓178100 ↓175572 ↓174308 ↓173676 ↓173044 ↓173031 ↓173004 ↓172925 ↓172723 ↓172407 ↓171775 ↓171459 ↓168819 ↓168555 ↓168489 ↓168423 ↓168225 ↓168173 ↓168107 ↓168041 ↓167975 ↓166655 ↓165995 ↓164675 ↓163355 ↓162695 ↓162035 ↓161956 ↓161877 ↓161719 ↓161059 ↓156742 ↓156031 ↓154609 ↓153949 ↓152527 ↓152344 ↓152080 ↓150685 ↓150527 ↓150329 ↓150303 ↓149867 ↓149273 ↓149194 ↓148916 ↓148837 ↓148679 ↓148481 ↓148217 ↓148151 ↓148059 ↓147901 ↓147822 ↓147743 ↓147032 ↓146978 ↓144845 ↓144157 ↓143999 ↓143841 ↓143181 ↓143023 ↓142825 ↓142759 ↓142627 ↓142495 ↓142429 ↓142363 ↓142297 ↓142231 ↓140335 ↓139387 ↓138439 ↓137965 ↓137834 ↓137570 ↓137240 ↓136728 ↓136254 ↓136148 ↓135990 ↓135660 ↓135594 ↓135502 ↓135472 ↓135276 ↓134960 ↓134802 ↓134630 ↓133857 ↓132751 ↓132040 ↓131961 ↓131487 ↓131171 ↓131013 ↓130381 ↓130223 ↓129907 ↓128383 ↓128317 ↓128251 ↓128185 ↓128053 ↓127987 ↓127921 ↓127855 ↓127789 ↓127723 ↓127591 ↓127327 ↓127261 ↓127195 ↓127129 ↓127063 ↓126905 ↓126839 ↓126523 ↓126444 ↓126403 ↓126286 ↓126273 ↓126115 ↓125957 ↓125891 ↓125613 ↓125455 ↓124785 ↓124191 ↓124097 ↓124031 ↓123965 ↓123899 ↓123741 ↓123188 ↓122477 ↓121766 ↓121529 ↓121292 ↓120818 ↓120581 ↓119633 ↓119567 ↓119330 ↓119172 ↓119014 ↓118856 ↓118712 ↓118592 ↓117668 ↓117140 ↓117074 ↓117008 ↓116942 ↓116838 ↓116811 ↓116732 ↓116653 ↓116389 ↓116310 ↓116283 ↓116257 ↓116191 ↓116166 ↓115902 ↓115836 ↓115638 ↓115625 ↓114690 ↓113426 ↓111530 ↓110898 ↓109950 ↓109634 ↓108686 ↓108370 ↓107738 ↓107422 ↓107106 ↓106790 ↓106474 ↓106158 ↓105842 ↓105526 ↓105210 ↓104578 ↓103946 ↓103867 ↓103828 ↓103788 ↓103749 ↓103709 ↓103696 ↓103630 ↓103617 ↓103512 ↓103380 ↓103301 ↓103064 ↓100536 ↓96586 ↓95006 ↓94216 ↓93426 ↓92636 ↓91846 ↓91780 ↓91767 ↓91701 ↓91584 ↓91412 ↓91386 ↓91188 ↓91135 ↓91069 ↓90740 ↓90503 ↓90490 ↓89809 ↓89409 ↓89279 ↓89009 ↓87689 ↓87029 ↓86792 ↓86555 ↓86081 ↓85844 ↓85607 ↓85370 ↓85133 ↓84896 ↓80946 ↓79366 ↓78576 ↓78469 ↓77679 ↓77521 ↓77390 ↓77232 ↓76968 ↓76336 ↓76270 ↓75875 ↓73900 ↓73505 ↓73110 ↓72715 ↓71925 ↓71755 ↓71742 ↓71610 ↓71544 ↓71413 ↓71215 ↓71149 ↓70991 ↓70933 ↓70787 ↓70629 ↓70563 ↓70497 ↓70299 ↓70101 ↓70082 ↓70042 ↓69963 ↓69783 ↓69704 ↓69638 ↓69440 ↓67070 ↓66596 ↓65648 ↓65174 ↓64700 ↓64226 ↓64016 ↓63830 ↓63764 ↓63698 ↓63500 ↓63302 ↓63236 ↓63170 ↓63143 ↓63038 ↓62985 ↓62972 ↓62906 ↓62814 ↓62748 ↓62274 ↓62247 ↓62195 ↓61997 ↓56847 ↓56187 ↓55527 ↓54867 ↓54801 ↓54735 ↓54669 ↓54641 ↓54009 ↓53943 ↓53931 ↓53733 ↓53535 ↓53338 ↓53140 ↓53139 ↓53073 ↓52678 ↓50375 ↓50059 ↓49743 ↓49348 ↓49347 ↓49281 ↓48886 ↓48873 ↓48820 ↓48768 ↓48702 ↓48636 ↓48557 ↓48241 ↓48175 ↓47515 ↓45403 ↓44611 ↓44215 ↓43819 ↓43818 ↓43739 ↓43422 ↓43343 ↓43264 ↓43173 ↓43015 ↓42751 ↓42685 ↓42406 ↓42142 ↓42010 ↓41878 ↓41746 ↓41299 ↓41035 ↓40969 ↓40903 ↓40837 ↓40818 ↓40790 ↓40158 ↓40000 ↓39842 ↓39526 ↓39210 ↓39052 ↓38894 ↓38881 ↓38815 ↓38802 ↓38736 ↓38420 ↓38262 ↓38104 ↓38091 ↓38069 ↓37673 ↓37475 ↓37211 ↓37079 ↓36895 ↓36763 ↓36749 ↓36683 ↓36617 ↓36565 ↓36499 ↓36447 ↓36387 ↓36071 ↓35939 ↓35873 ↓35821 ↓35689 ↓35623 ↓35591 ↓35557 ↓35525 ↓35261 ↓34997 ↓34891 ↓34866 ↓34865 ↓34469 ↓34371 ↓34239 ↓34207 ↓34173 ↓34160 ↓34094 ↓33962 ↓33948 ↓33750 ↓33698 ↓33566 ↓33434 ↓32840 ↓32576 ↓32499 ↓32314 ↓32235 ↓31971 ↓31839 ↓31707 ↓31654 ↓31575 ↓31548 ↓31540 ↓31524 ↓31458 ↓31030 ↓30964 ↓30304 ↓29644 ↓29638 ↓29612 ↓29348 ↓29282 ↓28952 ↓28766 ↓28622 ↓28424 ↓28358 ↓28238 ↓28094 ↓27962 ↓27500 ↓27170 ↓26840 ↓26708 ↓26642 ↓26576 ↓26444 ↓26114 ↓25454 ↓25166 ↓25112 ↓24902 ↓24875 ↓24817 ↓24803 ↓24749 ↓24683 ↓24617 ↓24485 ↓24407 ↓24341 ↓24339 ↓24236 ↓24076 ↓23946 ↓23760 ↓23602 ↓23444 ↓23246 ↓23073 ↓22677 ↓22652 ↓22597 ↓22533 ↓22518 ↓22439 ↓22361 ↓22325 ↓22168 ↓22102 ↓21904 ↓21838 ↓21772 ↓21614 ↓21456 ↓21398 ↓21298 ↓20704 ↓20474 ↓20436 ↓20304 ↓20238 ↓20040 ↓19975 ↓19967 ↓19845 ↓19450 ↓19318 ↓19291 ↓19212 ↓19133 ↓18957 ↓18896 ↓18890 ↓18850 ↓18824 ↓18666 ↓18626 ↓18560 ↓18494 ↓18434 ↓18395 ↓18357 ↓18291 ↓18225 ↓18197 ↓18185 ↓18119 ↓18081 ↓17999 ↓17801 ↓17763 ↓17697 ↓17669 ↓17301 ↓17263 ↓17037 ↓16931 ↓16921 ↓16833 ↓16808 ↓16803 ↓16790
Stage 1: cost=16790  dominant=59  exposure=3  optimal=False
  R_TR=0.5667  worst_arc=(l3,l7,tr2)

  [layered_large_seed3 w=100 s2=off_off] Solving Stage 2 (limit=300s)... ↓[]
  Stage 2: mono=22  conc=53  optimal=False
  R_1=0.8333  worst_trip=(l3,l7,tr2,k2)
  Dispatch: s1=16490  s2=16266  saving=224

  [layered_large_seed3 w=100 s2=both] Solving Stage 2 (limit=300s)... ↓[28000, 35964] ↓[28000, 35540] ↓[28000, 34861] ↓[27000, 35964] ↓[27000, 35540] ↓[27000, 35285] ↓[27000, 34861] ↓[26000, 36388] ↓[26000, 35964] ↓[26000, 35709] ↓[26000, 35285] ↓[25000, 36649] ↓[25000, 36225] ↓[25000, 35801] ↓[24000, 36649] ↓[24000, 36225] ↓[24000, 35964] ↓[23000, 37328] ↓[23000, 36904] ↓[22000, 37752] ↓[22000, 37328] ↓[18000, 32179] ↓[18000, 32064] ↓[18000, 31239] ↓[17000, 31239] ↓[17000, 30675] ↓[17000, 30560] ↓[17000, 29735] ↓[17000, 29620] ↓[17000, 29474] ↓[17000, 28795] ↓[16000, 31124] ↓[16000, 30299] ↓[16000, 29620] ↓[16000, 28795] ↓[16000, 28632] ↓[16000, 28486] ↓[16000, 27807] ↓[16000, 27644] ↓[16000, 27080] ↓[15000, 31707] ↓[15000, 31028] ↓[15000, 30604] ↓[15000, 30391] ↓[15000, 29712] ↓[15000, 29566] ↓[15000, 28887] ↓[15000, 28208] ↓[15000, 27661] ↓[15000, 26982] ↓[15000, 26721] ↓[15000, 26042] ↓[15000, 25217] ↓[15000, 24538] ↓[14000, 28116] ↓[14000, 28014] ↓[14000, 27868] ↓[14000, 27189] ↓[14000, 26510] ↓[14000, 25831] ↓[14000, 25570] ↓[14000, 25315] ↓[13000, 27498] ↓[13000, 27352] ↓[13000, 26673] ↓[13000, 25994] ↓[13000, 25764] ↓[13000, 25618] ↓[13000, 24939] ↓[12000, 27644] ↓[12000, 27383] ↓[12000, 26704] ↓[12000, 26558] ↓[12000, 25879] ↓[12000, 25455] ↓[12000, 25363] ↓[11000, 31331] ↓[11000, 30913] ↓[11000, 28068] ↓[11000, 27243] ↓[11000, 27128] ↓[11000, 26449] ↓[11000, 26303] ↓[11000, 25624] ↓[11000, 25478] ↓[11000, 24799] ↓[10000, 31191] ↓[10000, 28486] ↓[10000, 27807] ↓[10000, 27661] ↓[10000, 26982] ↓[10000, 26303] ↓[10000, 25739] ↓[9000, 31300] ↓[9000, 30621] ↓[9000, 29942] ↓[9000, 29263] ↓[9000, 29002] ↓[9000, 28323] ↓[9000, 28177] ↓[9000, 27684] ↓[9000, 27005] ↓[8000, 29002] ↓[8000, 28323] ↓[8000, 27661] ↓[8000, 27498] ↓[8000, 27358] ↓[8000, 27097] ↓[7000, 32664] ↓[7000, 31985] ↓[7000, 31306] ↓[7000, 31160] ↓[7000, 30481] ↓[7000, 30220] ↓[7000, 29541] ↓[7000, 28862] ↓[7000, 28716] ↓[7000, 28037] ↓[7000, 27922] ↓[7000, 27521] ↓[7000, 27406] ↓[6000, 32125] ↓[6000, 31446] ↓[6000, 31331] ↓[6000, 30652] ↓[6000, 30560] ↓[6000, 30414] ↓[6000, 29735] ↓[6000, 29286] ↓[6000, 29171] ↓[6000, 29025] ↓[6000, 28346] ↓[6000, 28231] ↓[5000, 34362] ↓[5000, 33944] ↓[5000, 33265] ↓[5000, 33119] ↓[5000, 32440] ↓[5000, 32179] ↓[5000, 32033] ↓[5000, 31354] ↓[5000, 30675] ↓[5000, 30560] ↓[5000, 30414] ↓[5000, 29735] ↓[5000, 29171]
  Stage 2: mono=5  conc=40  optimal=False
  R_1=0.8333  worst_trip=(l3,l7,tr2,k2)
  Dispatch: s1=16490  s2=15066  saving=1424

  [layered_large_seed3 w=150 proxy=exposure] Solving Stage 1 (limit=300s)...
  [S1 w=150 round 1] budget=299s best=None ↓257783 ↓256677 ↓255255 ↓253833 ↓253675 ↓252253 ↓251147 ↓250357 ↓248935 ↓245210 ↓241655 ↓240944 ↓239522 ↓238100 ↓237389 ↓237272 ↓237074 ↓236876 ↓236678 ↓235730 ↓234782 ↓234508 ↓234178 ↓233848 ↓233518 ↓232254 ↓226566 ↓226408 ↓225934 ↓224828 ↓224670 ↓224662 ↓224512 ↓223880 ↓223618 ↓223354 ↓223090 ↓222932 ↓222537 ↓221984 ↓221431 ↓220878 ↓220720 ↓220246 ↓220050 ↓219456 ↓217086 ↓216691 ↓216454 ↓216217 ↓215980 ↓215056 ↓214132 ↓213670 ↓213208 ↓212746 ↓212284 ↓212150 ↓211044 ↓209938 ↓209385 ↓209227 ↓208990 ↓208832 ↓208753 ↓208489 ↓208423 ↓208357 ↓208291 ↓208225 ↓208159 ↓207961 ↓207895 ↓207816 ↓207737 ↓207658 ↓207500 ↓204727 ↓199975 ↓199896 ↓199817 ↓199685 ↓199289 ↓199157 ↓199091 ↓198563 ↓197771 ↓196451 ↓193151 ↓192491 ↓192161 ↓191831 ↓191557 ↓190609 ↓190530 ↓190280 ↓190214 ↓190082 ↓190016 ↓189950 ↓189884 ↓189871 ↓189845 ↓189779 ↓189713 ↓189251 ↓188591 ↓187987 ↓186091 ↓185775 ↓185459 ↓185445 ↓185379 ↓185313 ↓185247 ↓184931 ↓184865 ↓184799 ↓184786 ↓184733 ↓184205 ↓184037 ↓182141 ↓181667 ↓181469 ↓181390 ↓181311 ↓181232 ↓181074 ↓180995 ↓180961 ↓180811 ↓180745 ↓180679 ↓178217 ↓175373 ↓173951 ↓173240 ↓173174 ↓173095 ↓173029 ↓172950 ↓172884 ↓172568 ↓172224 ↓171908 ↓171829 ↓171765 ↓171449 ↓171383 ↓171317 ↓171251 ↓171185 ↓170987 ↓170921 ↓168743 ↓168083 ↓167423 ↓166763 ↓166103 ↓165443 ↓164123 ↓163463 ↓163397 ↓163001 ↓162922 ↓162843 ↓162183 ↓162051 ↓161985 ↓161590 ↓161195 ↓161128 ↓161116 ↓161108 ↓160958 ↓160879 ↓160634 ↓159370 ↓158422 ↓156842 ↓156526 ↓156210 ↓155894 ↓155420 ↓154946 ↓153050 ↓152102 ↓151628 ↓151154 ↓149834 ↓149174 ↓147854 ↓146534 ↓145874 ↓145214 ↓144554 ↓143894 ↓143234 ↓143206 ↓142890 ↓142732 ↓142653 ↓142574 ↓141626 ↓133884 ↓133094 ↓132304 ↓132240 ↓132174 ↓131976 ↓131778 ↓131712 ↓131580 ↓131514 ↓130922 ↓130440 ↓130290 ↓130282 ↓130198 ↓130132 ↓129934 ↓129816 ↓129538 ↓129056 ↓129052 ↓128578 ↓128392 ↓127760 ↓127286 ↓126022 ↓125864 ↓124676 ↓124082 ↓123488 ↓122894 ↓122736 ↓122570 ↓122412 ↓122399 ↓122341 ↓122262 ↓122249 ↓114815 ↓114183 ↓112919 ↓111655 ↓111023 ↓110945 ↓110391 ↓110233 ↓106139 ↓105743 ↓105347 ↓105149 ↓105083 ↓105017 ↓104951 ↓104885 ↓104819 ↓104753 ↓104687 ↓104291 ↓104211 ↓104053 ↓103815 ↓103736 ↓103711 ↓103703 ↓103611 ↓103479 ↓103281 ↓101697 ↓101669 ↓101511 ↓101353 ↓101195 ↓101103 ↓101037 ↓100905 ↓100839 ↓100779 ↓100699 ↓100629 ↓100589 ↓100509 ↓100403 ↓100337 ↓100245 ↓100179 ↓100079 ↓100008 ↓99942 ↓99863 ↓99815 ↓99617 ↓99551 ↓99485 ↓99405 ↓99249 ↓99089 ↓99051 ↓98853 ↓98695 ↓98537 ↓98429 ↓98365 ↓98300 ↓97905 ↓97115 ↓96720 ↓95930 ↓95928 ↓95664 ↓94874 ↓94716 ↓94638 ↓94610 ↓94544 ↓94386 ↓94321 ↓94286 ↓94199 ↓94041 ↓94036 ↓94029 ↓94003 ↓93950 ↓93884 ↓93831 ↓93818 ↓93757 ↓93691 ↓93626 ↓93494 ↓93428 ↓93362 ↓93349 ↓93294 ↓92766 ↓92634 ↓92620 ↓92581 ↓92528 ↓92488 ↓92409 ↓92233 ↓91838 ↓91706 ↓91640 ↓91574 ↓91112 ↓90848 ↓90782 ↓90518 ↓89066 ↓88934 ↓88802 ↓88670 ↓88643 ↓88564 ↓88485 ↓88419 ↓88353 ↓88287 ↓88221 ↓88155 ↓88089 ↓88076 ↓88010 ↓87852 ↓86193 ↓83981 ↓83428 ↓81216 ↓80663 ↓80110 ↓79478 ↓79218 ↓78846 ↓78492 ↓78480 ↓78334 ↓78214 ↓78188 ↓77740 ↓77714 ↓77648 ↓77582 ↓77464 ↓77069 ↓77062 ↓76912 ↓76818 ↓76752 ↓76554 ↓76516 ↓76422 ↓76318 ↓76308 ↓76224 ↓76054 ↓75922 ↓75881 ↓75565 ↓75249 ↓75091 ↓74933 ↓74867 ↓74156 ↓72734 ↓72260 ↓71786 ↓71549 ↓71075 ↓70601 ↓70364 ↓70206 ↓69857 ↓67724 ↓67690 ↓67624 ↓67606 ↓67540 ↓67145 ↓66750 ↓66684 ↓65973 ↓65736 ↓65499 ↓65262 ↓65025 ↓64630 ↓64545 ↓64472 ↓64328 ↓64035 ↓63955 ↓62649 ↓62491 ↓62175 ↓61859 ↓61715 ↓61241 ↓61083 ↓60911 ↓60885 ↓60753 ↓60358 ↓60056 ↓60043 ↓59977 ↓59858 ↓59845 ↓59779 ↓59647 ↓59313 ↓57993 ↓56013 ↓54591 ↓54117 ↓53959 ↓53643 ↓53485 ↓53169 ↓52379 ↓51719 ↓50929 ↓50925 ↓50727 ↓50529 ↓50331 ↓50133 ↓49935 ↓49737 ↓49539 ↓49341 ↓49143 ↓48945 ↓48897 ↓48747 ↓48615 ↓48549 ↓48417 ↓48285 ↓48219 ↓47757 ↓47691 ↓47678 ↓41157 ↓40497 ↓39837 ↓39771 ↓38583 ↓37989 ↓37395 ↓36801 ↓36207 ↓36141 ↓36075 ↓36009 ↓35956 ↓35907 ↓35877 ↓35613 ↓35586 ↓35507 ↓35428 ↓35164 ↓35031 ↓35019 ↓34966 ↓34913 ↓34755 ↓34691 ↓34664 ↓34625 ↓34587 ↓34559 ↓34518 ↓34493 ↓34354 ↓34196 ↓34145 ↓34104 ↓33984 ↓33747 ↓33483 ↓33417 ↓33371 ↓33331 ↓33306 ↓33147 ↓33067 ↓33028 ↓32896 ↓32895 ↓32790 ↓32709 ↓32393 ↓32261 ↓32168 ↓32103 ↓32024 ↓31787 ↓31392 ↓31366 ↓31365 ↓31352 ↓31286 ↓31088 ↓31022 ↓30864 ↓30469 ↓30311 ↓29651 ↓29585 ↓29507 ↓29415 ↓29364 ↓29349 ↓29328 ↓29277 ↓29211 ↓29145 ↓29079 ↓28815 ↓28617 ↓28593 ↓28580 ↓28514 ↓28487 ↓28408 ↓28250 ↓27934 ↓27776 ↓27618 ↓27420 ↓27222 ↓27196 ↓27169 ↓27103 ↓26971 ↓26905 ↓26839 ↓26641 ↓26245 ↓25929 ↓25903 ↓25852 ↓25826 ↓25588 ↓25470 ↓25338 ↓25272 ↓24956 ↓24890 ↓24692 ↓24626 ↓24560 ↓24494 ↓24401 ↓24362 ↓24286 ↓24022 ↓23970 ↓23861 ↓23795 ↓23731 ↓23705 ↓23639 ↓23586 ↓23571 ↓23545 ↓23439 ↓23307 ↓23228 ↓23175 ↓23096 ↓23017 ↓22951 ↓22885 ↓22860 ↓22847 ↓22794 ↓22793 ↓22727 ↓22645 ↓22644 ↓22328 ↓22275 ↓22170 ↓22012 ↓21748 ↓21484 ↓21471 ↓21405 ↓21392 ↓21326 ↓21287 ↓21221 ↓21023 ↓20944 ↓20891 ↓20834 ↓20795 ↓20782 ↓20756 ↓20722 ↓20713 ↓20673 ↓20607 ↓20567 ↓20513 ↓20493 ↓20432 ↓20168 ↓20141 ↓20128 ↓20062 ↓19996 ↓19876 ↓19639 ↓19600 ↓19521 ↓19442 ↓19363 ↓19285 ↓19231 ↓18967 ↓18901 ↓18835 ↓18769 ↓18743 ↓18677 ↓18611 ↓18467 ↓18414 ↓18308 ↓18242 ↓18176 ↓18104 ↓17894 ↓17869 ↓17843 ↓17764 ↓17736 ↓17604
Stage 1: cost=17604  dominant=55  exposure=4  optimal=False
  R_TR=0.5333  worst_arc=(l1,l6,tr1)

  [layered_large_seed3 w=150 s2=off_off] Solving Stage 2 (limit=300s)... ↓[]
  Stage 2: mono=30  conc=49  optimal=False
  R_1=0.8333  worst_trip=(l2,l3,tr2,k2)
  Dispatch: s1=17004  s2=16358  saving=646

  [layered_large_seed3 w=150 s2=both] Solving Stage 2 (limit=300s)... ↓[29000, 34169] ↓[29000, 33344] ↓[28000, 33344] ↓[28000, 32920] ↓[27000, 34023] ↓[27000, 33599] ↓[14000, 34727] ↓[13000, 34727] ↓[13000, 33902] ↓[13000, 33647] ↓[13000, 32962] ↓[12000, 33787] ↓[12000, 32962] ↓[11000, 34466] ↓[11000, 33641] ↓[11000, 33386] ↓[11000, 33131] ↓[11000, 32816] ↓[11000, 32561] ↓[11000, 32306] ↓[10000, 34890] ↓[10000, 34065] ↓[10000, 33240] ↓[10000, 32985] ↓[10000, 32730] ↓[9000, 36091] ↓[9000, 35266] ↓[9000, 34441] ↓[9000, 33925] ↓[8000, 36515] ↓[8000, 35690] ↓[8000, 34865] ↓[8000, 34604] ↓[8000, 34349] ↓[8000, 34326] ↓[8000, 33762] ↓[8000, 33501] ↓[8000, 33246] ↓[7000, 39074] ↓[7000, 38134] ↓[7000, 37309] ↓[7000, 37194] ↓[7000, 36369] ↓[7000, 36114] ↓[7000, 35289] ↓[7000, 35120] ↓[7000, 34865] ↓[7000, 34859] ↓[7000, 34604] ↓[7000, 34441] ↓[7000, 34180] ↓[7000, 33925] ↓[7000, 33670] ↓[7000, 33501] ↓[7000, 33246] ↓[6000, 36509] ↓[6000, 35684] ↓[6000, 34859] ↓[6000, 34604] ↓[6000, 34441] ↓[6000, 34180] ↓[6000, 33925] ↓[6000, 33501] ↓[6000, 33246] ↓[6000, 33100] ↓[5000, 36770] ↓[5000, 35945] ↓[5000, 35266] ↓[5000, 35011] ↓[5000, 34865] ↓[5000, 34441] ↓[5000, 34186] ↓[5000, 34180] ↓[5000, 33925] ↓[5000, 33762] ↓[5000, 33756] ↓[5000, 33501] ↓[5000, 33246] ↓[5000, 33077] ↓[5000, 32816] ↓[4000, 37194] ↓[4000, 36933] ↓[4000, 36108] ↓[4000, 35962] ↓[4000, 35283] ↓[4000, 35028] ↓[4000, 34859] ↓[4000, 34604] ↓[4000, 34343] ↓[4000, 34088] ↓[4000, 33756] ↓[4000, 33501] ↓[3000, 36091] ↓[3000, 35266] ↓[3000, 35005] ↓[3000, 34859] ↓[3000, 34441] ↓[3000, 34180] ↓[3000, 33925] ↓[3000, 33670] ↓[3000, 33501] ↓[3000, 33246] ↓[3000, 33077] ↓[3000, 32816] ↓[3000, 32561] ↓[2000, 35830] ↓[2000, 35120] ↓[2000, 34696] ↓[2000, 34604] ↓[2000, 34180] ↓[2000, 33756] ↓[2000, 33501] ↓[2000, 33246] ↓[2000, 33240] ↓[2000, 32816] ↓[2000, 32561] ↓[2000, 32306] ↓[1000, 38297] ↓[1000, 37309] ↓[1000, 36885] ↓[1000, 36060] ↓[1000, 35945] ↓[1000, 35120] ↓[1000, 34859] ↓[1000, 34604] ↓[1000, 34458] ↓[1000, 34349] ↓[1000, 34203] ↓[1000, 34180] ↓[1000, 33925] ↓[1000, 33779] ↓[1000, 33670] ↓[1000, 33524] ↓[1000, 33501] ↓[1000, 33246] ↓[1000, 33240] ↓[1000, 33100] ↓[1000, 32991] ↓[1000, 32822] ↓[1000, 32816] ↓[1000, 32561] ↓[1000, 31991] ↓[1000, 31736] ↓[1000, 31481]
  Stage 2: mono=1  conc=45  optimal=False
  R_1=0.8333  worst_trip=(l2,l3,tr2,k1)
  Dispatch: s1=17004  s2=16252  saving=752

  [layered_large_seed3 w=200 proxy=exposure] Solving Stage 1 (limit=300s)...
  [S1 w=200 round 1] budget=299s best=None ↓257933 ↓256827 ↓255405 ↓253983 ↓253825 ↓252403 ↓251297 ↓250507 ↓249085 ↓245360 ↓241805 ↓241094 ↓239672 ↓238250 ↓237539 ↓237422 ↓237224 ↓237026 ↓236828 ↓235880 ↓234932 ↓234658 ↓234328 ↓233998 ↓233668 ↓233036 ↓232404 ↓231772 ↓231140 ↓228612 ↓227980 ↓227348 ↓226716 ↓225452 ↓225294 ↓224978 ↓224860 ↓224662 ↓223872 ↓223610 ↓223346 ↓223082 ↓222886 ↓222806 ↓222740 ↓222674 ↓222608 ↓222055 ↓221502 ↓220949 ↓220396 ↓220238 ↓220213 ↓219949 ↓218369 ↓217579 ↓216987 ↓216921 ↓216855 ↓216329 ↓216065 ↓215803 ↓215007 ↓214545 ↓214083 ↓214017 ↓213555 ↓213489 ↓213291 ↓213093 ↓212895 ↓212765 ↓212567 ↓212501 ↓212435 ↓212369 ↓212290 ↓212053 ↓211816 ↓211750 ↓211118 ↓203534 ↓202270 ↓201638 ↓200374 ↓199742 ↓199637 ↓199571 ↓199505 ↓199307 ↓198957 ↓197901 ↓197111 ↓193161 ↓192371 ↓191581 ↓190791 ↓190159 ↓190065 ↓189433 ↓189407 ↓189275 ↓188971 ↓188801 ↓188339 ↓187233 ↓186443 ↓180123 ↓179333 ↓178543 ↓177753 ↓176963 ↓176173 ↓175541 ↓175462 ↓175305 ↓175107 ↓167523 ↓166891 ↓164995 ↓164363 ↓163731 ↓163099 ↓163061 ↓162995 ↓162731 ↓161783 ↓160519 ↓159887 ↓159571 ↓159255 ↓158939 ↓157991 ↓156727 ↓155779 ↓155147 ↓154831 ↓154515 ↓154251 ↓153661 ↓153659 ↓153593 ↓153527 ↓153461 ↓152829 ↓152355 ↓152118 ↓151881 ↓151644 ↓151565 ↓151486 ↓151170 ↓150854 ↓150538 ↓149511 ↓149195 ↓149116 ↓148918 ↓148866 ↓148748 ↓148682 ↓148616 ↓148537 ↓148471 ↓148419 ↓148340 ↓148261 ↓148063 ↓147984 ↓147931 ↓147918 ↓147839 ↓147773 ↓147760 ↓147562 ↓147523 ↓147049 ↓146812 ↓146338 ↓146101 ↓145943 ↓145785 ↓145627 ↓145469 ↓145311 ↓145153 ↓144995 ↓144837 ↓144679 ↓144521 ↓144284 ↓144126 ↓144047 ↓143889 ↓143652 ↓143415 ↓141249 ↓139929 ↓136629 ↓135969 ↓135309 ↓135072 ↓134835 ↓134346 ↓134280 ↓134082 ↓133884 ↓133818 ↓133581 ↓133502 ↓133474 ↓133316 ↓133250 ↓132920 ↓132524 ↓132326 ↓132128 ↓131930 ↓131890 ↓131811 ↓131613 ↓131415 ↓131389 ↓131310 ↓131270 ↓130875 ↓130480 ↓130085 ↓128110 ↓127715 ↓126925 ↓126859 ↓126661 ↓126622 ↓126582 ↓126464 ↓126306 ↓125911 ↓123067 ↓120934 ↓120223 ↓118801 ↓117379 ↓116668 ↓116655 ↓116549 ↓116523 ↓116510 ↓116431 ↓116233 ↓116117 ↓116033 ↓115638 ↓110345 ↓109634 ↓108923 ↓108212 ↓107701 ↓107622 ↓106645 ↓105985 ↓105589 ↓105457 ↓105378 ↓105062 ↓104867 ↓104825 ↓104789 ↓104723 ↓104657 ↓104591 ↓104525 ↓104459 ↓104393 ↓104314 ↓104261 ↓104129 ↓103550 ↓102839 ↓102722 ↓102656 ↓102590 ↓102458 ↓102392 ↓102260 ↓101312 ↓100364 ↓98942 ↓98468 ↓97994 ↓97850 ↓97520 ↓97139 ↓97060 ↓96994 ↓96928 ↓96532 ↓96400 ↓96268 ↓96070 ↓95938 ↓95872 ↓95806 ↓95674 ↓95608 ↓95542 ↓92646 ↓84746 ↓83956 ↓83166 ↓82376 ↓82244 ↓79076 ↓77756 ↓77741 ↓77675 ↓77558 ↓77426 ↓77399 ↓77201 ↓77162 ↓76609 ↓76569 ↓76556 ↓76490 ↓76253 ↓76174 ↓76013 ↓74825 ↓74627 ↓74231 ↓74033 ↓73637 ↓73400 ↓73321 ↓73308 ↓73307 ↓73241 ↓73202 ↓73004 ↓72965 ↓72952 ↓72820 ↓72794 ↓72662 ↓72596 ↓72517 ↓72438 ↓72372 ↓72320 ↓72307 ↓72241 ↓72109 ↓72108 ↓71792 ↓71555 ↓71542 ↓71476 ↓71397 ↓71384 ↓71305 ↓71239 ↓71121 ↓71108 ↓71042 ↓70844 ↓70726 ↓70512 ↓69852 ↓67872 ↓66552 ↓65892 ↓64572 ↓64506 ↓64440 ↓64374 ↓64308 ↓64176 ↓64110 ↓64044 ↓63846 ↓63807 ↓63609 ↓63570 ↓63491 ↓63463 ↓63265 ↓63186 ↓63120 ↓63097 ↓63042 ↓63029 ↓62831 ↓62765 ↓62635 ↓62584 ↓62426 ↓62347 ↓62189 ↓61873 ↓61636 ↓61557 ↓61478 ↓61346 ↓61292 ↓61213 ↓61134 ↓61055 ↓60976 ↓60897 ↓60818 ↓60792 ↓60726 ↓60660 ↓60647 ↓60266 ↓60159 ↓60066 ↓60013 ↓59934 ↓59749 ↓59394 ↓59328 ↓59196 ↓58998 ↓58800 ↓58784 ↓58705 ↓58626 ↓58601 ↓58389 ↓58362 ↓58296 ↓58217 ↓58138 ↓58125 ↓56308 ↓55834 ↓55768 ↓55690 ↓55492 ↓55240 ↓54712 ↓54316 ↓54052 ↓53986 ↓53920 ↓53867 ↓53814 ↓53801 ↓53788 ↓53748 ↓53683 ↓53551 ↓53472 ↓50646 ↓49986 ↓49907 ↓49512 ↓49496 ↓49445 ↓49379 ↓49313 ↓49247 ↓48852 ↓48786 ↓48720 ↓48654 ↓48325 ↓48259 ↓47994 ↓47966 ↓47887 ↓47808 ↓47492 ↓47466 ↓47070 ↓46674 ↓46278 ↓46199 ↓45883 ↓45223 ↓44695 ↓44035 ↓43507 ↓43243 ↓42979 ↓42913 ↓42899 ↓42847 ↓42781 ↓42780 ↓42701 ↓42622 ↓42556 ↓42370 ↓42054 ↓41988 ↓41909 ↓41659 ↓40079 ↓38499 ↓37709 ↓37313 ↓37311 ↓37153 ↓37151 ↓37074 ↓36876 ↓36866 ↓36800 ↓36735 ↓36695 ↓36587 ↓35639 ↓35628 ↓35558 ↓35532 ↓35466 ↓35372 ↓35190 ↓35070 ↓34596 ↓34542 ↓34266 ↓34108 ↓34082 ↓34016 ↓33950 ↓33896 ↓33894 ↓33892 ↓33826 ↓33760 ↓33444 ↓33286 ↓33128 ↓32812 ↓32746 ↓32680 ↓32218 ↓32086 ↓32072 ↓32006 ↓31940 ↓31900 ↓31848 ↓31703 ↓31624 ↓31545 ↓31466 ↓31334 ↓31071 ↓30872 ↓30834 ↓30781 ↓30583 ↓30569 ↓30253 ↓30226 ↓30160 ↓30094 ↓30013 ↓29934 ↓29881 ↓29632 ↓29434 ↓29368 ↓29118 ↓29052 ↓28774 ↓28578 ↓28552 ↓28500 ↓28474 ↓28367 ↓28342 ↓28316 ↓28250 ↓28118 ↓28052 ↓27986 ↓27788 ↓27722 ↓27656 ↓27524 ↓27392 ↓27326 ↓27260 ↓27194 ↓27181 ↓27102 ↓26822 ↓26742 ↓26584 ↓26426 ↓26334 ↓26255 ↓26189 ↓25952 ↓25941 ↓25876 ↓25810 ↓25784 ↓25717 ↓25651 ↓25585 ↓25427 ↓25370 ↓25304 ↓25093 ↓24961 ↓24777 ↓24766 ↓24713 ↓24647 ↓24581 ↓24449 ↓24423 ↓24344 ↓24238 ↓24189 ↓23991 ↓23727 ↓23569 ↓23529 ↓23463 ↓23419 ↓23353 ↓23195 ↓23192 ↓22797 ↓22718 ↓22639 ↓22560 ↓22402 ↓22323 ↓22165 ↓21571 ↓21530 ↓21372 ↓21293 ↓21135 ↓21056 ↓21043 ↓20858 ↓20794 ↓20687 ↓20566 ↓20488 ↓20356 ↓20224 ↓20092 ↓19432 ↓19246 ↓19088 ↓18930 ↓18851 ↓18772 ↓18732 ↓18693 ↓18640 ↓18628 ↓18470 ↓18418 ↓18390 ↓18286 ↓18232 ↓18178 ↓18020 ↓17704 ↓17504
Stage 1: cost=17504  dominant=54  exposure=3  optimal=False
  R_TR=0.5667  worst_arc=(l4,l7,tr1)

  [layered_large_seed3 w=200 s2=off_off] Solving Stage 2 (limit=300s)... ↓[]
  Stage 2: mono=25  conc=49  optimal=False
  R_1=0.8  worst_trip=(l1,l3,tr2,k1)
  Dispatch: s1=16904  s2=16442  saving=462

  [layered_large_seed3 w=200 s2=both] Solving Stage 2 (limit=300s)... ↓[25000, 37593] ↓[25000, 36768] ↓[25000, 36653] ↓[25000, 35828] ↓[24000, 36653] ↓[24000, 35828] ↓[24000, 35573] ↓[24000, 35149] ↓[23000, 37077] ↓[23000, 36252] ↓[23000, 35828] ↓[23000, 30619] ↓[22000, 31983] ↓[22000, 31590] ↓[22000, 31189] ↓[22000, 30765] ↓[22000, 30619] ↓[22000, 30364] ↓[22000, 29940] ↓[21000, 32129] ↓[21000, 31705] ↓[21000, 31444] ↓[21000, 30619] ↓[21000, 30364] ↓[21000, 29940] ↓[21000, 29516] ↓[20000, 34132] ↓[20000, 32760] ↓[20000, 32244] ↓[20000, 32129] ↓[20000, 31396] ↓[20000, 30880] ↓[20000, 30571] ↓[20000, 30479] ↓[20000, 30055] ↓[20000, 29777] ↓[20000, 29685] ↓[20000, 29261] ↓[19000, 33470] ↓[19000, 32645] ↓[19000, 32221] ↓[19000, 32106] ↓[19000, 31820] ↓[19000, 31705] ↓[19000, 31281] ↓[19000, 31026] ↓[19000, 30602] ↓[19000, 30510] ↓[19000, 30086] ↓[19000, 29685] ↓[19000, 29261] ↓[19000, 28860] ↓[19000, 28436] ↓[19000, 28127] ↓[18000, 35143] ↓[18000, 33263] ↓[18000, 32438] ↓[18000, 32152] ↓[18000, 31728] ↓[18000, 31613] ↓[18000, 30903] ↓[18000, 30224] ↓[18000, 30109] ↓[18000, 30078] ↓[18000, 29399] ↓[18000, 28975] ↓[18000, 28551] ↓[18000, 28436] ↓[18000, 28035] ↓[17000, 33894] ↓[17000, 32954] ↓[17000, 32129] ↓[17000, 31304] ↓[17000, 30880] ↓[17000, 30625] ↓[17000, 30201] ↓[17000, 29800] ↓[17000, 29376] ↓[17000, 29261] ↓[17000, 28952] ↓[17000, 28551] ↓[17000, 28436] ↓[17000, 28035] ↓[17000, 27611] ↓[16000, 34203] ↓[16000, 33894] ↓[16000, 33069] ↓[16000, 32244] ↓[16000, 31419] ↓[16000, 31304] ↓[16000, 30995] ↓[16000, 30479] ↓[16000, 30170] ↓[16000, 30055] ↓[16000, 29800] ↓[16000, 29491] ↓[16000, 29376] ↓[16000, 28975] ↓[16000, 28860] ↓[16000, 28551] ↓[16000, 28436] ↓[16000, 28012] ↓[16000, 27588] ↓[16000, 27425] ↓[16000, 27024] ↓[16000, 26909] ↓[16000, 26878] ↓[16000, 26623] ↓[16000, 26199] ↓[16000, 26084] ↓[16000, 25938] ↓[15000, 31281] ↓[15000, 31043] ↓[15000, 30619] ↓[15000, 30218] ↓[15000, 29794] ↓[15000, 29539] ↓[15000, 29115] ↓[15000, 28436] ↓[15000, 28290] ↓[15000, 28158] ↓[15000, 28012] ↓[15000, 27333] ↓[15000, 27302] ↓[15000, 27047] ↓[15000, 26932] ↓[15000, 26508] ↓[15000, 26362] ↓[15000, 26107] ↓[14000, 31705] ↓[14000, 31573] ↓[14000, 31172] ↓[14000, 30748] ↓[14000, 30602] ↓[14000, 29923] ↓[14000, 29892] ↓[14000, 29777] ↓[14000, 29376] ↓[14000, 29353] ↓[14000, 29207] ↓[14000, 28952] ↓[14000, 28528] ↓[14000, 28127] ↓[14000, 28012] ↓[14000, 27872] ↓[14000, 27757] ↓[14000, 27703] ↓[14000, 27448] ↓[14000, 27302] ↓[14000, 27047] ↓[14000, 26932] ↓[14000, 26508] ↓[14000, 26362] ↓[14000, 26107] ↓[13000, 34410] ↓[13000, 34009] ↓[13000, 33894] ↓[13000, 33616] ↓[13000, 32791] ↓[13000, 32645] ↓[13000, 31966] ↓[13000, 31705] ↓[13000, 31026] ↓[13000, 30863] ↓[13000, 30734] ↓[13000, 30055] ↓[13000, 30024] ↓[13000, 29769] ↓[13000, 29345] ↓[13000, 29230] ↓[13000, 28551] ↓[13000, 28405] ↓[13000, 27726] ↓[12000, 36739] ↓[12000, 34997] ↓[12000, 34318] ↓[12000, 34057] ↓[12000, 33378] ↓[12000, 32808] ↓[12000, 32129] ↓[12000, 32098] ↓[12000, 31419] ↓[12000, 31304] ↓[12000, 31018] ↓[12000, 30594] ↓[12000, 30479] ↓[12000, 30170] ↓[12000, 30055] ↓[12000, 29491] ↓[12000, 29345] ↓[12000, 28666] ↓[12000, 28551] ↓[12000, 28411] ↓[12000, 28296] ↓[12000, 28127] ↓[12000, 27872] ↓[12000, 27818] ↓[12000, 27703] ↓[11000, 34665] ↓[11000, 34410] ↓[11000, 34264] ↓[11000, 33585] ↓[11000, 33439] ↓[11000, 32760] ↓[11000, 32336] ↓[11000, 32221] ↓[11000, 31966] ↓[11000, 31542] ↓[11000, 31233] ↓[11000, 31141] ↓[11000, 30717] ↓[11000, 30686] ↓[11000, 30431] ↓[11000, 29800] ↓[11000, 29491] ↓[11000, 29376] ↓[11000, 29236] ↓[11000, 29121] ↓[11000, 28975] ↓[10000, 35513] ↓[10000, 35089] ↓[10000, 34688] ↓[10000, 34264] ↓[10000, 33585] ↓[10000, 33161] ↓[10000, 32760] ↓[10000, 32645] ↓[10000, 32530] ↓[10000, 31705] ↓[10000, 30995] ↓[10000, 30170] ↓[10000, 30055] ↓[10000, 29915] ↓[10000, 29800] ↓[10000, 29345] ↓[10000, 29090] ↓[10000, 28975] ↓[10000, 28666] ↓[10000, 28411] ↓[10000, 28296] ↓[10000, 27987] ↓[10000, 27732] ↓[10000, 27617] ↓[9000, 33470] ↓[9000, 33215] ↓[9000, 32536] ↓[9000, 31857] ↓[9000, 31433] ↓[9000, 31287] ↓[9000, 31032] ↓[9000, 30608] ↓[9000, 30462] ↓[9000, 30207] ↓[9000, 29783] ↓[9000, 29522] ↓[9000, 28843] ↓[9000, 28812] ↓[9000, 28697] ↓[9000, 28442] ↓[9000, 28296] ↓[9000, 27872] ↓[9000, 27617] ↓[9000, 27193] ↓[9000, 27047] ↓[9000, 26792] ↓[9000, 26677] ↓[9000, 26562] ↓[9000, 26508] ↓[9000, 26253] ↓[9000, 26138] ↓[9000, 26084] ↓[9000, 25683] ↓[8000, 35822] ↓[8000, 35235] ↓[8000, 34556] ↓[8000, 34410] ↓[8000, 33731] ↓[8000, 33476] ↓[8000, 32906] ↓[8000, 32651] ↓[8000, 32536] ↓[8000, 32530] ↓[8000, 32275] ↓[8000, 31851] ↓[8000, 31172] ↓[8000, 30493] ↓[8000, 30347] ↓[8000, 29668] ↓[8000, 29522] ↓[8000, 29267] ↓[8000, 29152] ↓[8000, 28697] ↓[8000, 28442] ↓[8000, 28018] ↓[8000, 27763] ↓[8000, 27648] ↓[8000, 27393] ↓[8000, 27224] ↓[8000, 26969] ↓[8000, 26514] ↓[8000, 26259] ↓[7000, 35914] ↓[7000, 35381] ↓[7000, 34702] ↓[7000, 34556] ↓[7000, 33877] ↓[7000, 33453] ↓[7000, 33052] ↓[7000, 32628] ↓[7000, 32513] ↓[7000, 32390] ↓[7000, 31966] ↓[7000, 31565] ↓[7000, 31141] ↓[7000, 30886] ↓[7000, 30462] ↓[7000, 29783] ↓[7000, 29522] ↓[7000, 28843] ↓[7000, 28697] ↓[7000, 28442] ↓[7000, 28018] ↓[7000, 27763] ↓[7000, 27339] ↓[7000, 27084] ↓[7000, 27061] ↓[7000, 26800] ↓[6000, 35513] ↓[6000, 34980] ↓[6000, 34301] ↓[6000, 34155] ↓[6000, 33476] ↓[6000, 33330] ↓[6000, 33209] ↓[6000, 32530] ↓[6000, 31851] ↓[6000, 31705] ↓[6000, 31026] ↓[6000, 30880] ↓[6000, 30201] ↓[6000, 29522] ↓[6000, 28843] ↓[6000, 28582] ↓[6000, 27903] ↓[6000, 27224] ↓[6000, 27084] ↓[6000, 26909] ↓[6000, 26508] ↓[6000, 26393] ↓[6000, 25714] ↓[6000, 25313] ↓[5000, 27078] ↓[5000, 26253] ↓[5000, 26138] ↓[5000, 25313] ↓[5000, 24889] ↓[5000, 24634] ↓[5000, 24465] ↓[5000, 24210] ↓[5000, 24064] ↓[5000, 23640] ↓[5000, 23239] ↓[5000, 22961] ↓[5000, 22560] ↓[5000, 21457]
  Stage 2: mono=5  conc=31  optimal=False
  R_1=0.8333  worst_trip=(l1,l3,tr2,k2)
  Dispatch: s1=16904  s2=15044  saving=1860

  [layered_large_seed3 w=250 proxy=exposure] Solving Stage 1 (limit=300s)...
  [S1 w=250 round 1] budget=299s best=None ↓258083 ↓256977 ↓255555 ↓254133 ↓253975 ↓252553 ↓251447 ↓250657 ↓249235 ↓245510 ↓241955 ↓241244 ↓239822 ↓238400 ↓237689 ↓237572 ↓237374 ↓237176 ↓236978 ↓236030 ↓235082 ↓234808 ↓234478 ↓234148 ↓233818 ↓233186 ↓232554 ↓231922 ↓231290 ↓228762 ↓228130 ↓227498 ↓226866 ↓226708 ↓226234 ↓225918 ↓225760 ↓225444 ↓224970 ↓224812 ↓224288 ↓224024 ↓223760 ↓223496 ↓223232 ↓222126 ↓221573 ↓221020 ↓220862 ↓220072 ↓219282 ↓218492 ↓218164 ↓218032 ↓217966 ↓217900 ↓217834 ↓217768 ↓216978 ↓216778 ↓215854 ↓215392 ↓214930 ↓214773 ↓214575 ↓214338 ↓214299 ↓214167 ↓214101 ↓213469 ↓213311 ↓213271 ↓212809 ↓212481 ↓212347 ↓212019 ↓211483 ↓210693 ↓209903 ↓209113 ↓208651 ↓208323 ↓208165 ↓208007 ↓207849 ↓207387 ↓196801 ↓196011 ↓195221 ↓194431 ↓194115 ↓193957 ↓188413 ↓187621 ↓187225 ↓187219 ↓187021 ↓186231 ↓185441 ↓184651 ↓183861 ↓181254 ↓181017 ↓180543 ↓180306 ↓179516 ↓177304 ↓176988 ↓176356 ↓176040 ↓175724 ↓175408 ↓175092 ↓174776 ↓174762 ↓174696 ↓174156 ↓174116 ↓173958 ↓173168 ↓172378 ↓172220 ↓171430 ↓171272 ↓170902 ↓170638 ↓170374 ↓170110 ↓169952 ↓169715 ↓169478 ↓169214 ↓168290 ↓167696 ↓167102 ↓167063 ↓166997 ↓166931 ↓166694 ↓166536 ↓166533 ↓165743 ↓165585 ↓165519 ↓165453 ↓165058 ↓164663 ↓164597 ↓164439 ↓164202 ↓163649 ↓163646 ↓163251 ↓162327 ↓162195 ↓162063 ↓161639 ↓161007 ↓160979 ↓160715 ↓160347 ↓160083 ↓159938 ↓159688 ↓159556 ↓158924 ↓158845 ↓158766 ↓158687 ↓158608 ↓158450 ↓158371 ↓158292 ↓156159 ↓155211 ↓154895 ↓154829 ↓154817 ↓154816 ↓154750 ↓154655 ↓154457 ↓154445 ↓154247 ↓154181 ↓154049 ↓153983 ↓153825 ↓153667 ↓152877 ↓152087 ↓151941 ↓151940 ↓151888 ↓151690 ↓149050 ↓148390 ↓147070 ↓146410 ↓145750 ↓145722 ↓145564 ↓145406 ↓145248 ↓145090 ↓145038 ↓144982 ↓144824 ↓144666 ↓144350 ↓144258 ↓144192 ↓144061 ↓143929 ↓143797 ↓143783 ↓143651 ↓143585 ↓143519 ↓143453 ↓143387 ↓137857 ↓136277 ↓135487 ↓133907 ↓133117 ↓132921 ↓132525 ↓132367 ↓132209 ↓131893 ↓131815 ↓131617 ↓131565 ↓131499 ↓131367 ↓130707 ↓129651 ↓129585 ↓129519 ↓129321 ↓129255 ↓129015 ↓128383 ↓128119 ↓126779 ↓117931 ↓117299 ↓117220 ↓117154 ↓117075 ↓116364 ↓115969 ↓115574 ↓115482 ↓115416 ↓115311 ↓114995 ↓113099 ↓112467 ↓111756 ↓111440 ↓110808 ↓110176 ↓108912 ↓108596 ↓107885 ↓105752 ↓105041 ↓104909 ↓104843 ↓104697 ↓104618 ↓102797 ↓102665 ↓102533 ↓102401 ↓102269 ↓102071 ↓102005 ↓98969 ↓97649 ↓96989 ↓96923 ↓96659 ↓96593 ↓96395 ↓96212 ↓95948 ↓95750 ↓95354 ↓95222 ↓95024 ↓94972 ↓94958 ↓94826 ↓94760 ↓94694 ↓94562 ↓94364 ↓94298 ↓94166 ↓94100 ↓94034 ↓93968 ↓93902 ↓93770 ↓93506 ↓92978 ↓92450 ↓91922 ↓90866 ↓90338 ↓90272 ↓90244 ↓90178 ↓90046 ↓89914 ↓89782 ↓89716 ↓89650 ↓89452 ↓89444 ↓89180 ↓88970 ↓88496 ↓88232 ↓88180 ↓88022 ↓87864 ↓87706 ↓87548 ↓87390 ↓87126 ↓86664 ↓86202 ↓84816 ↓84618 ↓84590 ↓84566 ↓84500 ↓84422 ↓84026 ↓83947 ↓83474 ↓80630 ↓80102 ↓79970 ↓79904 ↓79892 ↓79496 ↓79442 ↓79178 ↓78914 ↓78848 ↓78584 ↓78452 ↓78440 ↓78387 ↓78044 ↓77912 ↓77792 ↓77780 ↓77726 ↓77594 ↓77528 ↓77396 ↓77264 ↓77120 ↓77027 ↓76988 ↓76922 ↓76856 ↓76790 ↓76776 ↓76512 ↓76446 ↓75972 ↓75840 ↓75498 ↓75459 ↓75420 ↓75366 ↓74734 ↓74630 ↓74498 ↓74432 ↓74366 ↓74288 ↓74249 ↓74222 ↓74156 ↓74102 ↓74064 ↓74012 ↓73880 ↓73748 ↓73721 ↓73682 ↓73484 ↓73380 ↓71484 ↓70852 ↓70220 ↓69035 ↓68640 ↓68245 ↓67850 ↓67455 ↓67060 ↓66665 ↓66270 ↓66166 ↓66034 ↓65666 ↓65638 ↓65243 ↓64453 ↓64058 ↓63663 ↓63597 ↓63399 ↓63135 ↓63031 ↓62886 ↓62688 ↓62622 ↓62571 ↓62505 ↓62307 ↓62109 ↓62016 ↓61977 ↓61779 ↓61713 ↓61675 ↓61411 ↓61279 ↓61161 ↓61108 ↓60977 ↓60896 ↓60764 ↓60383 ↓60041 ↓59249 ↓58985 ↓58721 ↓58405 ↓58397 ↓57803 ↓56855 ↓55907 ↓55433 ↓55289 ↓54959 ↓54643 ↓54379 ↓53073 ↓47133 ↓46473 ↓46275 ↓46184 ↓45986 ↓45947 ↓45854 ↓45828 ↓45722 ↓45696 ↓45630 ↓45262 ↓45196 ↓45091 ↓45011 ↓44998 ↓44970 ↓44946 ↓44748 ↓44696 ↓44630 ↓44564 ↓41924 ↓40604 ↓39944 ↓39284 ↓39070 ↓39043 ↓38964 ↓38885 ↓38806 ↓38740 ↓38659 ↓38577 ↓38261 ↓38103 ↓37945 ↓37471 ↓37313 ↓36653 ↓35891 ↓35642 ↓35430 ↓35180 ↓34982 ↓34520 ↓34388 ↓34378 ↓34246 ↓34167 ↓33982 ↓33850 ↓33718 ↓33665 ↓33639 ↓33507 ↓33165 ↓33139 ↓32902 ↓32836 ↓32770 ↓32640 ↓32596 ↓32530 ↓32519 ↓32321 ↓31925 ↓31793 ↓31727 ↓31712 ↓31633 ↓31475 ↓31080 ↓30922 ↓30764 ↓30606 ↓30540 ↓30290 ↓30224 ↓30185 ↓30119 ↓30053 ↓29855 ↓29789 ↓29723 ↓29657 ↓29249 ↓29091 ↓29025 ↓28867 ↓28855 ↓28748 ↓28723 ↓28327 ↓27931 ↓27220 ↓27193 ↓27182 ↓27024 ↓26995 ↓26864 ↓26760 ↓26602 ↓26600 ↓26534 ↓26522 ↓26364 ↓26258 ↓26206 ↓26100 ↓25942 ↓25904 ↓25890 ↓25878 ↓25812 ↓25746 ↓25549 ↓25417 ↓25338 ↓25193 ↓25142 ↓24812 ↓24746 ↓24680 ↓24206 ↓24061 ↓23876 ↓23797 ↓23795 ↓23716 ↓23637 ↓23571 ↓23466 ↓23309 ↓23297 ↓23275 ↓23209 ↓23117 ↓23104 ↓23090 ↓22987 ↓22974 ↓22908 ↓22896 ↓22790 ↓22749 ↓22683 ↓22617 ↓22551 ↓22419 ↓22340 ↓22261 ↓22076 ↓21997 ↓21944 ↓21865 ↓21667 ↓21205 ↓20968 ↓20889 ↓20757 ↓20639 ↓20625 ↓20606 ↓20579 ↓20447 ↓20368 ↓20342 ↓20341 ↓20315 ↓20236 ↓20104 ↓20025 ↓19867 ↓19854 ↓19775 ↓19617 ↓19577 ↓19498 ↓19340 ↓19261 ↓19103 ↓19024 ↓18945 ↓18549 ↓18285 ↓18153 ↓18087 ↓18021 ↓17955 ↓17863 ↓17784 ↓17731 ↓17467 ↓17401 ↓16769 ↓16664 ↓16532 ↓16466 ↓16387 ↓16374 ↓16308 ↓16242 ↓16084 ↓16083 ↓16057 ↓16018 ↓15952 ↓15913 ↓15756 ↓15740 ↓15738 ↓15672 ↓15643 ↓15526 ↓15290 ↓15224 ↓15092 ↓15026 ↓14894 ↓14828 ↓14762 ↓14630 ↓14380 ↓14367 ↓14288 ↓14249 ↓14224 ↓14169 ↓14115 ↓13957 ↓13930 ↓13825 ↓13799 ↓13746 ↓13614 ↓13575 ↓13509 ↓13430 ↓13377 ↓13245
Stage 1: cost=13245  dominant=54  exposure=3  optimal=False
  R_TR=0.5667  worst_arc=(l2,l4,tr2)

  [layered_large_seed3 w=250 s2=off_off] Solving Stage 2 (limit=300s)... ↓[]
  Stage 2: mono=21  conc=47  optimal=False
  R_1=0.8  worst_trip=(l1,l3,tr2,k3)
  Dispatch: s1=12495  s2=11981  saving=514

  [layered_large_seed3 w=250 s2=both] Solving Stage 2 (limit=300s)... ↓[23000, 35788] ↓[23000, 27485] ↓[22000, 29365] ↓[22000, 28425] ↓[21000, 30190] ↓[21000, 29250] ↓[19000, 25565] ↓[19000, 24740] ↓[18000, 24740] ↓[17000, 24740] ↓[16000, 24740] ↓[15000, 24740] ↓[14000, 27069] ↓[14000, 26923] ↓[14000, 26808] ↓[14000, 26244] ↓[14000, 26098] ↓[13000, 26923] ↓[13000, 26244] ↓[12000, 28009] ↓[12000, 25983] ↓[12000, 25304] ↓[11000, 27215] ↓[11000, 27069] ↓[11000, 26390] ↓[11000, 25565] ↓[10000, 27894] ↓[10000, 27748] ↓[10000, 27215] ↓[10000, 26390] ↓[9000, 28063] ↓[9000, 27894] ↓[9000, 27215] ↓[9000, 27069] ↓[8000, 28834] ↓[8000, 27215] ↓[8000, 27100] ↓[8000, 26275] ↓[7000, 27100] ↓[6000, 28464] ↓[6000, 28287] ↓[6000, 28178] ↓[6000, 28063] ↓[6000, 27917] ↓[6000, 27802] ↓[6000, 27662] ↓[6000, 27547] ↓[6000, 27238] ↓[6000, 26814] ↓[5000, 30229] ↓[5000, 30215] ↓[5000, 29954] ↓[5000, 29112] ↓[5000, 28851] ↓[5000, 28026] ↓[5000, 27347] ↓[5000, 27201] ↓[4000, 29822] ↓[4000, 29519] ↓[4000, 29373] ↓[4000, 28694] ↓[4000, 28178] ↓[4000, 28063] ↓[4000, 27754] ↓[3000, 30344] ↓[3000, 29567] ↓[3000, 28742] ↓[3000, 28596] ↓[3000, 28579] ↓[2000, 31848] ↓[2000, 31023] ↓[2000, 30507] ↓[2000, 30246] ↓[2000, 30100] ↓[2000, 29954] ↓[2000, 29845] ↓[2000, 29699] ↓[2000, 29567] ↓[2000, 29421] ↓[2000, 29166] ↓[2000, 29143] ↓[2000, 28882] ↓[2000, 28736] ↓[2000, 28464] ↓[2000, 28203] ↓[2000, 28057] ↓[2000, 27639] ↓[2000, 27378] ↓[2000, 27232] ↓[2000, 27123] ↓[2000, 26977] ↓[2000, 26699] ↓[2000, 26553] ↓[2000, 26438] ↓[2000, 26298] ↓[2000, 26292] ↓[2000, 26037] ↓[2000, 25891] ↓[2000, 25874] ↓[2000, 25759] ↓[2000, 25613] ↓[2000, 25467] ↓[2000, 25212]
  Stage 2: mono=2  conc=36  optimal=False
  R_1=0.8667  worst_trip=(l1,l3,tr1,k2)
  Dispatch: s1=12495  s2=11349  saving=1146

  [layered_large_seed3 w=300 proxy=exposure] Solving Stage 1 (limit=300s)...
  [S1 w=300 round 1] budget=299s best=None ↓258233 ↓257127 ↓255705 ↓254283 ↓254125 ↓252703 ↓251597 ↓250807 ↓249385 ↓245660 ↓242105 ↓241394 ↓239972 ↓238550 ↓237839 ↓237722 ↓237524 ↓237326 ↓237128 ↓236180 ↓235232 ↓234958 ↓234628 ↓234298 ↓233968 ↓233336 ↓232704 ↓232072 ↓231440 ↓230808 ↓228280 ↓227648 ↓227016 ↓226858 ↓226384 ↓226068 ↓225752 ↓225278 ↓225120 ↓224962 ↓224172 ↓223910 ↓223646 ↓223382 ↓222829 ↓222276 ↓221170 ↓221012 ↓220868 ↓220736 ↓220670 ↓220604 ↓219024 ↓218234 ↓218038 ↓217485 ↓217419 ↓215571 ↓215109 ↓214647 ↓214185 ↓213261 ↓212799 ↓212669 ↓212207 ↓212037 ↓211958 ↓211879 ↓211721 ↓211484 ↓211444 ↓211326 ↓211168 ↓211089 ↓210627 ↓210615 ↓210429 ↓210350 ↓209756 ↓206588 ↓203948 ↓203420 ↓202892 ↓202364 ↓201836 ↓201545 ↓201506 ↓201281 ↓201083 ↓200951 ↓200819 ↓200555 ↓200423 ↓200291 ↓200054 ↓199896 ↓199895 ↓199763 ↓199631 ↓198683 ↓198367 ↓198235 ↓197998 ↓197641 ↓197575 ↓197509 ↓197114 ↓197035 ↓196925 ↓195737 ↓195341 ↓194747 ↓194273 ↓194036 ↓193799 ↓193694 ↓193628 ↓193625 ↓193493 ↓192899 ↓192701 ↓192569 ↓192227 ↓191753 ↓191621 ↓191555 ↓191489 ↓191450 ↓191423 ↓191291 ↓191252 ↓191186 ↓189527 ↓188579 ↓187631 ↓187157 ↓187091 ↓187025 ↓187009 ↓186851 ↓186693 ↓186535 ↓186377 ↓185903 ↓185771 ↓185705 ↓185231 ↓184994 ↓184757 ↓184547 ↓184415 ↓184283 ↓184046 ↓183968 ↓183902 ↓177266 ↓173316 ↓172526 ↓171736 ↓170946 ↓170867 ↓170736 ↓170604 ↓170472 ↓170393 ↓170314 ↓170235 ↓170130 ↓170064 ↓169985 ↓169906 ↓168124 ↓167530 ↓166936 ↓166342 ↓166276 ↓166183 ↓166144 ↓166119 ↓166053 ↓165987 ↓164091 ↓163933 ↓163617 ↓163459 ↓163301 ↓163143 ↓163064 ↓163024 ↓162866 ↓162827 ↓162787 ↓162773 ↓162615 ↓162457 ↓157163 ↓156503 ↓155843 ↓155183 ↓154523 ↓153863 ↓153335 ↓152741 ↓152147 ↓151553 ↓151355 ↓151157 ↓150841 ↓150643 ↓150563 ↓150485 ↓150445 ↓150431 ↓150115 ↓149957 ↓149917 ↓149759 ↓149429 ↓149165 ↓148835 ↓148822 ↓148756 ↓148690 ↓148492 ↓148426 ↓148360 ↓148321 ↓148255 ↓148189 ↓148123 ↓148109 ↓148030 ↓147951 ↓147872 ↓147793 ↓147319 ↓146371 ↓145423 ↓145186 ↓144712 ↓144475 ↓143764 ↓143685 ↓143659 ↓143606 ↓132230 ↓131598 ↓131203 ↓131190 ↓131124 ↓131086 ↓130888 ↓130690 ↓130624 ↓130426 ↓130360 ↓130294 ↓130228 ↓130188 ↓130030 ↓129898 ↓129660 ↓129594 ↓129362 ↓129230 ↓129098 ↓128702 ↓128438 ↓128306 ↓127674 ↓127608 ↓127542 ↓126882 ↓126222 ↓124902 ↓123582 ↓122922 ↓122262 ↓122234 ↓122196 ↓122130 ↓121998 ↓121866 ↓121734 ↓121602 ↓121574 ↓121467 ↓121388 ↓121310 ↓121244 ↓121206 ↓121167 ↓121162 ↓121098 ↓120966 ↓120900 ↓120702 ↓120504 ↓119872 ↓119278 ↓119146 ↓119014 ↓118948 ↓118882 ↓118829 ↓118763 ↓118697 ↓118670 ↓118499 ↓118433 ↓118368 ↓118235 ↓118195 ↓118129 ↓117813 ↓117023 ↓116865 ↓116707 ↓116549 ↓116470 ↓115282 ↓115018 ↓114952 ↓114886 ↓114833 ↓114767 ↓114754 ↓114358 ↓113038 ↓111718 ↓111058 ↓110398 ↓109738 ↓109606 ↓109474 ↓109078 ↓108682 ↓108550 ↓108418 ↓108286 ↓108220 ↓108193 ↓108167 ↓108113 ↓107876 ↓107797 ↓107665 ↓107554 ↓106843 ↓106132 ↓105671 ↓105644 ↓105565 ↓105169 ↓105073 ↓105037 ↓105007 ↓104849 ↓104651 ↓104545 ↓104453 ↓104387 ↓103067 ↓101087 ↓100427 ↓99767 ↓99107 ↓98447 ↓97127 ↓96467 ↓95807 ↓95147 ↓95091 ↓94933 ↓94775 ↓94617 ↓94459 ↓94301 ↓94143 ↓89166 ↓88455 ↓87033 ↓86322 ↓85611 ↓84900 ↓84849 ↓84585 ↓84453 ↓84006 ↓84005 ↓83873 ↓83636 ↓83584 ↓83518 ↓83281 ↓83215 ↓83083 ↓75855 ↓74591 ↓73959 ↓73643 ↓72063 ↓71431 ↓70799 ↓70483 ↓70443 ↓70379 ↓70325 ↓70259 ↓70220 ↓70022 ↓69970 ↓69838 ↓69706 ↓69390 ↓69232 ↓69153 ↓68995 ↓68903 ↓68837 ↓68758 ↓68745 ↓68679 ↓68600 ↓68442 ↓68284 ↓68205 ↓68192 ↓68126 ↓67573 ↓67099 ↓64798 ↓64732 ↓64534 ↓64468 ↓64402 ↓64336 ↓64270 ↓64006 ↓63940 ↓63874 ↓63742 ↓63676 ↓63597 ↓63584 ↓63518 ↓63439 ↓63123 ↓62004 ↓60177 ↓60121 ↓59963 ↓59805 ↓59647 ↓59489 ↓59331 ↓59173 ↓59015 ↓56882 ↓54749 ↓54038 ↓53987 ↓53921 ↓53789 ↓53657 ↓53525 ↓53367 ↓53235 ↓53169 ↓53011 ↓52879 ↓52722 ↓52524 ↓52498 ↓52458 ↓52432 ↓52379 ↓52353 ↓52327 ↓52300 ↓52274 ↓52221 ↓52169 ↓52063 ↓52050 ↓51984 ↓51510 ↓51376 ↓51372 ↓51240 ↓51108 ↓50976 ↓50844 ↓50712 ↓50580 ↓49790 ↓49658 ↓49646 ↓49580 ↓49514 ↓49448 ↓49382 ↓49250 ↓49211 ↓49145 ↓48460 ↓47670 ↓47474 ↓47078 ↓46880 ↓46864 ↓46786 ↓46775 ↓46709 ↓46513 ↓46381 ↓46283 ↓45887 ↓45491 ↓45095 ↓44699 ↓44303 ↓43907 ↓43433 ↓42959 ↓42485 ↓42089 ↓41957 ↓41599 ↓41467 ↓40873 ↓40279 ↓40001 ↓39869 ↓39843 ↓39369 ↓39211 ↓39079 ↓38368 ↓38251 ↓38119 ↓38053 ↓37987 ↓37921 ↓37855 ↓37789 ↓37723 ↓37657 ↓37617 ↓37459 ↓37408 ↓37405 ↓37392 ↓37353 ↓37301 ↓37170 ↓37118 ↓37038 ↓36906 ↓36854 ↓36722 ↓36590 ↓36485 ↓36327 ↓31971 ↓31575 ↓31179 ↓31099 ↓30783 ↓30780 ↓30717 ↓30677 ↓30612 ↓30600 ↓30598 ↓30545 ↓30479 ↓30309 ↓30243 ↓30177 ↓30111 ↓30097 ↓29833 ↓29741 ↓29697 ↓29604 ↓29591 ↓29433 ↓29424 ↓29414 ↓29348 ↓29281 ↓29267 ↓29189 ↓29123 ↓29060 ↓28877 ↓28797 ↓28717 ↓28373 ↓28215 ↓28189 ↓28031 ↓27965 ↓27955 ↓27904 ↓27850 ↓27706 ↓27684 ↓27552 ↓27288 ↓27222 ↓27090 ↓26892 ↓26826 ↓26813 ↓26760 ↓26612 ↓26480 ↓26414 ↓25927 ↓25861 ↓25663 ↓25465 ↓25267 ↓25135 ↓24475 ↓24463 ↓24397 ↓24240 ↓24239 ↓24173 ↓24095 ↓24029 ↓23963 ↓23897 ↓23831 ↓23765 ↓23699 ↓23541 ↓23516 ↓23502 ↓23238 ↓23201 ↓23198 ↓23160 ↓23130 ↓23127 ↓22995 ↓22071 ↓21609 ↓21530 ↓21451 ↓21425 ↓21266 ↓21200 ↓21162 ↓21148 ↓21112 ↓20980 ↓20901 ↓20769 ↓20673 ↓20079 ↓19947 ↓19906 ↓19815 ↓19485 ↓19472 ↓19393 ↓19090 ↓19077 ↓19011 ↓18945 ↓18917 ↓18865 ↓18863 ↓18838 ↓18627 ↓18561 ↓18495 ↓18440 ↓18305 ↓18041 ↓17673 ↓17515 ↓17171 ↓17092 ↓17041 ↓16855 ↓16697 ↓16539 ↓16209 ↓16143 ↓15879 ↓15747 ↓15431 ↓15273 ↓15247 ↓15181 ↓15062 ↓14983 ↓14966 ↓14940 ↓14874 ↓14808 ↓14676 ↓14518 ↓14439 ↓14373 ↓14307 ↓14255 ↓14228 ↓14201 ↓14122 ↓14109 ↓14043 ↓14042 ↓13911 ↓13901 ↓13769 ↓13729 ↓13465 ↓13429 ↓13400 ↓13334 ↓13268 ↓13202 ↓13070
Stage 1: cost=13070  dominant=53  exposure=4  optimal=False
  R_TR=0.6  worst_arc=(l1,l6,tr1)

  [layered_large_seed3 w=300 s2=off_off] Solving Stage 2 (limit=300s)... ↓[]
  Stage 2: mono=19  conc=56  optimal=False
  R_1=0.8667  worst_trip=(l2,l4,tr2,k2)
  Dispatch: s1=11870  s2=11474  saving=396

  [layered_large_seed3 w=300 s2=both] Solving Stage 2 (limit=300s)... ↓[19000, 40363] ↓[19000, 39423] ↓[18000, 39423] ↓[18000, 38907] ↓[18000, 38761] ↓[18000, 38483] ↓[17000, 39423] ↓[17000, 38907] ↓[17000, 38761] ↓[16000, 39423] ↓[16000, 39277] ↓[16000, 38907] ↓[16000, 38761] ↓[16000, 38483] ↓[16000, 38337] ↓[15000, 39423] ↓[15000, 39277] ↓[15000, 38907] ↓[15000, 38761] ↓[14000, 39423] ↓[14000, 39277] ↓[14000, 38907] ↓[14000, 38761] ↓[14000, 38744] ↓[13000, 39423] ↓[13000, 38907] ↓[13000, 38761] ↓[13000, 38744] ↓[12000, 39847] ↓[12000, 39331] ↓[12000, 39185] ↓[12000, 39168] ↓[12000, 38652] ↓[11000, 39847] ↓[11000, 39331] ↓[11000, 38907] ↓[11000, 38391] ↓[11000, 37967] ↓[11000, 37451] ↓[11000, 37027] ↓[10000, 40271] ↓[10000, 39331] ↓[10000, 38391] ↓[10000, 37967] ↓[10000, 37875] ↓[10000, 37451] ↓[10000, 37288] ↓[10000, 37027] ↓[10000, 36603] ↓[10000, 36511] ↓[10000, 36087] ↓[10000, 35663] ↓[10000, 35517] ↓[10000, 35408] ↓[10000, 34984] ↓[10000, 34838] ↓[9000, 40271] ↓[9000, 39331] ↓[9000, 38907] ↓[9000, 38391] ↓[9000, 37967] ↓[9000, 37543] ↓[9000, 37027] ↓[9000, 36603] ↓[9000, 35924] ↓[9000, 35778] ↓[9000, 35663] ↓[9000, 35408] ↓[9000, 34984] ↓[9000, 34838] ↓[8000, 40271] ↓[8000, 39586] ↓[8000, 39162] ↓[8000, 38646] ↓[8000, 38222] ↓[8000, 37967] ↓[8000, 37543] ↓[8000, 37027] ↓[8000, 36603] ↓[8000, 36457] ↓[8000, 36342] ↓[8000, 36087] ↓[8000, 35663] ↓[8000, 35517] ↓[8000, 35408] ↓[8000, 34984] ↓[8000, 34838] ↓[7000, 41374] ↓[7000, 40010] ↓[7000, 39070] ↓[7000, 38646] ↓[7000, 38130] ↓[7000, 37706] ↓[7000, 37451] ↓[7000, 37027] ↓[7000, 36772] ↓[7000, 36348] ↓[7000, 35832] ↓[7000, 35408] ↓[7000, 34984] ↓[7000, 34729] ↓[6000, 41374] ↓[6000, 40010] ↓[6000, 39070] ↓[6000, 38391] ↓[6000, 37967] ↓[6000, 37451] ↓[6000, 37027] ↓[6000, 36511] ↓[6000, 36087] ↓[6000, 35832] ↓[6000, 35408] ↓[6000, 35268] ↓[6000, 35099] ↓[6000, 34844] ↓[5000, 42878] ↓[5000, 42053] ↓[5000, 41629] ↓[5000, 41374] ↓[5000, 40950] ↓[5000, 40944] ↓[5000, 40689] ↓[5000, 40265] ↓[5000, 40010] ↓[5000, 40004] ↓[5000, 39749] ↓[5000, 39325] ↓[5000, 39070] ↓[5000, 38809] ↓[5000, 38385] ↓[5000, 38130] ↓[5000, 37706] ↓[5000, 37451] ↓[5000, 37027] ↓[5000, 36772] ↓[5000, 36348] ↓[5000, 36093] ↓[5000, 35669] ↓[5000, 35414] ↓[5000, 35408] ↓[5000, 34984] ↓[5000, 34729] ↓[5000, 34474] ↓[5000, 34328] ↓[5000, 34044] ↓[5000, 33789] ↓[5000, 33534] ↓[4000, 40010] ↓[4000, 39749] ↓[4000, 38809] ↓[4000, 38391] ↓[4000, 37967] ↓[4000, 37451] ↓[4000, 37027] ↓[4000, 36772] ↓[4000, 36348] ↓[4000, 36087] ↓[4000, 35663] ↓[4000, 35408] ↓[4000, 35147] ↓[4000, 34723] ↓[4000, 34468] ↓[4000, 34213] ↓[4000, 33789] ↓[3000, 41374] ↓[3000, 40695] ↓[3000, 39755] ↓[3000, 39331] ↓[3000, 38815] ↓[3000, 38391] ↓[3000, 37875] ↓[3000, 37451] ↓[3000, 37027] ↓[3000, 36603] ↓[3000, 36348] ↓[3000, 36087] ↓[3000, 35663] ↓[3000, 35408] ↓[3000, 34984] ↓[3000, 34729] ↓[3000, 34583] ↓[3000, 34420] ↓[3000, 34274] ↓[3000, 34159] ↓[3000, 33735] ↓[3000, 33589] ↓[3000, 33480] ↓[3000, 33334] ↓[3000, 33225] ↓[3000, 33079] ↓[3000, 32795] ↓[3000, 32540] ↓[3000, 32394] ↓[3000, 32371] ↓[3000, 32225] ↓[3000, 32116] ↓[3000, 31970] ↓[3000, 31861] ↓[3000, 31715] ↓[3000, 31600] ↓[3000, 31454] ↓[3000, 31176] ↓[3000, 31030] ↓[3000, 30921] ↓[3000, 30775] ↓[2000, 40695] ↓[2000, 39755] ↓[2000, 38815] ↓[2000, 38669] ↓[2000, 38560] ↓[2000, 38136] ↓[2000, 37990] ↓[2000, 37451] ↓[2000, 37305] ↓[2000, 37027] ↓[2000, 36881] ↓[2000, 36741] ↓[2000, 36626] ↓[2000, 36202] ↓[2000, 36056] ↓[2000, 35377] ↓[2000, 35231] ↓[2000, 34953] ↓[2000, 34807] ↓[2000, 34529] ↓[2000, 34383] ↓[2000, 34274] ↓[2000, 33850] ↓[2000, 33704] ↓[2000, 33589] ↓[2000, 33443] ↓[2000, 33165] ↓[2000, 33019] ↓[2000, 32910] ↓[2000, 32764] ↓[2000, 32649] ↓[2000, 32503] ↓[2000, 32225] ↓[2000, 32079] ↓[2000, 31970] ↓[2000, 31824] ↓[2000, 31709] ↓[2000, 31563] ↓[2000, 31454] ↓[2000, 31030] ↓[2000, 30884] ↓[2000, 30775] ↓[2000, 30351] ↓[2000, 30205] ↓[2000, 29950] ↓[2000, 29526] ↓[2000, 29380] ↓[2000, 29265] ↓[2000, 29010] ↓[2000, 28864] ↓[2000, 28586] ↓[2000, 28331] ↓[2000, 28185] ↓[2000, 28039] ↓[2000, 28022] ↓[2000, 27930] ↓[2000, 27506] ↓[2000, 27360] ↓[2000, 27337] ↓[2000, 27082] ↓[2000, 26936] ↓[2000, 26790] ↓[2000, 26681] ↓[2000, 26257] ↓[2000, 26111]
  Stage 2: mono=2  conc=39  optimal=False
  R_1=0.8667  worst_trip=(l3,l8,tr1,k2)
  Dispatch: s1=11870  s2=11197  saving=673

  [layered_large_seed3 w=350 proxy=exposure] Solving Stage 1 (limit=300s)...
  [S1 w=350 round 1] budget=299s best=None ↓258383 ↓257277 ↓255855 ↓254433 ↓254275 ↓252853 ↓251747 ↓250957 ↓249535 ↓245810 ↓242255 ↓241544 ↓240122 ↓238700 ↓237989 ↓237872 ↓237674 ↓237476 ↓237278 ↓236330 ↓235382 ↓235108 ↓234778 ↓234448 ↓234118 ↓233486 ↓232854 ↓232222 ↓229694 ↓229062 ↓228430 ↓227798 ↓227166 ↓225904 ↓225706 ↓225508 ↓225310 ↓224520 ↓224258 ↓223994 ↓223928 ↓223862 ↓223230 ↓222966 ↓222413 ↓221860 ↓221307 ↓220754 ↓220201 ↓220043 ↓219727 ↓217831 ↓216725 ↓216488 ↓216330 ↓215564 ↓215102 ↓214640 ↓214178 ↓213716 ↓213254 ↓212792 ↓212634 ↓212568 ↓212556 ↓212424 ↓212409 ↓210429 ↓207129 ↓206469 ↓205809 ↓205702 ↓205638 ↓205623 ↓205557 ↓205320 ↓205203 ↓204807 ↓204609 ↓204502 ↓204413 ↓203951 ↓203819 ↓203753 ↓203675 ↓203609 ↓203543 ↓203411 ↓203345 ↓203279 ↓202817 ↓198551 ↓197129 ↓196418 ↓194996 ↓194285 ↓194087 ↓193889 ↓193508 ↓193442 ↓193376 ↓193310 ↓193244 ↓183132 ↓182500 ↓182462 ↓182264 ↓182066 ↓182028 ↓181784 ↓181434 ↓181368 ↓181330 ↓181289 ↓181210 ↓181131 ↓181052 ↓180986 ↓180920 ↓180341 ↓180276 ↓180144 ↓180078 ↓180012 ↓179933 ↓179867 ↓179788 ↓173980 ↓172396 ↓171868 ↓171340 ↓170970 ↓170891 ↓170180 ↓170049 ↓169891 ↓169363 ↓169205 ↓168731 ↓168415 ↓168099 ↓167783 ↓167467 ↓167415 ↓167349 ↓167283 ↓167217 ↓166901 ↓166637 ↓166571 ↓166558 ↓166492 ↓166097 ↓165781 ↓165623 ↓165304 ↓164908 ↓164644 ↓164380 ↓164248 ↓164169 ↓164011 ↓163879 ↓163563 ↓163484 ↓163405 ↓163326 ↓163247 ↓163168 ↓162931 ↓162653 ↓162059 ↓161861 ↓161729 ↓161531 ↓161267 ↓161215 ↓161149 ↓161083 ↓161017 ↓160701 ↓160687 ↓160371 ↓160173 ↓151997 ↓151207 ↓150417 ↓149627 ↓148837 ↓148047 ↓147257 ↓142899 ↓141711 ↓141315 ↓140919 ↓140523 ↓140444 ↓140400 ↓140286 ↓140049 ↓139897 ↓139891 ↓139654 ↓139496 ↓139262 ↓139259 ↓138548 ↓138155 ↓137838 ↓137525 ↓137442 ↓137047 ↓136731 ↓136336 ↓135941 ↓135704 ↓135667 ↓135271 ↓134875 ↓134083 ↓133846 ↓133688 ↓133186 ↓130546 ↓129226 ↓128566 ↓128538 ↓128500 ↓128302 ↓128104 ↓127946 ↓126784 ↓124804 ↓124144 ↓123484 ↓122824 ↓122164 ↓120184 ↓118864 ↓118548 ↓118520 ↓118362 ↓118204 ↓118046 ↓117894 ↓117888 ↓117848 ↓117782 ↓117716 ↓117650 ↓117584 ↓117452 ↓117386 ↓117346 ↓117333 ↓117267 ↓116795 ↓114425 ↓114188 ↓113951 ↓113885 ↓113621 ↓113357 ↓113159 ↓113080 ↓113067 ↓113001 ↓112973 ↓112894 ↓112815 ↓112736 ↓112657 ↓112578 ↓112499 ↓112262 ↓112183 ↓112104 ↓112065 ↓111946 ↓111867 ↓111822 ↓111585 ↓100683 ↓99893 ↓99814 ↓99735 ↓99419 ↓99261 ↓99024 ↓98945 ↓98708 ↓98471 ↓98234 ↓97679 ↓97415 ↓97151 ↓96887 ↓96808 ↓96676 ↓96610 ↓96544 ↓96412 ↓96280 ↓96214 ↓96148 ↓95884 ↓95647 ↓94857 ↓91027 ↓89047 ↓88387 ↓87727 ↓87714 ↓87713 ↓87634 ↓87238 ↓87106 ↓86974 ↓86842 ↓86841 ↓86446 ↓86380 ↓86367 ↓86327 ↓86169 ↓86011 ↓85971 ↓85905 ↓85839 ↓85681 ↓85602 ↓85365 ↓85207 ↓85128 ↓85101 ↓84639 ↓83715 ↓83490 ↓83424 ↓83319 ↓83187 ↓83121 ↓82963 ↓82805 ↓82739 ↓82660 ↓82475 ↓82409 ↓82343 ↓82211 ↓82145 ↓82013 ↓81881 ↓81617 ↓81485 ↓81353 ↓80957 ↓78773 ↓77825 ↓77351 ↓76877 ↓76853 ↓76838 ↓76811 ↓76679 ↓76415 ↓76151 ↓75914 ↓75875 ↓75809 ↓75770 ↓75638 ↓75572 ↓75506 ↓75401 ↓75335 ↓75281 ↓65643 ↓65169 ↓63273 ↓62957 ↓62641 ↓62325 ↓62273 ↓62051 ↓61919 ↓61787 ↓61655 ↓61523 ↓58679 ↓58363 ↓57731 ↓57415 ↓57363 ↓57311 ↓57299 ↓57245 ↓57181 ↓57115 ↓56917 ↓56719 ↓55851 ↓55653 ↓55455 ↓55377 ↓55233 ↓55140 ↓54982 ↓54916 ↓54850 ↓54784 ↓54718 ↓54652 ↓54586 ↓54388 ↓54322 ↓54218 ↓54085 ↓53848 ↓53809 ↓53704 ↓53530 ↓53464 ↓53266 ↓53200 ↓52726 ↓52648 ↓52582 ↓52516 ↓52478 ↓52437 ↓52280 ↓52242 ↓51768 ↓51294 ↓51136 ↓51070 ↓50806 ↓50438 ↓50174 ↓49542 ↓49514 ↓49368 ↓49265 ↓49107 ↓48633 ↓48579 ↓48105 ↓48026 ↓47960 ↓47894 ↓47855 ↓47789 ↓47761 ↓47734 ↓47682 ↓47677 ↓47650 ↓47518 ↓47254 ↓47201 ↓47017 ↓46885 ↓46174 ↓41908 ↓39064 ↓37642 ↓36982 ↓36322 ↓36268 ↓36202 ↓36144 ↓36130 ↓36102 ↓36012 ↓35944 ↓35840 ↓35754 ↓35622 ↓35094 ↓35015 ↓34962 ↓34896 ↓34856 ↓34790 ↓34724 ↓34566 ↓34554 ↓34330 ↓34317 ↓34284 ↓34269 ↓34203 ↓34137 ↓34071 ↓34005 ↓33873 ↓33675 ↓33628 ↓33556 ↓33543 ↓33490 ↓33424 ↓33411 ↓33358 ↓33226 ↓33195 ↓33129 ↓33116 ↓33078 ↓33037 ↓33012 ↓32748 ↓32642 ↓32590 ↓32577 ↓32511 ↓31917 ↓31639 ↓31573 ↓31520 ↓31058 ↓31054 ↓30953 ↓30887 ↓30886 ↓30807 ↓30794 ↓30728 ↓30608 ↓30333 ↓30096 ↓30076 ↓30010 ↓29944 ↓29350 ↓29230 ↓29218 ↓29180 ↓29177 ↓29125 ↓29019 ↓28957 ↓28895 ↓28842 ↓28829 ↓28631 ↓28618 ↓28591 ↓28565 ↓28552 ↓28354 ↓28196 ↓28130 ↓27972 ↓27708 ↓27642 ↓27525 ↓27522 ↓27364 ↓27195 ↓27181 ↓26945 ↓26866 ↓26708 ↓26629 ↓26550 ↓26516 ↓26444 ↓26365 ↓26286 ↓26220 ↓26128 ↓26062 ↓25864 ↓25600 ↓25534 ↓25520 ↓25362 ↓25296 ↓25230 ↓25020 ↓24994 ↓24975 ↓24842 ↓24710 ↓24578 ↓24314 ↓24182 ↓24050 ↓23588 ↓23060 ↓23034 ↓22968 ↓22902 ↓22863 ↓22731 ↓22665 ↓22640 ↓22376 ↓22310 ↓22189 ↓22110 ↓22057 ↓21991 ↓21978 ↓21741 ↓21702 ↓21636 ↓21584 ↓21386 ↓21320 ↓21241 ↓20846 ↓20839 ↓20787 ↓20749 ↓20737 ↓20685 ↓20657 ↓20553 ↓20421 ↓20223 ↓20177 ↓19979 ↓19781 ↓19583 ↓19439 ↓19281 ↓19188 ↓19043 ↓19017 ↓18780 ↓18714 ↓18634 ↓18555 ↓18476 ↓18251 ↓18185 ↓18093 ↓18027 ↓17961 ↓17895 ↓17829 ↓17763 ↓17631 ↓17553 ↓17550 ↓17502 ↓17446
Stage 1: cost=17446  dominant=62  exposure=1  optimal=False
  R_TR=0.6333  worst_arc=(l3,l7,tr1)

  [layered_large_seed3 w=350 s2=off_off] Solving Stage 2 (limit=300s)... ↓[]
  Stage 2: mono=22  conc=63  optimal=False
  R_1=0.8333  worst_trip=(l5,l8,tr2,k1)
  Dispatch: s1=17096  s2=16464  saving=632

  [layered_large_seed3 w=350 s2=both] Solving Stage 2 (limit=300s)... ↓[22000, 45719] ↓[22000, 44894] ↓[22000, 43954] ↓[19000, 36854] ↓[19000, 36175] ↓[18000, 36831] ↓[18000, 36407] ↓[18000, 36006] ↓[18000, 35582] ↓[17000, 36831] ↓[17000, 36407] ↓[17000, 36006] ↓[17000, 35582] ↓[16000, 36963] ↓[16000, 36708] ↓[16000, 36284] ↓[15000, 36284] ↓[14000, 38891] ↓[14000, 36963] ↓[14000, 36929] ↓[14000, 36814] ↓[14000, 36390] ↓[14000, 35989] ↓[14000, 35565] ↓[13000, 39233] ↓[13000, 39087] ↓[13000, 38663] ↓[13000, 37984] ↓[13000, 37560] ↓[13000, 36881] ↓[13000, 35072] ↓[13000, 34247] ↓[13000, 33144] ↓[13000, 32743] ↓[13000, 32319] ↓[12000, 35751] ↓[12000, 35072] ↓[12000, 35024] ↓[12000, 34600] ↓[12000, 34502] ↓[12000, 33823] ↓[11000, 35072] ↓[11000, 34600] ↓[11000, 34176] ↓[11000, 33591] ↓[10000, 34949] ↓[10000, 34270] ↓[10000, 33591] ↓[10000, 32912] ↓[9000, 34949] ↓[9000, 34270] ↓[9000, 33591] ↓[8000, 35774] ↓[8000, 35095] ↓[8000, 34531] ↓[8000, 34107] ↓[8000, 33829] ↓[8000, 33568] ↓[8000, 33313] ↓[8000, 33144] ↓[8000, 32743] ↓[7000, 36582] ↓[7000, 36018] ↓[7000, 35903] ↓[7000, 35757] ↓[7000, 35078] ↓[7000, 34654] ↓[7000, 34508] ↓[7000, 34502] ↓[7000, 33823] ↓[7000, 33405] ↓[6000, 36837] ↓[6000, 36012] ↓[6000, 35333] ↓[6000, 34909] ↓[6000, 34671] ↓[6000, 34247] ↓[6000, 34107] ↓[6000, 33428] ↓[5000, 37115] ↓[5000, 36290] ↓[5000, 36035] ↓[5000, 35611] ↓[5000, 35187] ↓[5000, 34786] ↓[5000, 34654] ↓[5000, 34508] ↓[5000, 34107] ↓[5000, 33992] ↓[4000, 40499] ↓[4000, 40353] ↓[4000, 39674] ↓[4000, 38995] ↓[4000, 38316] ↓[4000, 37800] ↓[4000, 37794] ↓[4000, 37370] ↓[4000, 36975] ↓[4000, 36551] ↓[4000, 36127] ↓[4000, 36012] ↓[4000, 35757] ↓[4000, 35356] ↓[4000, 34932]
  Stage 2: mono=4  conc=48  optimal=False
  R_1=0.8667  worst_trip=(l1,l3,tr2,k2)
  Dispatch: s1=17096  s2=16095  saving=1001

  [layered_large_seed3 w=400 proxy=exposure] Solving Stage 1 (limit=300s)...
  [S1 w=400 round 1] budget=299s best=None ↓258533 ↓257427 ↓256005 ↓254583 ↓254425 ↓253003 ↓251897 ↓251107 ↓249685 ↓245960 ↓242405 ↓241694 ↓240272 ↓238850 ↓238139 ↓238022 ↓237824 ↓237626 ↓237428 ↓236480 ↓235532 ↓235258 ↓234928 ↓234598 ↓234268 ↓233636 ↓233004 ↓232372 ↓229844 ↓229212 ↓228580 ↓227948 ↓227316 ↓226450 ↓226054 ↓225856 ↓225658 ↓225460 ↓224670 ↓224408 ↓224144 ↓223880 ↓223684 ↓223526 ↓223328 ↓223184 ↓223052 ↓222986 ↓222920 ↓222288 ↓220629 ↓220076 ↓219523 ↓219457 ↓219259 ↓219061 ↓218863 ↓216691 ↓216612 ↓216375 ↓216138 ↓215940 ↓215016 ↓214554 ↓214092 ↓213630 ↓213168 ↓212706 ↓212469 ↓212074 ↓211995 ↓211916 ↓211758 ↓211521 ↓211442 ↓210980 ↓210901 ↓210835 ↓206083 ↓205555 ↓205027 ↓203971 ↓203443 ↓202915 ↓202387 ↓201859 ↓201820 ↓201754 ↓201688 ↓196408 ↓196342 ↓196144 ↓195946 ↓195880 ↓195682 ↓195484 ↓195220 ↓194300 ↓193984 ↓193668 ↓193470 ↓193272 ↓192956 ↓192640 ↓192560 ↓192296 ↓192230 ↓191966 ↓190910 ↓190778 ↓190250 ↓190118 ↓189986 ↓188280 ↓186700 ↓183540 ↓182750 ↓181960 ↓181170 ↓180380 ↓179590 ↓179458 ↓178798 ↓178666 ↓178534 ↓178402 ↓178138 ↓178006 ↓177874 ↓177742 ↓177610 ↓177478 ↓177346 ↓177228 ↓177148 ↓177016 ↓176818 ↓176226 ↓175700 ↓175568 ↓175502 ↓175304 ↓173720 ↓170948 ↓170156 ↓169364 ↓168572 ↓168176 ↓167780 ↓167384 ↓167068 ↓167054 ↓167002 ↓166936 ↓166870 ↓166804 ↓164197 ↓163960 ↓163486 ↓163249 ↓163012 ↓162775 ↓162709 ↓162445 ↓162379 ↓162313 ↓162181 ↓162115 ↓161983 ↓161917 ↓161865 ↓161826 ↓161668 ↓161431 ↓161271 ↓161034 ↓160876 ↓160639 ↓160481 ↓160414 ↓160177 ↓159951 ↓157971 ↓156651 ↓155991 ↓155331 ↓154671 ↓154011 ↓153774 ↓153616 ↓153418 ↓153311 ↓152758 ↓152651 ↓152098 ↓151861 ↓151822 ↓151588 ↓150640 ↓149692 ↓148744 ↓148270 ↓147796 ↓147322 ↓146848 ↓145900 ↓145426 ↓144952 ↓144478 ↓143530 ↓142870 ↓142792 ↓142660 ↓142528 ↓142396 ↓142159 ↓142001 ↓141764 ↓140219 ↓140153 ↓139889 ↓139757 ↓139520 ↓139454 ↓139388 ↓139190 ↓138953 ↓136899 ↓136583 ↓136425 ↓136267 ↓136109 ↓133265 ↓132949 ↓132633 ↓132607 ↓132449 ↓132331 ↓132265 ↓132199 ↓132133 ↓132067 ↓132001 ↓131843 ↓131789 ↓131723 ↓131657 ↓131063 ↓130469 ↓129679 ↓129454 ↓123438 ↓120910 ↓120831 ↓120752 ↓120673 ↓119409 ↓119396 ↓119330 ↓119251 ↓118935 ↓118817 ↓118659 ↓118461 ↓117867 ↓117735 ↓117669 ↓117471 ↓117339 ↓117273 ↓117207 ↓117141 ↓116983 ↓116549 ↓116497 ↓116365 ↓116233 ↓113205 ↓111072 ↓110361 ↓109729 ↓109571 ↓109255 ↓108939 ↓108149 ↓107991 ↓107280 ↓107148 ↓106584 ↓106452 ↓106320 ↓106254 ↓106056 ↓105990 ↓105924 ↓104976 ↓104818 ↓104660 ↓104620 ↓104594 ↓104528 ↓104462 ↓104370 ↓104304 ↓104212 ↓104146 ↓103993 ↓103988 ↓103909 ↓103830 ↓103751 ↓103672 ↓103276 ↓102880 ↓102682 ↓102484 ↓102286 ↓102246 ↓102154 ↓102088 ↓102022 ↓101956 ↓101916 ↓101877 ↓101811 ↓101745 ↓100955 ↓100560 ↓98585 ↓98190 ↓97400 ↓91870 ↓89500 ↓88710 ↓83970 ↓83733 ↓83022 ↓82311 ↓80889 ↓78756 ↓78045 ↓73700 ↓73305 ↓72911 ↓72647 ↓72581 ↓72173 ↓70751 ↓70277 ↓69803 ↓68855 ↓68381 ↓68315 ↓68241 ↓68157 ↓68105 ↓68039 ↓67973 ↓67907 ↓67841 ↓67479 ↓67427 ↓67295 ↓66975 ↓66447 ↓66409 ↓66343 ↓66211 ↓66145 ↓66079 ↓66013 ↓65947 ↓65881 ↓65815 ↓65551 ↓65499 ↓65235 ↓65169 ↓65117 ↓64919 ↓64853 ↓64801 ↓64749 ↓64433 ↓64419 ↓64353 ↓64089 ↓62769 ↓60789 ↓58149 ↓57489 ↓57252 ↓57186 ↓57158 ↓56921 ↓56859 ↓56844 ↓56789 ↓56723 ↓56566 ↓55906 ↓55246 ↓54614 ↓54586 ↓53322 ↓52058 ↓48266 ↓47634 ↓47568 ↓47304 ↓46908 ↓46644 ↓46564 ↓46462 ↓46434 ↓46248 ↓45774 ↓45616 ↓45458 ↓45432 ↓45300 ↓45142 ↓45116 ↓44984 ↓44918 ↓44812 ↓44786 ↓44654 ↓44646 ↓44172 ↓44144 ↓43986 ↓43856 ↓43526 ↓43382 ↓43355 ↓43262 ↓43104 ↓43038 ↓42406 ↓41774 ↓41718 ↓41086 ↓40454 ↓40415 ↓40349 ↓40112 ↓40046 ↓39981 ↓39980 ↓39914 ↓39836 ↓39810 ↓39744 ↓39704 ↓39678 ↓39612 ↓39546 ↓39467 ↓39465 ↓39399 ↓39110 ↓39059 ↓38993 ↓38927 ↓38821 ↓38770 ↓38727 ↓38648 ↓38635 ↓38569 ↓38016 ↓37858 ↓37539 ↓37275 ↓36747 ↓36721 ↓36629 ↓36365 ↓36299 ↓35639 ↓35533 ↓35335 ↓35283 ↓35225 ↓35222 ↓35143 ↓35064 ↓34932 ↓34882 ↓34420 ↓33958 ↓33826 ↓33298 ↓33166 ↓32770 ↓32704 ↓32441 ↓32046 ↓31651 ↓31256 ↓31190 ↓31124 ↓31044 ↓30886 ↓30860 ↓30794 ↓30728 ↓30662 ↓30596 ↓30530 ↓30518 ↓30386 ↓30320 ↓30254 ↓30122 ↓30093 ↓30054 ↓30016 ↓29886 ↓29752 ↓29685 ↓29647 ↓29290 ↓29211 ↓29201 ↓29173 ↓29107 ↓29082 ↓28950 ↓28818 ↓28815 ↓28765 ↓28698 ↓28566 ↓28554 ↓28461 ↓28408 ↓28344 ↓28303 ↓28171 ↓28092 ↓28039 ↓27934 ↓27803 ↓27802 ↓27671 ↓27652 ↓27639 ↓27534 ↓27402 ↓27323 ↓27179 ↓27165 ↓27139 ↓27033 ↓27007 ↓26928 ↓26849 ↓26836 ↓26789 ↓26763 ↓26565 ↓26367 ↓25179 ↓24783 ↓24651 ↓24519 ↓24453 ↓24387 ↓24321 ↓24308 ↓24268 ↓24253 ↓24187 ↓24055 ↓23989 ↓23949 ↓23924 ↓23913 ↓23822 ↓23770 ↓23626 ↓23612 ↓23348 ↓23296 ↓23282 ↓23244 ↓23178 ↓23046 ↓22980 ↓22914 ↓22848 ↓22782 ↓22716 ↓22650 ↓22584 ↓22518 ↓22174 ↓22016 ↓22003 ↓22002 ↓21897 ↓21885 ↓21843 ↓21685 ↓21606 ↓21565 ↓21527 ↓21475 ↓21343 ↓21290 ↓21249 ↓21223 ↓21183 ↓21170 ↓21038 ↓21037 ↓21024 ↓20894 ↓20762 ↓20683 ↓20630 ↓20564 ↓20485 ↓20432 ↓20248 ↓19786 ↓19733 ↓19561 ↓19508 ↓19495 ↓19429 ↓19389 ↓19297 ↓19231 ↓19165 ↓19113 ↓18981 ↓18823 ↓18665 ↓18507 ↓18349 ↓18191 ↓18176 ↓17623 ↓17491
Stage 1: cost=17491  dominant=62  exposure=3  optimal=False
  R_TR=0.6333  worst_arc=(l2,l5,tr2)

  [layered_large_seed3 w=400 s2=off_off] Solving Stage 2 (limit=300s)... ↓[]
  Stage 2: mono=21  conc=56  optimal=False
  R_1=0.8  worst_trip=(l5,l7,tr2,k3)
  Dispatch: s1=16291  s2=15685  saving=606

  [layered_large_seed3 w=400 s2=both] Solving Stage 2 (limit=300s)... ↓[21000, 40662] ↓[20000, 40662] ↓[20000, 38880] ↓[19000, 40238] ↓[19000, 39722] ↓[19000, 39559] ↓[19000, 38880] ↓[18000, 40238] ↓[18000, 39141] ↓[18000, 38316] ↓[17000, 38316] ↓[17000, 37376] ↓[17000, 36436] ↓[17000, 36029] ↓[17000, 35350] ↓[17000, 35204] ↓[17000, 34525] ↓[17000, 33961] ↓[17000, 33700] ↓[17000, 33021] ↓[16000, 35588] ↓[15000, 37516] ↓[15000, 36158] ↓[15000, 35333] ↓[15000, 34654] ↓[15000, 34084] ↓[15000, 33405] ↓[15000, 31726] ↓[15000, 30901] ↓[15000, 30786] ↓[15000, 29961] ↓[15000, 29136] ↓[15000, 28875] ↓[15000, 28141] ↓[15000, 28026] ↓[15000, 27201] ↓[15000, 26376] ↓[14000, 35310] ↓[14000, 34485] ↓[14000, 32465] ↓[14000, 29869] ↓[14000, 29190] ↓[14000, 28511] ↓[14000, 27978] ↓[14000, 27717] ↓[14000, 27038] ↓[14000, 26892] ↓[14000, 26213] ↓[13000, 31870] ↓[13000, 31609] ↓[13000, 30930] ↓[13000, 30282] ↓[13000, 30167] ↓[13000, 29342] ↓[13000, 28517] ↓[13000, 28402] ↓[13000, 27577] ↓[13000, 27218] ↓[13000, 26886] ↓[12000, 33775] ↓[12000, 32605] ↓[12000, 31780] ↓[12000, 30840] ↓[12000, 30015] ↓[12000, 29900] ↓[12000, 29075] ↓[12000, 28250] ↓[12000, 27310] ↓[11000, 32689] ↓[11000, 31519] ↓[11000, 31118] ↓[11000, 30694] ↓[11000, 30579] ↓[11000, 29754] ↓[11000, 29608] ↓[11000, 28929] ↓[11000, 28668] ↓[11000, 27989] ↓[11000, 27832] ↓[11000, 26892] ↓[11000, 26777] ↓[11000, 25952] ↓[11000, 25697] ↓[10000, 33113] ↓[10000, 32288] ↓[10000, 32156] ↓[10000, 31331] ↓[10000, 30869] ↓[10000, 30190] ↓[10000, 29996] ↓[10000, 29881] ↓[10000, 29056] ↓[10000, 28941] ↓[10000, 28116] ↓[10000, 27291] ↓[10000, 27176] ↓[10000, 26351] ↓[10000, 26236] ↓[10000, 25411] ↓[10000, 24732] ↓[10000, 24471] ↓[9000, 32743] ↓[9000, 31542] ↓[9000, 30717] ↓[9000, 29892] ↓[9000, 28952] ↓[9000, 28012] ↓[9000, 27333] ↓[9000, 27078] ↓[8000, 33391] ↓[8000, 31918] ↓[8000, 31239] ↓[8000, 30978] ↓[8000, 30299] ↓[8000, 30038] ↓[8000, 29359] ↓[8000, 29261] ↓[8000, 29213] ↓[8000, 29196] ↓[8000, 28517] ↓[8000, 28371] ↓[8000, 27692] ↓[8000, 27577] ↓[8000, 27431] ↓[8000, 26752] ↓[8000, 26474] ↓[8000, 25649] ↓[8000, 24824] ↓[7000, 29190] ↓[7000, 28371] ↓[7000, 28110] ↓[7000, 27964] ↓[7000, 27285] ↓[7000, 27170] ↓[7000, 27024] ↓[7000, 26345] ↓[7000, 25775] ↓[7000, 25683] ↓[7000, 25004] ↓[7000, 24987] ↓[7000, 24841] ↓[6000, 30512] ↓[6000, 30305] ↓[6000, 30153] ↓[6000, 29892] ↓[6000, 29213] ↓[6000, 29067] ↓[6000, 28952] ↓[6000, 28273] ↓[6000, 27448] ↓[6000, 27176] ↓[6000, 27170] ↓[6000, 26345] ↓[6000, 25944] ↓[6000, 25411] ↓[6000, 25102] ↓[6000, 25010] ↓[5000, 34210] ↓[5000, 31130] ↓[5000, 30451] ↓[5000, 29626] ↓[5000, 28801] ↓[5000, 27976] ↓[5000, 27709] ↓[5000, 27193] ↓[5000, 26514] ↓[5000, 25835] ↓[4000, 33537] ↓[4000, 32227] ↓[4000, 32112] ↓[4000, 31354] ↓[4000, 31239] ↓[4000, 31093] ↓[4000, 30414] ↓[4000, 30299] ↓[4000, 30153] ↓[4000, 29474] ↓[4000, 29328] ↓[4000, 28649] ↓[4000, 27970] ↓[4000, 27855] ↓[4000, 27824] ↓[4000, 27145] ↓[4000, 26884] ↓[4000, 26351] ↓[3000, 36127] ↓[3000, 35889] ↓[3000, 35465] ↓[3000, 34640] ↓[3000, 34525] ↓[3000, 33700] ↓[3000, 33088] ↓[3000, 32973] ↓[3000, 32148] ↓[3000, 31208] ↓[3000, 31093] ↓[3000, 30268] ↓[3000, 29850] ↓[3000, 29735] ↓[3000, 29589] ↓[3000, 28910] ↓[3000, 28442] ↓[3000, 28394] ↓[3000, 28388] ↓[3000, 28133] ↓[3000, 27970] ↓[3000, 27878] ↓[3000, 27199] ↓[3000, 27030] ↓[3000, 26775] ↓[3000, 26520] ↓[2000, 36242] ↓[2000, 35187] ↓[2000, 34362] ↓[2000, 34101] ↓[2000, 33422] ↓[2000, 33276] ↓[2000, 32597] ↓[2000, 32451] ↓[2000, 32336] ↓[2000, 32190] ↓[2000, 31511] ↓[2000, 31239] ↓[2000, 30414] ↓[2000, 30153] ↓[2000, 29474] ↓[2000, 29328] ↓[2000, 28649] ↓[2000, 28388] ↓[2000, 28133] ↓[2000, 27970] ↓[2000, 27715] ↓[2000, 27460]
  Stage 2: mono=2  conc=39  optimal=False
  R_1=0.8333  worst_trip=(l1,l6,tr2,k2)
  Dispatch: s1=16291  s2=15737  saving=554

  [layered_large_seed3 w=450 proxy=exposure] Solving Stage 1 (limit=300s)...
  [S1 w=450 round 1] budget=299s best=None ↓258683 ↓257577 ↓256155 ↓254733 ↓254575 ↓253153 ↓252047 ↓251257 ↓249835 ↓246110 ↓242555 ↓241844 ↓240422 ↓239000 ↓238289 ↓238172 ↓237974 ↓237776 ↓237578 ↓236630 ↓235682 ↓235408 ↓235078 ↓234748 ↓234418 ↓233786 ↓233154 ↓232522 ↓229994 ↓229362 ↓228730 ↓228098 ↓227466 ↓226600 ↓226204 ↓226006 ↓225808 ↓225610 ↓224820 ↓224558 ↓224294 ↓224030 ↓223834 ↓223676 ↓223478 ↓223334 ↓223202 ↓223136 ↓223070 ↓222438 ↓220779 ↓220226 ↓219673 ↓219607 ↓219409 ↓219211 ↓219013 ↓216841 ↓216762 ↓216525 ↓216288 ↓216090 ↓214242 ↓213780 ↓213318 ↓212856 ↓212382 ↓212224 ↓212145 ↓212066 ↓211908 ↓211829 ↓211750 ↓211671 ↓211592 ↓210668 ↓206972 ↓205388 ↓203276 ↓202748 ↓202220 ↓201692 ↓201164 ↓200702 ↓200636 ↓200504 ↓200465 ↓200399 ↓200267 ↓195647 ↓194459 ↓193667 ↓193271 ↓192809 ↓192493 ↓192413 ↓192181 ↓192104 ↓191312 ↓191048 ↓190916 ↓190124 ↓188936 ↓188342 ↓187748 ↓187154 ↓186560 ↓185822 ↓185228 ↓185070 ↓184938 ↓184674 ↓184542 ↓184148 ↓184146 ↓184104 ↓183630 ↓183393 ↓182799 ↓182535 ↓182403 ↓182271 ↓182139 ↓182007 ↓181941 ↓181875 ↓181743 ↓181677 ↓181545 ↓181413 ↓180225 ↓179040 ↓177065 ↓176670 ↓176275 ↓175879 ↓174694 ↓174457 ↓171613 ↓169480 ↓168058 ↓167347 ↓166636 ↓165214 ↓164503 ↓164437 ↓160961 ↓160645 ↓160329 ↓159669 ↓157029 ↓155709 ↓155049 ↓154389 ↓153729 ↓152409 ↓152277 ↓151961 ↓148169 ↓141849 ↓141217 ↓140585 ↓139953 ↓133633 ↓131737 ↓130473 ↓129841 ↓129209 ↓129171 ↓128577 ↓127917 ↓127855 ↓127195 ↓124951 ↓124819 ↓124687 ↓124027 ↓123895 ↓123816 ↓123500 ↓123342 ↓123184 ↓123159 ↓122961 ↓122829 ↓122697 ↓122631 ↓122236 ↓122078 ↓122026 ↓121894 ↓121828 ↓121762 ↓121051 ↓120577 ↓120340 ↓119392 ↓119155 ↓118444 ↓117970 ↓117891 ↓117733 ↓117205 ↓116941 ↓116875 ↓116743 ↓116637 ↓116479 ↓116413 ↓116215 ↓115978 ↓115899 ↓115583 ↓114951 ↓113687 ↓113450 ↓113293 ↓113161 ↓113029 ↓112792 ↓112661 ↓112397 ↓112160 ↓112081 ↓112016 ↓111687 ↓111621 ↓111423 ↓111291 ↓111225 ↓111093 ↓110382 ↓110316 ↓109605 ↓108894 ↓108183 ↓108079 ↓107815 ↓107551 ↓107472 ↓106152 ↓105492 ↓104832 ↓104172 ↓103512 ↓102852 ↓102800 ↓102786 ↓102773 ↓102720 ↓102588 ↓102536 ↓101877 ↓101825 ↓101561 ↓101403 ↓100455 ↓99981 ↓99507 ↓99033 ↓98559 ↓98243 ↓98191 ↓98164 ↓98033 ↓97981 ↓97952 ↓97886 ↓97175 ↓95753 ↓95674 ↓95595 ↓95582 ↓95517 ↓95503 ↓95437 ↓95371 ↓95329 ↓95065 ↓94999 ↓94051 ↓93972 ↓93893 ↓93497 ↓92177 ↓92045 ↓91913 ↓91847 ↓91834 ↓91782 ↓87057 ↓85477 ↓85003 ↓84845 ↓84687 ↓84529 ↓84371 ↓83897 ↓83107 ↓82317 ↓81527 ↓81290 ↓81053 ↓80816 ↓80579 ↓80513 ↓80342 ↓80276 ↓80078 ↓80012 ↓79946 ↓79748 ↓79484 ↓79418 ↓79286 ↓79220 ↓79062 ↓78944 ↓78865 ↓78799 ↓78667 ↓77479 ↓75499 ↓74839 ↓74179 ↓73519 ↓73123 ↓73110 ↓73095 ↓72989 ↓72961 ↓72949 ↓72845 ↓72687 ↓72633 ↓72475 ↓72474 ↓72422 ↓72238 ↓72212 ↓72146 ↓72014 ↓71896 ↓71750 ↓71552 ↓71354 ↓71156 ↓70958 ↓70760 ↓70562 ↓70430 ↓70324 ↓70245 ↓70166 ↓70126 ↓70034 ↓70008 ↓69850 ↓69810 ↓69652 ↓69599 ↓69520 ↓65860 ↓61910 ↓61120 ↓60330 ↓59540 ↓59514 ↓59448 ↓59382 ↓59250 ↓59198 ↓58618 ↓58460 ↓58302 ↓58144 ↓57484 ↓56164 ↓54844 ↓54184 ↓52864 ↓52204 ↓48244 ↓47854 ↓47380 ↓45400 ↓45256 ↓45245 ↓44861 ↓44821 ↓44729 ↓44585 ↓44519 ↓41099 ↓41033 ↓40967 ↓40835 ↓40753 ↓40703 ↓40687 ↓40555 ↓40477 ↓40464 ↓40398 ↓40266 ↓40239 ↓40185 ↓40135 ↓39503 ↓39187 ↓39135 ↓38475 ↓38001 ↓37551 ↓37089 ↓37023 ↓36957 ↓36891 ↓36825 ↓36759 ↓36693 ↓36231 ↓36099 ↓35967 ↓35835 ↓35703 ↓35571 ↓35439 ↓35307 ↓35175 ↓35109 ↓35067 ↓35035 ↓34879 ↓34563 ↓34511 ↓34247 ↓34169 ↓34158 ↓34012 ↓33696 ↓33684 ↓33526 ↓33392 ↓33380 ↓33064 ↓32918 ↓32734 ↓32668 ↓32602 ↓32444 ↓32418 ↓32352 ↓32286 ↓32235 ↓32169 ↓32103 ↓31972 ↓31735 ↓31669 ↓31113 ↓30519 ↓29925 ↓29331 ↓28737 ↓28579 ↓28512 ↓28446 ↓28182 ↓28011 ↓27948 ↓27922 ↓27882 ↓27723 ↓27699 ↓27687 ↓27633 ↓27594 ↓27567 ↓27371 ↓26975 ↓26581 ↓26383 ↓26343 ↓26303 ↓25988 ↓25937 ↓25541 ↓25409 ↓25277 ↓25079 ↓25013 ↓24881 ↓24723 ↓24591 ↓24553 ↓24421 ↓24275 ↓24205 ↓24201 ↓24138 ↓23742 ↓23544 ↓23148 ↓23146 ↓23091 ↓23078 ↓23012 ↓22484 ↓22247 ↓22234 ↓22181 ↓22167 ↓22154 ↓21996 ↓21917 ↓21838 ↓21772 ↓21652 ↓21415 ↓21283 ↓21242 ↓21178 ↓21099 ↓21046 ↓21033 ↓21020 ↓20954 ↓20951 ↓20872 ↓20845 ↓20713 ↓20581 ↓20556 ↓20424 ↓20028 ↓19896 ↓19842 ↓19817 ↓19799 ↓19720 ↓19694 ↓19682 ↓19643 ↓19575 ↓19524 ↓19458 ↓19446 ↓19380 ↓19367 ↓19301 ↓19289 ↓19249 ↓19247 ↓19208 ↓19181 ↓19163
Stage 1: cost=19163  dominant=46  exposure=4  optimal=False
  R_TR=0.5  worst_arc=(l4,l7,tr1)

  [layered_large_seed3 w=450 s2=off_off] Solving Stage 2 (limit=300s)... ↓[]
  Stage 2: mono=38  conc=41  optimal=False
  R_1=0.8  worst_trip=(l3,l7,tr2,k5)
  Dispatch: s1=17363  s2=15992  saving=1371

  [layered_large_seed3 w=450 s2=both] Solving Stage 2 (limit=300s)... ↓[34000, 32423] ↓[34000, 31483] ↓[34000, 30967] ↓[33000, 31483] ↓[33000, 30967] ↓[14000, 26445] ↓[13000, 27124] ↓[13000, 26299] ↓[12000, 26299] ↓[12000, 24941] ↓[12000, 24910] ↓[12000, 24649] ↓[12000, 23970] ↓[11000, 25620] ↓[11000, 24795] ↓[10000, 28488] ↓[10000, 26869] ↓[10000, 26445] ↓[10000, 26299] ↓[10000, 25620] ↓[10000, 24795] ↓[10000, 24116] ↓[9000, 27124] ↓[9000, 26445] ↓[9000, 26299] ↓[9000, 25620] ↓[9000, 24941] ↓[9000, 24795] ↓[9000, 24116] ↓[8000, 27548] ↓[8000, 26723] ↓[8000, 26044] ↓[8000, 25898] ↓[8000, 25219] ↓[8000, 24540] ↓[7000, 27809] ↓[7000, 26984] ↓[7000, 26305] ↓[7000, 26159] ↓[7000, 25480] ↓[7000, 25219] ↓[7000, 24540] ↓[6000, 26305] ↓[6000, 26159] ↓[6000, 25480] ↓[5000, 28603] ↓[5000, 27778] ↓[5000, 27663] ↓[5000, 26838] ↓[5000, 26159] ↓[5000, 25480] ↓[5000, 25334] ↓[5000, 25056] ↓[5000, 24540] ↓[4000, 28864] ↓[4000, 28039] ↓[4000, 27778] ↓[4000, 27099] ↓[4000, 26420] ↓[4000, 26159] ↓[4000, 25480] ↓[4000, 25365] ↓[3000, 29010] ↓[3000, 28864] ↓[3000, 28749] ↓[3000, 27924] ↓[3000, 27809] ↓[3000, 26984] ↓[3000, 26305] ↓[3000, 26190] ↓[3000, 25626] ↓[3000, 25365] ↓[3000, 24849] ↓[3000, 24425] ↓[3000, 24116] ↓[3000, 24024] ↓[3000, 23600] ↓[3000, 23437] ↓[3000, 23176] ↓[3000, 22915] ↓[3000, 22660] ↓[3000, 22351] ↓[3000, 22096] ↓[3000, 21835] ↓[3000, 21720] ↓[3000, 21574] ↓[3000, 21411] ↓[3000, 21319] ↓[3000, 20895] ↓[2000, 28325] ↓[2000, 28179] ↓[2000, 28064] ↓[2000, 27803] ↓[2000, 27548] ↓[2000, 27239] ↓[2000, 26978] ↓[2000, 26723] ↓[2000, 26608] ↓[2000, 26462] ↓[2000, 26207] ↓[2000, 26044] ↓[2000, 25783] ↓[2000, 25365] ↓[2000, 25104] ↓[2000, 25073] ↓[2000, 24703] ↓[2000, 24557] ↓[2000, 24540] ↓[2000, 24279] ↓[2000, 24024] ↓[2000, 23878] ↓[2000, 23763] ↓[2000, 23617] ↓[2000, 23508] ↓[2000, 23362] ↓[2000, 23193] ↓[2000, 22938] ↓[2000, 22677] ↓[2000, 22514] ↓[2000, 22259] ↓[2000, 22253] ↓[2000, 21998] ↓[2000, 21835] ↓[2000, 21574] ↓[2000, 21482] ↓[2000, 21465] ↓[2000, 21319] ↓[2000, 20949] ↓[2000, 20803] ↓[2000, 20617] ↓[2000, 20308] ↓[2000, 20216] ↓[2000, 19792] ↓[2000, 19531] ↓[2000, 19276] ↓[2000, 18852]
  Stage 2: mono=2  conc=26  optimal=False
  R_1=0.8333  worst_trip=(l1,l3,tr2,k1)
  Dispatch: s1=17363  s2=16190  saving=1173

  [layered_large_seed3 w=500 proxy=exposure] Solving Stage 1 (limit=300s)...
  [S1 w=500 round 1] budget=299s best=None ↓258833 ↓257727 ↓256305 ↓254883 ↓254725 ↓253303 ↓252197 ↓251407 ↓249985 ↓246260 ↓242705 ↓241994 ↓240572 ↓239150 ↓238439 ↓238322 ↓238124 ↓237926 ↓237728 ↓236780 ↓235832 ↓235558 ↓235228 ↓234898 ↓234568 ↓233936 ↓233304 ↓232672 ↓230144 ↓229512 ↓228880 ↓228248 ↓227616 ↓227458 ↓226984 ↓225720 ↓224930 ↓224734 ↓224140 ↓223944 ↓223508 ↓221928 ↓221296 ↓221138 ↓221126 ↓221060 ↓220928 ↓220862 ↓220796 ↓220730 ↓219150 ↓218360 ↓217570 ↓216184 ↓215722 ↓215260 ↓214798 ↓214336 ↓214178 ↓213941 ↓213704 ↓213625 ↓213546 ↓213467 ↓213388 ↓213151 ↓213072 ↓213006 ↓212690 ↓212678 ↓212546 ↓212414 ↓212348 ↓212282 ↓202170 ↓201538 ↓200906 ↓200274 ↓200208 ↓199284 ↓199218 ↓199088 ↓198890 ↓198824 ↓198786 ↓198390 ↓197598 ↓197400 ↓197202 ↓197004 ↓196806 ↓196608 ↓196146 ↓196055 ↓195976 ↓193448 ↓193132 ↓192816 ↓192500 ↓192184 ↓191868 ↓191711 ↓191315 ↓191236 ↓191158 ↓191105 ↓191026 ↓190841 ↓190762 ↓190683 ↓190446 ↓190379 ↓190300 ↓190221 ↓190142 ↓189826 ↓189627 ↓189561 ↓189298 ↓189245 ↓189232 ↓189086 ↓188928 ↓188770 ↓188268 ↓184308 ↓182988 ↓182881 ↓182815 ↓182262 ↓182196 ↓182117 ↓182051 ↓182038 ↓182012 ↓181616 ↓180824 ↓180230 ↓180164 ↓180161 ↓179831 ↓179637 ↓177299 ↓177167 ↓176983 ↓176851 ↓176719 ↓176667 ↓176615 ↓176549 ↓176233 ↓175917 ↓175601 ↓175455 ↓174969 ↓174811 ↓174179 ↓173705 ↓173547 ↓173389 ↓173337 ↓173205 ↓172941 ↓172677 ↓172625 ↓172599 ↓172559 ↓172361 ↓172295 ↓171965 ↓169517 ↓169201 ↓169083 ↓168569 ↓168332 ↓168253 ↓167975 ↓167909 ↓167777 ↓166671 ↓166355 ↓166197 ↓166039 ↓165907 ↓165841 ↓165775 ↓165643 ↓165511 ↓165459 ↓165327 ↓165261 ↓165209 ↓164893 ↓162253 ↓161593 ↓160273 ↓159613 ↓158953 ↓158293 ↓157633 ↓157289 ↓157131 ↓156471 ↓156313 ↓156247 ↓156181 ↓156115 ↓154927 ↓154531 ↓154399 ↓154267 ↓152419 ↓151231 ↓150835 ↓150439 ↓150043 ↓149647 ↓149251 ↓149171 ↓149092 ↓148932 ↓148852 ↓148789 ↓148642 ↓148576 ↓148510 ↓148444 ↓148246 ↓148128 ↓148114 ↓148048 ↓147982 ↓147784 ↓147731 ↓147665 ↓147586 ↓147271 ↓146560 ↓145849 ↓145138 ↓143716 ↓143005 ↓141583 ↓140872 ↓140161 ↓139963 ↓139780 ↓139516 ↓139120 ↓139054 ↓138988 ↓138922 ↓138856 ↓138724 ↓138696 ↓137985 ↓137736 ↓137604 ↓137472 ↓137406 ↓137340 ↓137208 ↓137076 ↓137010 ↓136878 ↓135456 ↓135324 ↓135258 ↓135192 ↓135060 ↓134004 ↓133212 ↓132816 ↓132420 ↓132024 ↓131628 ↓131232 ↓130836 ↓130440 ↓130044 ↓129252 ↓128856 ↓128460 ↓128459 ↓128064 ↓127932 ↓127866 ↓127734 ↓127602 ↓127470 ↓127338 ↓127272 ↓127206 ↓127140 ↓127074 ↓127008 ↓126942 ↓126810 ↓126678 ↓126612 ↓126546 ↓126414 ↓114434 ↓113644 ↓113486 ↓112854 ↓112722 ↓112326 ↓112194 ↓106534 ↓104954 ↓104760 ↓104562 ↓104364 ↓104166 ↓103968 ↓103929 ↓103849 ↓103759 ↓103680 ↓103654 ↓103575 ↓103496 ↓103259 ↓103219 ↓103139 ↓103087 ↓102297 ↓102031 ↓101241 ↓101149 ↓101145 ↓101013 ↓100991 ↓100925 ↓100633 ↓100331 ↓100265 ↓100199 ↓100067 ↓99935 ↓99803 ↓99539 ↓99275 ↓99143 ↓98879 ↓98747 ↓98681 ↓98087 ↓98047 ↓97968 ↓97889 ↓97770 ↓89120 ↓87224 ↓86592 ↓86579 ↓86460 ↓85868 ↓85473 ↓83498 ↓83103 ↓83024 ↓82985 ↓82945 ↓82940 ↓82874 ↓82726 ↓82568 ↓79928 ↓79533 ↓79138 ↓78743 ↓77953 ↓77558 ↓77400 ↓77349 ↓77242 ↓76689 ↓76029 ↓75369 ↓75211 ↓75013 ↓74934 ↓74881 ↓74815 ↓74749 ↓74551 ↓74525 ↓74472 ↓74459 ↓74393 ↓73957 ↓73363 ↓72769 ↓72175 ↓71581 ↓70987 ↓70908 ↓70829 ↓70314 ↓70235 ↓70182 ↓69552 ↓69078 ↓68604 ↓68525 ↓68446 ↓65681 ↓65603 ↓65524 ↓65458 ↓65392 ↓65364 ↓65353 ↓65328 ↓65182 ↓65024 ↓64972 ↓64958 ↓64902 ↓64892 ↓64628 ↓64601 ↓64520 ↓64367 ↓63103 ↓62629 ↓62471 ↓61997 ↓61523 ↓61061 ↓60929 ↓60864 ↓60771 ↓60534 ↓60467 ↓52002 ↓49869 ↓49158 ↓49093 ↓49014 ↓48974 ↓48933 ↓48856 ↓48854 ↓48459 ↓48394 ↓48393 ↓48314 ↓48289 ↓48052 ↓47893 ↓47656 ↓47260 ↓47259 ↓47180 ↓46864 ↓46862 ↓46783 ↓46639 ↓46626 ↓46625 ↓46546 ↓46493 ↓46256 ↓46098 ↓46097 ↓45860 ↓45702 ↓45464 ↓45306 ↓45148 ↓44832 ↓44516 ↓44358 ↓44226 ↓36833 ↓36173 ↓36041 ↓35777 ↓35711 ↓35645 ↓35513 ↓34985 ↓34919 ↓34853 ↓34842 ↓34826 ↓34799 ↓34641 ↓34601 ↓34443 ↓34377 ↓34363 ↓34205 ↓34204 ↓34138 ↓33980 ↓33822 ↓33664 ↓33454 ↓33375 ↓33349 ↓33085 ↓33060 ↓33019 ↓32994 ↓32796 ↓32730 ↓32664 ↓32598 ↓32585 ↓32427 ↓32322 ↓32282 ↓32243 ↓32122 ↓31966 ↓31806 ↓31490 ↓31464 ↓31398 ↓31319 ↓31253 ↓31161 ↓31122 ↓31106 ↓31042 ↓30910 ↓30857 ↓30778 ↓30594 ↓30556 ↓30539 ↓30460 ↓30447 ↓30289 ↓30170 ↓30131 ↓30130 ↓30091 ↓29972 ↓29892 ↓29814 ↓29749 ↓29694 ↓29640 ↓29614 ↓29576 ↓29550 ↓29418 ↓29181 ↓29022 ↓28942 ↓28916 ↓28890 ↓28824 ↓28785 ↓28587 ↓28547 ↓28389 ↓28231 ↓28205 ↓28139 ↓27955 ↓27875 ↓27809 ↓27493 ↓27177 ↓26649 ↓26583 ↓26529 ↓26503 ↓26345 ↓26292 ↓26213 ↓26134 ↓26094 ↓26068 ↓26003 ↓25766 ↓25726 ↓25568 ↓25567 ↓25462 ↓25409 ↓25343 ↓25330 ↓25316 ↓25300 ↓25142 ↓25128 ↓24970 ↓24812 ↓24654 ↓23070 ↓22280 ↓22268 ↓22202 ↓22136 ↓22083 ↓22069 ↓21990 ↓21948 ↓21894 ↓21868 ↓21736 ↓21670 ↓21538 ↓21498 ↓21472 ↓21381 ↓21183 ↓21143 ↓21025 ↓20985 ↓20683 ↓20419 ↓20365 ↓20207 ↓20141 ↓19679 ↓19613 ↓19573 ↓19415 ↓19309 ↓19230 ↓19151 ↓19150 ↓19071 ↓19019 ↓18915 ↓18883 ↓18817 ↓18751 ↓18738 ↓18685 ↓18619 ↓18383 ↓18355 ↓18329 ↓18303 ↓18251 ↓18198 ↓18040 ↓18027 ↓17895 ↓17843 ↓17829 ↓17792 ↓17751 ↓17698 ↓17619 ↓17553 ↓17487 ↓17421 ↓17157 ↓17091 ↓16695 ↓16628 ↓16470 ↓16391 ↓16365
Stage 1: cost=16365  dominant=50  exposure=3  optimal=False
  R_TR=0.5667  worst_arc=(l3,l7,tr1)

  [layered_large_seed3 w=500 s2=off_off] Solving Stage 2 (limit=300s)... ↓[]
  Stage 2: mono=27  conc=46  optimal=False
  R_1=0.8  worst_trip=(l1,l3,tr2,k3)
  Dispatch: s1=14865  s2=13613  saving=1252

  [layered_large_seed3 w=500 s2=both] Solving Stage 2 (limit=300s)... ↓[27000, 32760] ↓[26000, 33276] ↓[25000, 34640] ↓[25000, 33276] ↓[24000, 34216] ↓[24000, 32336] ↓[23000, 33276] ↓[22000, 34216] ↓[22000, 34070] ↓[22000, 33955] ↓[16000, 33032] ↓[16000, 32353] ↓[15000, 33032] ↓[15000, 32353] ↓[14000, 33972] ↓[14000, 33433] ↓[14000, 32754] ↓[14000, 32190] ↓[14000, 32075] ↓[13000, 33949] ↓[13000, 33270] ↓[13000, 32591] ↓[13000, 32445] ↓[12000, 34064] ↓[12000, 33385] ↓[12000, 32706] ↓[12000, 32591] ↓[12000, 32336] ↓[12000, 31766] ↓[12000, 31087] ↓[11000, 33270] ↓[11000, 33015] ↓[11000, 32591] ↓[11000, 32336] ↓[11000, 31912] ↓[11000, 31766] ↓[10000, 35877] ↓[10000, 35459] ↓[10000, 35313] ↓[10000, 35058] ↓[10000, 34634] ↓[10000, 34210] ↓[10000, 33955] ↓[10000, 33531] ↓[10000, 33270] ↓[10000, 33015] ↓[10000, 32591] ↓[10000, 32336] ↓[10000, 31912] ↓[10000, 31766] ↓[9000, 35052] ↓[9000, 34634] ↓[9000, 34379] ↓[9000, 33955] ↓[9000, 33531] ↓[9000, 33270] ↓[9000, 33015] ↓[9000, 32591] ↓[9000, 32451] ↓[9000, 32027] ↓[8000, 37356] ↓[8000, 34488] ↓[8000, 34233] ↓[8000, 33809] ↓[8000, 33385] ↓[8000, 33130] ↓[8000, 32706] ↓[7000, 36253] ↓[7000, 35998] ↓[7000, 35574] ↓[7000, 35150] ↓[7000, 34895] ↓[7000, 34471] ↓[7000, 34210] ↓[7000, 33949] ↓[7000, 33531] ↓[7000, 33270] ↓[6000, 38605] ↓[6000, 36980] ↓[6000, 36725] ↓[6000, 36301] ↓[6000, 35877] ↓[6000, 35622] ↓[6000, 35198] ↓[6000, 34774] ↓[6000, 34373] ↓[6000, 33949] ↓[6000, 33694] ↓[6000, 33270] ↓[5000, 38344] ↓[5000, 37519] ↓[5000, 36840] ↓[5000, 36416] ↓[5000, 36161] ↓[5000, 35737] ↓[5000, 35313] ↓[5000, 35052] ↓[5000, 34889] ↓[5000, 34634] ↓[5000, 34210] ↓[5000, 34064] ↓[5000, 33949] ↓[4000, 37617] ↓[4000, 37339] ↓[4000, 37084] ↓[4000, 36660] ↓[4000, 36236] ↓[4000, 35975] ↓[4000, 35714] ↓[4000, 35313] ↓[4000, 34889] ↓[4000, 34726] ↓[4000, 34465] ↓[4000, 34302] ↓[4000, 34041] ↓[4000, 33623] ↓[4000, 33362] ↓[4000, 32944] ↓[4000, 32683] ↓[4000, 32265] ↓[4000, 32004] ↓[4000, 31749] ↓[4000, 31325] ↓[4000, 31179] ↓[3000, 38296] ↓[3000, 37763] ↓[3000, 37339] ↓[3000, 37084] ↓[3000, 36660] ↓[3000, 36236] ↓[3000, 35981] ↓[3000, 35557] ↓[3000, 35551] ↓[3000, 35296] ↓[3000, 35133] ↓[3000, 34872] ↓[3000, 34454] ↓[3000, 34193] ↓[3000, 34047] ↓[3000, 33629] ↓[3000, 33368] ↓[3000, 33205] ↓[3000, 32944] ↓[3000, 32683] ↓[3000, 32428] ↓[3000, 32004] ↓[3000, 31864] ↓[3000, 31749] ↓[3000, 31743] ↓[3000, 31488] ↓[3000, 31064] ↓[3000, 30809] ↓[3000, 30646] ↓[3000, 30385] ↓[3000, 30130] ↓[3000, 29821] ↓[3000, 29560] ↓[3000, 29305] ↓[3000, 29142] ↓[3000, 28881] ↓[3000, 28626] ↓[3000, 28463] ↓[3000, 28202] ↓[3000, 27947] ↓[2000, 36393] ↓[2000, 35568] ↓[2000, 34889] ↓[2000, 34628] ↓[2000, 34465] ↓[2000, 34204] ↓[2000, 33786] ↓[2000, 33525] ↓[2000, 33264] ↓[2000, 32846] ↓[2000, 32585] ↓[2000, 32330] ↓[2000, 31906] ↓[2000, 31651] ↓[2000, 31482] ↓[2000, 31227] ↓[2000, 31058] ↓[2000, 30803] ↓[1000, 35969] ↓[1000, 35545] ↓[1000, 35144] ↓[1000, 34720] ↓[1000, 34605] ↓[1000, 34204] ↓[1000, 33780] ↓[1000, 33264] ↓[1000, 32840] ↓[1000, 32416] ↓[1000, 32161] ↓[1000, 31737] ↓[1000, 31482] ↓[0, 37072] ↓[0, 36393] ↓[0, 35969] ↓[0, 35568] ↓[0, 35144] ↓[0, 35029] ↓[0, 34628] ↓[0, 34204] ↓[0, 33780] ↓[0, 33525] ↓[0, 33101] ↓[0, 32677] ↓[0, 32585] ↓[0, 32161] ↓[0, 31737] ↓[0, 31482] ↓[0, 31058] ↓[0, 30803] ↓[0, 30379] ↓[0, 30124] ↓[0, 29978] ↓[0, 29554] ↓[0, 29299] ↓[0, 28875] ↓[0, 28620] ↓[0, 28196] ↓[0, 27941] ↓[0, 27795] ↓[0, 27371] ↓[0, 27116] ↓[0, 26692] ↓[0, 26437] ↓[0, 26431] ↓[0, 26176] ↓[0, 25752] ↓[0, 25497] ↓[0, 25073] ↓[0, 24818] ↓[0, 24649] ↓[0, 24394] ↓[0, 23970] ↓[0, 23715] ↓[0, 23291] ↓[0, 23036]
  Stage 2: mono=0  conc=31  optimal=False
  R_1=0.8667  worst_trip=(l1,l3,tr2,k5)
  Dispatch: s1=14865  s2=14127  saving=738

══════════════════════════════════════════════════════════════════════
  Instance: layered_medium_seed1 (custom, seed=0)
══════════════════════════════════════════════════════════════════════
  Parsed: 3 parts, 36 routes

  [layered_medium_seed1 w=0 proxy=exposure] Solving Stage 1 (limit=300s)...
  [S1 w=0 round 1] budget=299s best=None ↓153676 ↓151408 ↓151030 ↓150518 ↓150006 ↓147958 ↓146934 ↓145782 ↓145654 ↓145270 ↓145142 ↓144886 ↓143734 ↓143606 ↓143350 ↓143094 ↓142838 ↓142582 ↓142326 ↓141942 ↓141814 ↓141296 ↓140784 ↓140010 ↓139882 ↓139754 ↓139498 ↓139370 ↓139242 ↓138986 ↓138474 ↓137852 ↓137474 ↓137096 ↓136718 ↓136340 ↓136212 ↓135700 ↓135444 ↓134932 ↓134676 ↓134420 ↓134164 ↓133908 ↓131860 ↓131348 ↓131092 ↓130836 ↓130580 ↓130068 ↓129812 ↓127252 ↓123412 ↓122772 ↓122132 ↓121908 ↓121476 ↓120180 ↓119748 ↓119492 ↓118980 ↓118724 ↓118212 ↓117188 ↓116676 ↓115908 ↓115652 ↓115328 ↓115012 ↓115004 ↓114950 ↓114896 ↓114572 ↓114364 ↓114236 ↓114194 ↓113980 ↓113926 ↓113764 ↓113636 ↓113380 ↓113030 ↓113008 ↓112980 ↓112860 ↓112806 ↓112604 ↓112550 ↓112348 ↓112092 ↓112058 ↓112004 ↓111950 ↓111896 ↓111438 ↓111000 ↓110872 ↓110616 ↓110488 ↓110440 ↓110184 ↓109970 ↓109842 ↓109714 ↓108434 ↓107794 ↓107154 ↓105874 ↓105234 ↓104722 ↓104594 ↓104264 ↓104146 ↓102994 ↓101842 ↓101266 ↓100690 ↓100232 ↓100178 ↓100050 ↓99590 ↓98132 ↓95576 ↓94808 ↓94296 ↓94040 ↓93784 ↓93528 ↓93312 ↓93238 ↓93132 ↓92876 ↓92674 ↓92242 ↓92188 ↓91324 ↓91228 ↓90940 ↓90812 ↓89916 ↓89852 ↓89788 ↓89724 ↓89714 ↓89660 ↓89084 ↓88526 ↓88202 ↓88040 ↓87878 ↓87716 ↓87554 ↓87392 ↓87358 ↓87294 ↓86718 ↓86654 ↓86168 ↓85934 ↓85448 ↓85358 ↓84872 ↓80776 ↓80264 ↓78728 ↓77704 ↓77192 ↓76168 ↓76142 ↓75872 ↓75848 ↓75720 ↓75692 ↓75592 ↓75386 ↓74996 ↓74946 ↓74732 ↓74726 ↓74662 ↓74434 ↓74370 ↓74242 ↓71938 ↓71362 ↓70850 ↓70580 ↓70338 ↓69924 ↓69762 ↓69186 ↓68610 ↓68546 ↓67970 ↓67394 ↓66818 ↓65666 ↓65090 ↓65000 ↓64676 ↓64514 ↓64300 ↓64280 ↓64066 ↓64038 ↓64002 ↓63588 ↓63426 ↓63284 ↓63102 ↓62940 ↓61860 ↓61644 ↓61428 ↓61374 ↓61212 ↓58512 ↓55812 ↓55272 ↓54732 ↓54192 ↓53652 ↓53598 ↓53436 ↓53004 ↓52572 ↓52140 ↓51708 ↓51276 ↓51228 ↓51180 ↓51100 ↓51046 ↓50758 ↓50704 ↓50668 ↓50560 ↓50452 ↓50398 ↓50344 ↓50290 ↓50164 ↓50002 ↓49948 ↓49894 ↓49318 ↓48598 ↓48582 ↓48518 ↓48508 ↓47212 ↓47116 ↓46636 ↓46444 ↓46348 ↓46294 ↓46092 ↓45984 ↓45916 ↓45828 ↓45788 ↓45720 ↓45680 ↓45644 ↓45572 ↓45356 ↓45332 ↓45140 ↓45086 ↓44726 ↓44654 ↓44652 ↓44436 ↓44388 ↓44324 ↓44108 ↓44044 ↓44034 ↓43926 ↓43886 ↓43694 ↓43674 ↓43418 ↓43318 ↓43062 ↓43006 ↓42778 ↓42710 ↓42604 ↓42494 ↓42238 ↓42064 ↓42060 ↓41996 ↓41780 ↓40700 ↓39620 ↓39080 ↓36920 ↓36380 ↓36326 ↓36096 ↓36070 ↓35530 ↓35476 ↓35354 ↓35030 ↓34838 ↓34406 ↓33766 ↓33510 ↓33240 ↓32970 ↓32700 ↓32430 ↓32160 ↓31984 ↓31876 ↓31620 ↓31444 ↓31282 ↓31026 ↓30904 ↓30742 ↓30486 ↓30162 ↓29878 ↓29850 ↓29786 ↓29784 ↓29514 ↓29252 ↓29248 ↓29136 ↓29130 ↓29072 ↓29014 ↓28880 ↓28826 ↓28762 ↓28610 ↓28390 ↓28262 ↓28134 ↓28070 ↓27854 ↓27098 ↓26774 ↓25802 ↓25478 ↓25154 ↓24938 ↓24884 ↓24870 ↓24762 ↓24742 ↓24674 ↓24644 ↓24492 ↓24428 ↓24410 ↓24302 ↓24258 ↓24154 ↓24082 ↓23314 ↓22930 ↓22290 ↓22226 ↓22128 ↓22064 ↓21744 ↓21650 ↓21536 ↓21320 ↓20240 ↓20112 ↓19984 ↓19808 ↓19592 ↓19376 ↓18944 ↓18688 ↓17776 ↓16432 ↓16240 ↓16210 ↓16194 ↓16170 ↓16146 ↓15984 ↓15930 ↓15768 ↓15552 ↓15538 ↓15484 ↓15192 ↓15128 ↓14872 ↓14840 ↓14696 ↓14676 ↓14622 ↓14558 ↓14504 ↓14396 ↓14342 ↓13802 ↓13728 ↓13586 ↓13370 ↓13316 ↓13208 ↓13160 ↓13108 ↓13028 ↓12950 ↓12896 ↓12542 ↓12488 ↓12434 ↓12326 ↓12110 ↓11874 ↓11860 ↓11840 ↓11408 ↓11354 ↓11256 ↓11222 ↓11158 ↓11084 ↓10878 ↓10862 ↓10858 ↓10848 ↓10808 ↓10806 ↓10766 ↓10722 ↓10614 ↓10584 ↓10530 ↓10476 ↓10468 ↓10340 ↓10286 ↓10232 ↓10208 ↓10154 ↓10100 ↓10046 ↓9998 ↓9884 ↓9856 ↓9742 ↓9712 ↓9616
Stage 1: cost=9616  dominant=22  exposure=6  optimal=False
  R_TR=0.5667  worst_arc=(l1,l4,tr2)

  [layered_medium_seed1 w=0 s2=off_off] Solving Stage 2 (limit=300s)... ↓[]
  Stage 2: mono=25  conc=22  optimal=False
  R_1=0.8  worst_trip=(l1,l4,tr2,k8)
  Dispatch: s1=9616  s2=8804  saving=812

  [layered_medium_seed1 w=0 s2=both] Solving Stage 2 (limit=300s)... ↓[22000, 8842] ↓[22000, 8491] ↓[22000, 8386] ↓[22000, 8035] ↓[16000, 6463] ↓[15000, 6463] ↓[14000, 5705] ↓[13000, 5705] ↓[13000, 5656] ↓[13000, 5600] ↓[13000, 5249] ↓[13000, 4793] ↓[13000, 4547] ↓[12000, 4954] ↓[12000, 4547] ↓[12000, 4091] ↓[11000, 5305] ↓[11000, 4547] ↓[11000, 4498] ↓[11000, 4091] ↓[8000, 5705] ↓[7000, 5705] ↓[7000, 5249] ↓[7000, 4898] ↓[7000, 4849] ↓[7000, 4793] ↓[7000, 4442] ↓[6000, 5656] ↓[6000, 5200] ↓[6000, 4954] ↓[6000, 4849] ↓[6000, 4498] ↓[5000, 4849] ↓[5000, 4091] ↓[4000, 5256] ↓[4000, 4800] ↓[4000, 4393] ↓[4000, 4091] ↓[4000, 4042] ↓[4000, 3635] ↓[3000, 6063] ↓[3000, 5958] ↓[3000, 5607] ↓[3000, 5200] ↓[3000, 4442] ↓[3000, 3986] ↓[3000, 3635] ↓[2000, 4442] ↓[2000, 4091] ↓[2000, 3986] ↓[2000, 3635] ↓[1000, 5656] ↓[1000, 5600] ↓[1000, 5249] ↓[1000, 4898] ↓[1000, 4442] ↓[1000, 4393] ↓[1000, 4337] ↓[1000, 3986] ↓[1000, 3635]
  Stage 2: mono=1  conc=9  optimal=False
  R_1=0.8333  worst_trip=(l1,l5,tr2,k2)
  Dispatch: s1=9616  s2=9016  saving=600

  [layered_medium_seed1 w=50 proxy=exposure] Solving Stage 1 (limit=300s)...
  [S1 w=50 round 1] budget=299s best=None ↓153976 ↓151708 ↓151330 ↓150818 ↓150306 ↓148258 ↓147234 ↓146082 ↓145954 ↓145570 ↓145442 ↓145186 ↓144034 ↓143906 ↓143650 ↓143394 ↓143138 ↓142882 ↓142626 ↓142242 ↓142114 ↓141596 ↓141084 ↓140892 ↓140822 ↓140566 ↓140310 ↓140182 ↓140054 ↓139798 ↓139286 ↓138664 ↓138286 ↓137908 ↓137530 ↓137152 ↓136640 ↓136128 ↓135872 ↓135360 ↓135104 ↓134848 ↓134080 ↓133824 ↓133594 ↓133490 ↓131442 ↓131186 ↓130418 ↓130162 ↓129650 ↓129394 ↓129286 ↓129070 ↓122354 ↓122322 ↓120402 ↓119762 ↓119634 ↓119586 ↓119250 ↓119122 ↓119074 ↓118898 ↓118818 ↓118386 ↓118278 ↓118170 ↓118116 ↓115556 ↓115300 ↓115044 ↓114788 ↓114532 ↓114276 ↓114222 ↓114168 ↓114114 ↓113960 ↓113582 ↓113528 ↓113474 ↓113466 ↓113412 ↓113358 ↓113250 ↓113196 ↓113142 ↓113088 ↓113034 ↓112980 ↓112772 ↓112340 ↓111700 ↓110728 ↓110292 ↓110138 ↓110088 ↓109984 ↓109756 ↓109648 ↓109628 ↓109500 ↓109372 ↓108860 ↓108784 ↓108676 ↓108298 ↓107888 ↓107760 ↓107706 ↓107652 ↓107112 ↓106680 ↓106626 ↓106572 ↓106568 ↓106518 ↓106356 ↓106248 ↓106086 ↓105600 ↓105568 ↓105514 ↓105440 ↓105422 ↓105294 ↓105166 ↓105038 ↓104578 ↓104402 ↓104348 ↓104220 ↓104092 ↓103964 ↓103708 ↓103580 ↓103438 ↓103168 ↓102898 ↓102628 ↓102358 ↓102230 ↓99862 ↓99094 ↓98902 ↓98710 ↓98568 ↓98518 ↓98390 ↓98302 ↓98086 ↓97870 ↓97654 ↓97438 ↓97272 ↓97160 ↓97106 ↓97056 ↓96890 ↓96762 ↓96122 ↓95482 ↓94842 ↓94202 ↓94128 ↓93872 ↓93818 ↓93612 ↓93562 ↓92428 ↓92050 ↓91672 ↓91294 ↓90538 ↓90160 ↓89404 ↓87136 ↓86704 ↓86272 ↓85840 ↓85408 ↓84976 ↓84544 ↓84436 ↓84432 ↓84378 ↓84270 ↓84220 ↓84216 ↓84162 ↓83730 ↓83622 ↓83352 ↓83348 ↓83298 ↓82970 ↓82862 ↓81566 ↓80918 ↓80594 ↓80320 ↓80270 ↓79996 ↓79564 ↓78750 ↓78700 ↓78642 ↓78588 ↓78534 ↓78524 ↓78484 ↓78480 ↓78430 ↓78376 ↓78372 ↓78322 ↓78048 ↓77982 ↓77342 ↓76702 ↓76062 ↓75806 ↓75550 ↓75294 ↓75038 ↓74782 ↓74526 ↓74486 ↓74320 ↓74270 ↓73892 ↓73846 ↓73800 ↓73730 ↓73684 ↓73638 ↓73260 ↓72428 ↓72424 ↓72232 ↓71908 ↓71780 ↓71456 ↓71072 ↓70830 ↓70802 ↓70290 ↓69778 ↓69454 ↓69184 ↓69170 ↓69126 ↓69022 ↓68998 ↓68806 ↓68728 ↓68536 ↓67384 ↓66232 ↓65656 ↓65620 ↓65512 ↓65458 ↓65296 ↓65242 ↓65134 ↓65130 ↓65040 ↓64554 ↓62826 ↓62250 ↓61674 ↓61098 ↓60522 ↓60458 ↓60378 ↓60266 ↓60158 ↓59996 ↓59946 ↓59838 ↓59806 ↓59158 ↓59104 ↓59050 ↓59030 ↓59010 ↓58390 ↓58336 ↓57568 ↓57184 ↓55648 ↓54930 ↓54546 ↓54492 ↓54472 ↓54452 ↓52906 ↓51826 ↓51286 ↓49666 ↓49126 ↓48046 ↓47506 ↓47452 ↓47344 ↓47290 ↓47128 ↓46992 ↓46966 ↓46642 ↓46412 ↓46284 ↓46264 ↓46232 ↓46140 ↓45816 ↓44952 ↓44648 ↓44520 ↓44488 ↓44296 ↓44284 ↓44188 ↓44134 ↓44092 ↓43452 ↓43260 ↓43240 ↓43192 ↓42104 ↓41720 ↓41208 ↓40696 ↓40264 ↓39400 ↓39032 ↓38952 ↓38902 ↓38632 ↓38376 ↓38114 ↓37736 ↓37656 ↓37628 ↓37548 ↓37494 ↓37440 ↓37386 ↓37332 ↓37170 ↓37096 ↓37032 ↓36978 ↓36654 ↓36600 ↓36546 ↓36492 ↓36472 ↓36432 ↓36378 ↓36304 ↓36290 ↓36236 ↓36216 ↓36162 ↓36108 ↓36102 ↓36048 ↓36034 ↓35970 ↓35792 ↓35778 ↓35758 ↓35710 ↓35670 ↓35468 ↓35448 ↓35418 ↓35398 ↓35372 ↓35322 ↓35214 ↓35106 ↓34998 ↓34890 ↓34836 ↓34714 ↓34606 ↓34552 ↓34224 ↓34174 ↓34066 ↓34012 ↓34002 ↓33810 ↓33756 ↓33472 ↓33364 ↓32932 ↓32928 ↓32824 ↓32744 ↓32366 ↓32032 ↓31978 ↓31924 ↓31492 ↓31258 ↓31204 ↓31060 ↓30124 ↓30088 ↓29584 ↓29530 ↓29494 ↓29440 ↓29332 ↓29170 ↓29116 ↓29062 ↓28792 ↓28684 ↓28546 ↓28438 ↓28384 ↓28330 ↓28280 ↓28262 ↓28214 ↓28134 ↓28114 ↓28084 ↓28064 ↓28050 ↓27922 ↓27794 ↓27750 ↓27696 ↓27642 ↓27588 ↓27534 ↓27480 ↓27426 ↓27376 ↓27322 ↓27272 ↓27252 ↓27198 ↓27196 ↓27166 ↓27162 ↓27112 ↓27110 ↓26994 ↓26892 ↓26764 ↓26730 ↓26602 ↓26534 ↓26508 ↓26474 ↓26346 ↓26332 ↓26278 ↓26150 ↓25796 ↓25620 ↓25540 ↓25284 ↓25220 ↓25132 ↓25082 ↓24982 ↓24958 ↓24904 ↓24880 ↓24794 ↓24712 ↓24470 ↓24416 ↓24412 ↓24362 ↓24200 ↓24146 ↓24092 ↓24042 ↓24018 ↓23802 ↓23762 ↓23546 ↓23472 ↓23442 ↓23392 ↓23314 ↓23264 ↓23122 ↓22994 ↓22944 ↓22930 ↓22880 ↓22690 ↓22178 ↓22016 ↓21962 ↓21450 ↓21386 ↓21336 ↓21286 ↓21030 ↓20774 ↓20640 ↓20478 ↓20424 ↓20420 ↓20370 ↓20346 ↓20292 ↓20264 ↓20210 ↓20076 ↓19752 ↓19624 ↓19554 ↓19430 ↓19374 ↓19200 ↓19146 ↓19116 ↓19108 ↓18980 ↓18900 ↓18532 ↓18516 ↓18492 ↓18452 ↓18402 ↓18308 ↓18286 ↓18236 ↓18150 ↓17980 ↓17836 ↓17724 ↓17718 ↓17664 ↓17448 ↓17408 ↓17246 ↓17084 ↓17050 ↓16934 ↓16880 ↓16610 ↓16606 ↓16580 ↓16552 ↓16498 ↓16444 ↓15986 ↓15936 ↓15862 ↓15842 ↓15822 ↓15752 ↓15696 ↓15642 ↓15546 ↓15454 ↓15412 ↓15408 ↓15382 ↓15330 ↓15326 ↓15070 ↓14968 ↓14888 ↓14760 ↓14632 ↓14558 ↓14430 ↓14340 ↓14302 ↓14202 ↓14146 ↓14032 ↓14018 ↓13762 ↓13640 ↓13530 ↓13502 ↓13434 ↓13418 ↓13410 ↓13356 ↓13344 ↓13342 ↓13302 ↓13146 ↓13050 ↓13032 ↓12910 ↓12872 ↓12858 ↓12808 ↓12774 ↓12730 ↓12602 ↓12514 ↓12386 ↓12170 ↓11954 ↓11938 ↓11810 ↓11602 ↓11554 ↓11522 ↓11394 ↓11186 ↓11180 ↓11160 ↓11106 ↓11052 ↓10620 ↓10412 ↓10410
Stage 1: cost=10410  dominant=26  exposure=2  optimal=False
  R_TR=0.6333  worst_arc=(l2,l7,tr2)

  [layered_medium_seed1 w=50 s2=off_off] Solving Stage 2 (limit=300s)... ↓[]
  Stage 2: mono=15  conc=38  optimal=False
  R_1=0.8333  worst_trip=(l1,l4,tr2,k2)
  Dispatch: s1=10310  s2=9946  saving=364

  [layered_medium_seed1 w=50 s2=both] Solving Stage 2 (limit=300s)... ↓[15000, 15480] ↓[14000, 15936] ↓[14000, 15480] ↓[14000, 15073] ↓[14000, 15024] ↓[14000, 13410] ↓[13000, 14778] ↓[12000, 13305] ↓[10000, 13305] ↓[9000, 13305] ↓[9000, 12954] ↓[9000, 12547] ↓[8000, 13859] ↓[8000, 13508] ↓[8000, 13403] ↓[8000, 13052] ↓[8000, 12947] ↓[8000, 12596] ↓[7000, 14210] ↓[7000, 13754] ↓[7000, 13298] ↓[7000, 12947] ↓[7000, 12652] ↓[7000, 12196] ↓[7000, 11789] ↓[6000, 12652] ↓[6000, 12196] ↓[6000, 12147] ↓[6000, 12084] ↓[6000, 11838] ↓[6000, 11733] ↓[6000, 11382] ↓[6000, 11277] ↓[5000, 14161] ↓[5000, 14056] ↓[5000, 13705] ↓[5000, 13354] ↓[5000, 13249] ↓[5000, 13003] ↓[5000, 12652] ↓[5000, 12245] ↓[5000, 12140] ↓[5000, 12091] ↓[5000, 11684] ↓[5000, 11579] ↓[5000, 11228] ↓[5000, 10877] ↓[5000, 10526] ↓[5000, 10470] ↓[5000, 10168] ↓[5000, 10112] ↓[5000, 10063] ↓[5000, 10007] ↓[4000, 15326] ↓[4000, 14975] ↓[4000, 14919] ↓[4000, 14568] ↓[4000, 14519] ↓[4000, 14463] ↓[4000, 14112] ↓[4000, 13761] ↓[4000, 13305] ↓[4000, 12954] ↓[4000, 12947] ↓[4000, 12596] ↓[4000, 12330] ↓[4000, 11979] ↓[4000, 11628] ↓[4000, 11572] ↓[4000, 11221] ↓[4000, 10870] ↓[4000, 10765] ↓[4000, 10526] ↓[4000, 10470] ↓[4000, 10414] ↓[4000, 10358] ↓[4000, 10063] ↓[4000, 10007] ↓[3000, 12849] ↓[3000, 12554] ↓[3000, 12498] ↓[3000, 12147] ↓[3000, 12091] ↓[3000, 11740] ↓[3000, 11389] ↓[3000, 11284] ↓[3000, 10933] ↓[3000, 10877] ↓[3000, 10870] ↓[3000, 10519] ↓[3000, 10470] ↓[3000, 10414] ↓[3000, 10358] ↓[2000, 13305] ↓[2000, 13249] ↓[2000, 13144] ↓[2000, 12793] ↓[2000, 12442] ↓[2000, 12386] ↓[2000, 12330] ↓[2000, 12035] ↓[2000, 11684] ↓[2000, 11277] ↓[2000, 10926] ↓[2000, 10765] ↓[1000, 15277] ↓[1000, 14821] ↓[1000, 14470] ↓[1000, 14119] ↓[1000, 14063] ↓[1000, 13712] ↓[1000, 13361] ↓[1000, 13305] ↓[1000, 12954] ↓[1000, 12849] ↓[1000, 12800] ↓[1000, 12449] ↓[1000, 12393] ↓[1000, 12147] ↓[1000, 12042] ↓[1000, 11986] ↓[1000, 11635] ↓[1000, 11382] ↓[1000, 11333] ↓[1000, 11277] ↓[1000, 11172]
  Stage 2: mono=1  conc=28  optimal=False
  R_1=0.8333  worst_trip=(l2,l5,tr2,k1)
  Dispatch: s1=10310  s2=10074  saving=236

  [layered_medium_seed1 w=100 proxy=exposure] Solving Stage 1 (limit=300s)...
  [S1 w=100 round 1] budget=299s best=None ↓154276 ↓152008 ↓151630 ↓151118 ↓150606 ↓148558 ↓147534 ↓146382 ↓146254 ↓145870 ↓145742 ↓145486 ↓144334 ↓144206 ↓143950 ↓143694 ↓143438 ↓143182 ↓142926 ↓142542 ↓142414 ↓141896 ↓141384 ↓141192 ↓141122 ↓140866 ↓140610 ↓140482 ↓140354 ↓140226 ↓140098 ↓139586 ↓138964 ↓138586 ↓138208 ↓137830 ↓137452 ↓136940 ↓136428 ↓136300 ↓134508 ↓134252 ↓133996 ↓133348 ↓133294 ↓133240 ↓133186 ↓133132 ↓132876 ↓132748 ↓132236 ↓131980 ↓131468 ↓130188 ↓129932 ↓129676 ↓129420 ↓129164 ↓128908 ↓125580 ↓123020 ↓122380 ↓121740 ↓121200 ↓120876 ↓120444 ↓120012 ↓119148 ↓119100 ↓118844 ↓118716 ↓118588 ↓118156 ↓118048 ↓114828 ↓114572 ↓114160 ↓114032 ↓113776 ↓112156 ↓110536 ↓109996 ↓109942 ↓109686 ↓109672 ↓109564 ↓109362 ↓109348 ↓109132 ↓109078 ↓108822 ↓108714 ↓108498 ↓108322 ↓107512 ↓107242 ↓106918 ↓106810 ↓106702 ↓106486 ↓106378 ↓106162 ↓106054 ↓105798 ↓105744 ↓105636 ↓105488 ↓105380 ↓105366 ↓104826 ↓104726 ↓104502 ↓104070 ↓103854 ↓103638 ↓103584 ↓103530 ↓103476 ↓103328 ↓103220 ↓103180 ↓103044 ↓102896 ↓102882 ↓102774 ↓102504 ↓102248 ↓102194 ↓102140 ↓102086 ↓101816 ↓101708 ↓101600 ↓101492 ↓101438 ↓101276 ↓101222 ↓101006 ↓100952 ↓100682 ↓100466 ↓99602 ↓99386 ↓99170 ↓98954 ↓98914 ↓98658 ↓98522 ↓98198 ↓97226 ↓95606 ↓95282 ↓94958 ↓94742 ↓94486 ↓94330 ↓94230 ↓93974 ↓93122 ↓92582 ↓90422 ↓89882 ↓88362 ↓87822 ↓87246 ↓86670 ↓85518 ↓84942 ↓84896 ↓84842 ↓84834 ↓84734 ↓84720 ↓84666 ↓84630 ↓84502 ↓84302 ↓83546 ↓83222 ↓83060 ↓82898 ↓82736 ↓82574 ↓82034 ↓81594 ↓81432 ↓80892 ↓80352 ↓79820 ↓78524 ↓78092 ↓77660 ↓77606 ↓77174 ↓77120 ↓76680 ↓76672 ↓76564 ↓76526 ↓76430 ↓76376 ↓76322 ↓76268 ↓75998 ↓75944 ↓75566 ↓75330 ↓75134 ↓75080 ↓75026 ↓74972 ↓74540 ↓73648 ↓72880 ↓72496 ↓72328 ↓72314 ↓72260 ↓72164 ↓71948 ↓71902 ↓71882 ↓71828 ↓71632 ↓71524 ↓71484 ↓71336 ↓71288 ↓71268 ↓71140 ↓71084 ↓71072 ↓71038 ↓71010 ↓70910 ↓70856 ↓70728 ↓70472 ↓69960 ↓69832 ↓69576 ↓69320 ↓69104 ↓68976 ↓68950 ↓68664 ↓68646 ↓68390 ↓68080 ↓67836 ↓67458 ↓67080 ↓66702 ↓66324 ↓65190 ↓64812 ↓64556 ↓63788 ↓63404 ↓63364 ↓63344 ↓63324 ↓63270 ↓63216 ↓63196 ↓63176 ↓63108 ↓63000 ↓62946 ↓62938 ↓62892 ↓62838 ↓62406 ↓61542 ↓61110 ↓60678 ↓60246 ↓59814 ↓59558 ↓53670 ↓52134 ↓51878 ↓51622 ↓51574 ↓51554 ↓51446 ↓51318 ↓51218 ↓51062 ↓50962 ↓50954 ↓50854 ↓50662 ↓50598 ↓50342 ↓46566 ↓45990 ↓45786 ↓45594 ↓45270 ↓44946 ↓44838 ↓44406 ↓44352 ↓44298 ↓44202 ↓44074 ↓43946 ↓43818 ↓43690 ↓43562 ↓43434 ↓43346 ↓43218 ↓43164 ↓43136 ↓42780 ↓42624 ↓42596 ↓42584 ↓42484 ↓42456 ↓41970 ↓40998 ↓39846 ↓36390 ↓35814 ↓35622 ↓34982 ↓34838 ↓34788 ↓34612 ↓34212 ↓34148 ↓33662 ↓33652 ↓33452 ↓33440 ↓33224 ↓33180 ↓33024 ↓32924 ↓32800 ↓32796 ↓32650 ↓32010 ↓31694 ↓31450 ↓31194 ↓31154 ↓30514 ↓30450 ↓30234 ↓30082 ↓29906 ↓29890 ↓29826 ↓29698 ↓29598 ↓29544 ↓29490 ↓29474 ↓29420 ↓29366 ↓29362 ↓29200 ↓29132 ↓28902 ↓28702 ↓28570 ↓28354 ↓28254 ↓27614 ↓27526 ↓27398 ↓27310 ↓27296 ↓27080 ↓27000 ↓26784 ↓26740 ↓26514 ↓26460 ↓26426 ↓26298 ↓26254 ↓26190 ↓25998 ↓25894 ↓25802 ↓25684 ↓25660 ↓25404 ↓25148 ↓24608 ↓24338 ↓23906 ↓23890 ↓23762 ↓23742 ↓23722 ↓23670 ↓23658 ↓23530 ↓23402 ↓23246 ↓23208 ↓23184 ↓22800 ↓22672 ↓22608 ↓22578 ↓22344 ↓22152 ↓21960 ↓21832 ↓21528 ↓21312 ↓21122 ↓20936 ↓20734 ↓20590 ↓20240 ↓20048 ↓19994 ↓19940 ↓19894 ↓19570 ↓19516 ↓19512 ↓19404 ↓19358 ↓19222 ↓19216 ↓19162 ↓18838 ↓18818 ↓18718 ↓18690 ↓18562 ↓18434 ↓18306 ↓18278 ↓18186 ↓18098 ↓18038 ↓17936 ↓17930 ↓17898 ↓17810 ↓17702 ↓17648 ↓17602 ↓17478 ↓17424 ↓17270 ↓17162 ↓17108 ↓17054 ↓17040 ↓16936 ↓16892 ↓16852 ↓16808 ↓16748 ↓16720 ↓16528 ↓16498 ↓16334 ↓16118 ↓16030 ↓15778 ↓15542 ↓15110 ↓15042 ↓14952 ↓14466 ↓14446 ↓14268 ↓14262 ↓14202 ↓14074 ↓14054 ↓14000 ↓13872 ↓13744 ↓13528 ↓13510 ↓13364 ↓13204 ↓13040 ↓13000 ↓12900 ↓12864 ↓12684 ↓12672 ↓12628 ↓12596 ↓12586 ↓12564 ↓12516 ↓12438 ↓12354 ↓12308 ↓12284 ↓12180 ↓12086 ↓12038 ↓11894 ↓11660 ↓11598 ↓11498 ↓11474 ↓11366 ↓11272 ↓11256 ↓11250 ↓11150 ↓11096 ↓11054 ↓11030 ↓10996 ↓10990 ↓10936 ↓10640 ↓10592 ↓10542 ↓10534 ↓10514
Stage 1: cost=10514  dominant=30  exposure=0  optimal=False
  R_TR=0.6667  worst_arc=(l2,l7,tr2)

  [layered_medium_seed1 w=100 s2=off_off] Solving Stage 2 (limit=300s)... ↓[]
  Stage 2: mono=13  conc=37  optimal=False
  R_1=0.8  worst_trip=(l5,l8,tr2,k2)
  Dispatch: s1=10514  s2=10386  saving=128

  [layered_medium_seed1 w=100 s2=both] Solving Stage 2 (limit=300s)... ↓[13000, 14667] ↓[11000, 14260] ↓[10000, 14260] ↓[10000, 13853] ↓[9000, 14260] ↓[9000, 14056] ↓[9000, 12737] ↓[9000, 12281] ↓[9000, 11208] ↓[9000, 10801] ↓[9000, 10450] ↓[9000, 10099] ↓[9000, 9853] ↓[9000, 9502] ↓[9000, 9446] ↓[9000, 9095] ↓[8000, 11523] ↓[8000, 11172] ↓[8000, 10821] ↓[8000, 10365] ↓[8000, 10309] ↓[8000, 9958] ↓[8000, 9909] ↓[8000, 9853] ↓[7000, 10779] ↓[7000, 10723] ↓[7000, 10372] ↓[7000, 10155] ↓[7000, 9804] ↓[7000, 9453] ↓[7000, 9046] ↓[7000, 8695] ↓[6000, 12337] ↓[6000, 11881] ↓[6000, 11579] ↓[6000, 11228] ↓[6000, 11172] ↓[6000, 10821] ↓[6000, 10618] ↓[6000, 10562] ↓[6000, 10211] ↓[6000, 9909] ↓[6000, 9558] ↓[6000, 9502] ↓[6000, 9151] ↓[5000, 11179] ↓[5000, 10772] ↓[5000, 10667] ↓[5000, 10316] ↓[5000, 10267] ↓[5000, 9916] ↓[5000, 9860] ↓[5000, 9811] ↓[5000, 9460] ↓[5000, 9404] ↓[5000, 9348] ↓[4000, 10260] ↓[4000, 10211] ↓[4000, 10155] ↓[4000, 10050] ↓[4000, 9699] ↓[4000, 9348] ↓[4000, 9292] ↓[4000, 8941] ↓[3000, 11986] ↓[3000, 11881] ↓[3000, 11530] ↓[3000, 11425] ↓[3000, 11074] ↓[3000, 11018] ↓[3000, 10667] ↓[3000, 10211] ↓[3000, 9916] ↓[3000, 9860] ↓[3000, 9804] ↓[3000, 9404] ↓[3000, 9348] ↓[3000, 9102] ↓[3000, 9046] ↓[2000, 12176] ↓[2000, 12127] ↓[2000, 11720] ↓[2000, 11671] ↓[2000, 11320] ↓[2000, 11264] ↓[2000, 10913] ↓[2000, 10562] ↓[2000, 10211] ↓[2000, 9860] ↓[2000, 9804]
  Stage 2: mono=2  conc=25  optimal=False
  R_1=0.8667  worst_trip=(l2,l7,tr2,k6)
  Dispatch: s1=10514  s2=10342  saving=172

  [layered_medium_seed1 w=150 proxy=exposure] Solving Stage 1 (limit=300s)...
  [S1 w=150 round 1] budget=299s best=None ↓154576 ↓152308 ↓151930 ↓151418 ↓150906 ↓148858 ↓147834 ↓146682 ↓146554 ↓146170 ↓146042 ↓145786 ↓144634 ↓144506 ↓144250 ↓143994 ↓143738 ↓143482 ↓143226 ↓142842 ↓142714 ↓142196 ↓141684 ↓141492 ↓141422 ↓141166 ↓140910 ↓140782 ↓140654 ↓140526 ↓140398 ↓139886 ↓139264 ↓138886 ↓138508 ↓138130 ↓137752 ↓137240 ↓136728 ↓136600 ↓136088 ↓135832 ↓135576 ↓135320 ↓135064 ↓134808 ↓134552 ↓134296 ↓132248 ↓131480 ↓131224 ↓130968 ↓130712 ↓130456 ↓130200 ↓126360 ↓123160 ↓122520 ↓122264 ↓122256 ↓122148 ↓122108 ↓122000 ↓121946 ↓121892 ↓121636 ↓121508 ↓121474 ↓121042 ↓120610 ↓120178 ↓118882 ↓118450 ↓118226 ↓117970 ↓117714 ↓117458 ↓117026 ↓116594 ↓116162 ↓115298 ↓114866 ↓114434 ↓114380 ↓113794 ↓113304 ↓109826 ↓108802 ↓108290 ↓106754 ↓106242 ↓105602 ↓105112 ↓105090 ↓104978 ↓104750 ↓104600 ↓104450 ↓104434 ↓104218 ↓104002 ↓103786 ↓103146 ↓102506 ↓102440 ↓101900 ↓101630 ↓101360 ↓101090 ↓100820 ↓100010 ↓99740 ↓99612 ↓99484 ↓99356 ↓98866 ↓96116 ↓94496 ↓93956 ↓93416 ↓92876 ↓92336 ↓92208 ↓91668 ↓91236 ↓90912 ↓88968 ↓88644 ↓88584 ↓88328 ↓88058 ↓87086 ↓86546 ↓86490 ↓86234 ↓85978 ↓83674 ↓81754 ↓81418 ↓81370 ↓81242 ↓81202 ↓81074 ↓80986 ↓80906 ↓80778 ↓80730 ↓80346 ↓80286 ↓80238 ↓80082 ↓79926 ↓79778 ↓79698 ↓79590 ↓79314 ↓79266 ↓79158 ↓79130 ↓78746 ↓78682 ↓78362 ↓78234 ↓78192 ↓77808 ↓75312 ↓75120 ↓74928 ↓74888 ↓74814 ↓74760 ↓72840 ↓72200 ↓71560 ↓70920 ↓70280 ↓69200 ↓68660 ↓67040 ↓65960 ↓64880 ↓64340 ↓63800 ↓63260 ↓62720 ↓62692 ↓62152 ↓62072 ↓61934 ↓61784 ↓61744 ↓61528 ↓61096 ↓59800 ↓58936 ↓58072 ↓57640 ↓56926 ↓56494 ↓56452 ↓56398 ↓56394 ↓56340 ↓56286 ↓55746 ↓55692 ↓54878 ↓54750 ↓54622 ↓54494 ↓54366 ↓54238 ↓54218 ↓53698 ↓53570 ↓53394 ↓53266 ↓52930 ↓52674 ↓52546 ↓52418 ↓52290 ↓52162 ↓52034 ↓51818 ↓51602 ↓51582 ↓51528 ↓51500 ↓51494 ↓51062 ↓50306 ↓49874 ↓49442 ↓49010 ↓48578 ↓48558 ↓48504 ↓48470 ↓48396 ↓48350 ↓48330 ↓48276 ↓48272 ↓48122 ↓47994 ↓47844 ↓47694 ↓47670 ↓47616 ↓47562 ↓47508 ↓47346 ↓47238 ↓47226 ↓47076 ↓46914 ↓46716 ↓46650 ↓46608 ↓46338 ↓46082 ↓45826 ↓45698 ↓45442 ↓45314 ↓45186 ↓45078 ↓45064 ↓44936 ↓44808 ↓44632 ↓44504 ↓44450 ↓44448 ↓44016 ↓43962 ↓43902 ↓43740 ↓43720 ↓43592 ↓43464 ↓43336 ↓43096 ↓42904 ↓42850 ↓42812 ↓42792 ↓42738 ↓42684 ↓42674 ↓42546 ↓42492 ↓42364 ↓42300 ↓42172 ↓42098 ↓42044 ↓41970 ↓41660 ↓41596 ↓41496 ↓41432 ↓41112 ↓41108 ↓41054 ↓40926 ↓40890 ↓40862 ↓40606 ↓40542 ↓40498 ↓40434 ↓40344 ↓40156 ↓39928 ↓39778 ↓38266 ↓37510 ↓37132 ↓36754 ↓36690 ↓36312 ↓36258 ↓36224 ↓35990 ↓35918 ↓35862 ↓35754 ↓35738 ↓35588 ↓33308 ↓32822 ↓32336 ↓32106 ↓31620 ↓31364 ↓31214 ↓31134 ↓31006 ↓30636 ↓30124 ↓30036 ↓29766 ↓29724 ↓29404 ↓29020 ↓28924 ↓28796 ↓28688 ↓28646 ↓28632 ↓28538 ↓28510 ↓28438 ↓28418 ↓28162 ↓28120 ↓28118 ↓28068 ↓27582 ↓27096 ↓26852 ↓26772 ↓26732 ↓26668 ↓26588 ↓26462 ↓26446 ↓26392 ↓26366 ↓26302 ↓25790 ↓25662 ↓25652 ↓25508 ↓25492 ↓25392 ↓25136 ↓24560 ↓24380 ↓24272 ↓24252 ↓24124 ↓23982 ↓23854 ↓23676 ↓23280 ↓23010 ↓22882 ↓22804 ↓22726 ↓22662 ↓22618 ↓22502 ↓22154 ↓22004 ↓21888 ↓21738 ↓21650 ↓21560 ↓21524 ↓21396 ↓21376 ↓21322 ↓21076 ↓20916 ↓20844 ↓20816 ↓20768 ↓20754 ↓20742 ↓20698 ↓20688 ↓20642 ↓20210 ↓19928 ↓19900 ↓19778 ↓19724 ↓19718 ↓19640 ↓19594 ↓19590 ↓19574 ↓19494 ↓19278 ↓19190 ↓19150 ↓18974 ↓18542 ↓18398 ↓17966 ↓17948 ↓17030 ↓16976 ↓16776 ↓16768 ↓16552 ↓16344 ↓16298 ↓16278 ↓16276 ↓16230 ↓16228 ↓16208 ↓16132 ↓16102 ↓16060 ↓15832 ↓15622 ↓15608 ↓15352 ↓15338 ↓15210 ↓15104 ↓15032 ↓14954 ↓14910 ↓14708 ↓14492 ↓14448 ↓14232 ↓14168 ↓14124 ↓13980 ↓13952 ↓13934 ↓13904 ↓13898 ↓13834 ↓13806 ↓13780 ↓13726 ↓13706 ↓13652 ↓13544 ↓13472 ↓13364 ↓13318 ↓13272 ↓13268 ↓13214 ↓12844 ↓12636 ↓12582 ↓12538 ↓12430 ↓12428 ↓12278 ↓12224 ↓12178 ↓12150 ↓12070
Stage 1: cost=12070  dominant=31  exposure=0  optimal=False
  R_TR=0.6667  worst_arc=(l2,l7,tr2)

  [layered_medium_seed1 w=150 s2=off_off] Solving Stage 2 (limit=300s)... ↓[]
  Stage 2: mono=14  conc=34  optimal=False
  R_1=0.8333  worst_trip=(l2,l3,tr2,k3)
  Dispatch: s1=12070  s2=11962  saving=108

  [layered_medium_seed1 w=150 s2=both] Solving Stage 2 (limit=300s)... ↓[14000, 13957] ↓[14000, 13501] ↓[13000, 13501] ↓[12000, 13852] ↓[12000, 13501] ↓[11000, 13852] ↓[11000, 13501] ↓[10000, 13852] ↓[10000, 13438] ↓[10000, 12982] ↓[10000, 12877] ↓[10000, 11775] ↓[9000, 11775] ↓[9000, 11424] ↓[8000, 12589] ↓[8000, 12392] ↓[8000, 12231] ↓[8000, 11214] ↓[8000, 11109] ↓[8000, 10758] ↓[8000, 10407] ↓[8000, 10161] ↓[8000, 10056] ↓[7000, 11831] ↓[7000, 11375] ↓[7000, 10968] ↓[7000, 10919] ↓[7000, 10617] ↓[7000, 10568] ↓[7000, 10512] ↓[7000, 10315] ↓[7000, 10266] ↓[6000, 11536] ↓[6000, 11424] ↓[6000, 11129] ↓[6000, 11073] ↓[6000, 10912] ↓[6000, 10561] ↓[6000, 10512] ↓[6000, 10456] ↓[6000, 10407] ↓[5000, 11972] ↓[5000, 11916] ↓[5000, 11831] ↓[5000, 11480] ↓[5000, 11375] ↓[5000, 11024] ↓[5000, 11017] ↓[5000, 10912] ↓[5000, 10561] ↓[4000, 12996] ↓[4000, 12989] ↓[4000, 12884] ↓[4000, 12533] ↓[4000, 12133] ↓[4000, 11782] ↓[4000, 11726] ↓[4000, 11375] ↓[4000, 11319] ↓[4000, 11214] ↓[4000, 11024] ↓[4000, 10968] ↓[4000, 10912] ↓[4000, 10863] ↓[3000, 13901] ↓[3000, 13445] ↓[3000, 12989] ↓[3000, 12533] ↓[3000, 12182] ↓[3000, 11782] ↓[3000, 11677] ↓[3000, 11375] ↓[3000, 11319] ↓[3000, 11270]
  Stage 2: mono=3  conc=28  optimal=False
  R_1=0.8333  worst_trip=(l1,l5,tr2,k2)
  Dispatch: s1=12070  s2=11052  saving=1018

  [layered_medium_seed1 w=200 proxy=exposure] Solving Stage 1 (limit=300s)...
  [S1 w=200 round 1] budget=299s best=None ↓154876 ↓152608 ↓152230 ↓151718 ↓151206 ↓149158 ↓148134 ↓146982 ↓146854 ↓146470 ↓146342 ↓146086 ↓144934 ↓144806 ↓144550 ↓144294 ↓144038 ↓143782 ↓143526 ↓143142 ↓143014 ↓142496 ↓141984 ↓141792 ↓141722 ↓141466 ↓141210 ↓141082 ↓140954 ↓140826 ↓140698 ↓140186 ↓139564 ↓139186 ↓138808 ↓138430 ↓138052 ↓137540 ↓137028 ↓136900 ↓136644 ↓136132 ↓135364 ↓135108 ↓134852 ↓134596 ↓134326 ↓134110 ↓134056 ↓133948 ↓133894 ↓133840 ↓133786 ↓133732 ↓133678 ↓133624 ↓133570 ↓133530 ↓131522 ↓130754 ↓130498 ↓130242 ↓129730 ↓129474 ↓128066 ↓127554 ↓126658 ↓126530 ↓126018 ↓125762 ↓125122 ↓123842 ↓123202 ↓122562 ↓122306 ↓122050 ↓121794 ↓121362 ↓120930 ↓120498 ↓120066 ↓119634 ↓119458 ↓119446 ↓119392 ↓119378 ↓118082 ↓117874 ↓117586 ↓117330 ↓117074 ↓116818 ↓116562 ↓115794 ↓115740 ↓115484 ↓115228 ↓114796 ↓114364 ↓113932 ↓113670 ↓113608 ↓113408 ↓113292 ↓113158 ↓113116 ↓113062 ↓113008 ↓112954 ↓112900 ↓112792 ↓112684 ↓104966 ↓104588 ↓103724 ↓103508 ↓103292 ↓103076 ↓102860 ↓102644 ↓102428 ↓101916 ↓101788 ↓101660 ↓101532 ↓101404 ↓101276 ↓99548 ↓98972 ↓97244 ↓96668 ↓96632 ↓96504 ↓96308 ↓95732 ↓94580 ↓94004 ↓93356 ↓90656 ↓90116 ↓89036 ↓87956 ↓87416 ↓86876 ↓86336 ↓86282 ↓86106 ↓85850 ↓85760 ↓85706 ↓85544 ↓85220 ↓84826 ↓84448 ↓84070 ↓83692 ↓83314 ↓83152 ↓82936 ↓82882 ↓82828 ↓82666 ↓82612 ↓82412 ↓82288 ↓82234 ↓82180 ↓82164 ↓82110 ↓82056 ↓81856 ↓81732 ↓81678 ↓81478 ↓81294 ↓79374 ↓78222 ↓78054 ↓78022 ↓77654 ↓77634 ↓77580 ↓77454 ↓77380 ↓77322 ↓77262 ↓77198 ↓76820 ↓76564 ↓76500 ↓76230 ↓74772 ↓73044 ↓72468 ↓71892 ↓71316 ↓70740 ↓70470 ↓70362 ↓70146 ↓70094 ↓69898 ↓69658 ↓69546 ↓69444 ↓69396 ↓69140 ↓69012 ↓68956 ↓68936 ↓65884 ↓65854 ↓65800 ↓65756 ↓65746 ↓65692 ↓65686 ↓65632 ↓65524 ↓65500 ↓65308 ↓65254 ↓64714 ↓64174 ↓63634 ↓62554 ↓62014 ↓59854 ↓58234 ↓57154 ↓57026 ↓56898 ↓56642 ↓56130 ↓56002 ↓55874 ↓55674 ↓55618 ↓55564 ↓55510 ↓55426 ↓55254 ↓55170 ↓54466 ↓54082 ↓53826 ↓53570 ↓53442 ↓53388 ↓53250 ↓53122 ↓52994 ↓52972 ↓52492 ↓51980 ↓51522 ↓50658 ↓50556 ↓50226 ↓50098 ↓49928 ↓49820 ↓49692 ↓49578 ↓49564 ↓49510 ↓49450 ↓49372 ↓49318 ↓49244 ↓49190 ↓49160 ↓49106 ↓49082 ↓49062 ↓49018 ↓48696 ↓48534 ↓48334 ↓48330 ↓48228 ↓48222 ↓48006 ↓47270 ↓46790 ↓46358 ↓43766 ↓43334 ↓42470 ↓41958 ↓41954 ↓41698 ↓41498 ↓40986 ↓40962 ↓40898 ↓40346 ↓40010 ↓39626 ↓39512 ↓39370 ↓39330 ↓39316 ↓39100 ↓39046 ↓38992 ↓38790 ↓38736 ↓38688 ↓38672 ↓38364 ↓38166 ↓38164 ↓38110 ↓38096 ↓38032 ↓37840 ↓37776 ↓37688 ↓37592 ↓37392 ↓37348 ↓37304 ↓37298 ↓37244 ↓37190 ↓37160 ↓37102 ↓36960 ↓36940 ↓36920 ↓36846 ↓36822 ↓36802 ↓36758 ↓36728 ↓36534 ↓36510 ↓36456 ↓36220 ↓35870 ↓35836 ↓35708 ↓35574 ↓35548 ↓34964 ↓34918 ↓34656 ↓34540 ↓34324 ↓34216 ↓34062 ↓34052 ↓33620 ↓33512 ↓33492 ↓33438 ↓33404 ↓33276 ↓33148 ↓33020 ↓32892 ↓32252 ↓32228 ↓31828 ↓31810 ↓31396 ↓31216 ↓31166 ↓30992 ↓30986 ↓30930 ↓30754 ↓30688 ↓30576 ↓30360 ↓30090 ↓29936 ↓29782 ↓29296 ↓29166 ↓29142 ↓28656 ↓28630 ↓28476 ↓28302 ↓28152 ↓28098 ↓27612 ↓27420 ↓27356 ↓26934 ↓26926 ↓26908 ↓26850 ↓26694 ↓26438 ↓26182 ↓25926 ↓25912 ↓25892 ↓25750 ↓25706 ↓25578 ↓25274 ↓25244 ↓25082 ↓24940 ↓24650 ↓24458 ↓24316 ↓24278 ↓24208 ↓24100 ↓23992 ↓23864 ↓23736 ↓23520 ↓23494 ↓23412 ↓23344 ↓23236 ↓23212 ↓23158 ↓23068 ↓23002 ↓22836 ↓22814 ↓22652 ↓22544 ↓22328 ↓22220 ↓21842 ↓21734 ↓21572 ↓21552 ↓21450 ↓21424 ↓21296 ↓21066 ↓20702 ↓20668 ↓20566 ↓20502 ↓20310 ↓20182 ↓20070 ↓19990 ↓19982 ↓19972 ↓19844 ↓19810 ↓19676 ↓19622 ↓19568 ↓19474 ↓19298 ↓19012 ↓18832 ↓18812 ↓18704 ↓18596 ↓18488 ↓18384 ↓18364 ↓18292 ↓18224 ↓17968 ↓17840 ↓17610 ↓17546 ↓17522 ↓17354 ↓17342 ↓17234 ↓17002 ↓16958 ↓16714 ↓16498 ↓16454 ↓16238 ↓15982 ↓15860 ↓15604 ↓15476 ↓15412 ↓15220 ↓15092 ↓14606 ↓14516 ↓14030 ↓13830 ↓13134 ↓12972 ↓12960 ↓12818 ↓12690 ↓12664 ↓12536 ↓12504 ↓12354 ↓12322 ↓12268 ↓11940 ↓11778 ↓11570
Stage 1: cost=11570  dominant=29  exposure=1  optimal=False
  R_TR=0.6333  worst_arc=(l2,l7,tr2)

  [layered_medium_seed1 w=200 s2=off_off] Solving Stage 2 (limit=300s)... ↓[]
  Stage 2: mono=17  conc=33  optimal=False
  R_1=0.8  worst_trip=(l1,l5,tr2,k1)
  Dispatch: s1=11370  s2=10898  saving=472

  [layered_medium_seed1 w=200 s2=both] Solving Stage 2 (limit=300s)... ↓[17000, 13263] ↓[16000, 14126] ↓[16000, 13670] ↓[14000, 13670] ↓[14000, 13263] ↓[13000, 13670] ↓[13000, 13263] ↓[12000, 13263] ↓[12000, 12807] ↓[12000, 12715] ↓[12000, 12308] ↓[12000, 11957] ↓[11000, 13122] ↓[11000, 12771] ↓[11000, 12715] ↓[11000, 12364] ↓[10000, 13066] ↓[10000, 12659] ↓[10000, 12561] ↓[9000, 13017] ↓[9000, 12561] ↓[9000, 12154] ↓[9000, 12105] ↓[9000, 11698] ↓[9000, 11691] ↓[9000, 11235] ↓[9000, 10884] ↓[9000, 10477] ↓[9000, 10287] ↓[9000, 10231] ↓[8000, 11396] ↓[8000, 10989] ↓[8000, 10940] ↓[8000, 10589] ↓[7000, 12610] ↓[7000, 12554] ↓[7000, 12042] ↓[7000, 11908] ↓[7000, 11452] ↓[6000, 12715] ↓[6000, 12259] ↓[6000, 11852] ↓[6000, 11803] ↓[6000, 11452] ↓[6000, 11396] ↓[6000, 11347] ↓[6000, 10996] ↓[6000, 10645] ↓[6000, 10589] ↓[5000, 13473] ↓[5000, 13073] ↓[5000, 12778] ↓[5000, 12322] ↓[5000, 11915] ↓[5000, 11859] ↓[5000, 11803] ↓[5000, 11452] ↓[5000, 11403] ↓[5000, 11347] ↓[5000, 10996]
  Stage 2: mono=5  conc=27  optimal=False
  R_1=0.8667  worst_trip=(l2,l7,tr2,k1)
  Dispatch: s1=11370  s2=11090  saving=280

  [layered_medium_seed1 w=250 proxy=exposure] Solving Stage 1 (limit=300s)...
  [S1 w=250 round 1] budget=299s best=None ↓155176 ↓152908 ↓152530 ↓152018 ↓151506 ↓149458 ↓148434 ↓147282 ↓147154 ↓146770 ↓146642 ↓146386 ↓145234 ↓145106 ↓144850 ↓144594 ↓144338 ↓144082 ↓143826 ↓143442 ↓143314 ↓142796 ↓142284 ↓142092 ↓142022 ↓141766 ↓141510 ↓141382 ↓141254 ↓141126 ↓140998 ↓140486 ↓139864 ↓139486 ↓139108 ↓138730 ↓138352 ↓137840 ↓137328 ↓137200 ↓136944 ↓136432 ↓135664 ↓135408 ↓135152 ↓134896 ↓134626 ↓134410 ↓134356 ↓134248 ↓134194 ↓134140 ↓134086 ↓134032 ↓133978 ↓133924 ↓133870 ↓133830 ↓131054 ↓130798 ↓130542 ↓130286 ↓130030 ↓129774 ↓126190 ↓124910 ↓124270 ↓122990 ↓122350 ↓122094 ↓122088 ↓121838 ↓121758 ↓121704 ↓121390 ↓120958 ↓120526 ↓119886 ↓119246 ↓119118 ↓118814 ↓118382 ↓118328 ↓118302 ↓118194 ↓116536 ↓116280 ↓115512 ↓115000 ↓114744 ↓114552 ↓114488 ↓114232 ↓114040 ↓113720 ↓112184 ↓110136 ↓109624 ↓109112 ↓108600 ↓108088 ↓107064 ↓106552 ↓106040 ↓105230 ↓104960 ↓104690 ↓104420 ↓104150 ↓103638 ↓103446 ↓103418 ↓103354 ↓103310 ↓103148 ↓103084 ↓102508 ↓101996 ↓101986 ↓101762 ↓101330 ↓100610 ↓100178 ↓99996 ↓99746 ↓99692 ↓99052 ↓99044 ↓98720 ↓98072 ↓97424 ↓97100 ↓96452 ↓96384 ↓96260 ↓96188 ↓95972 ↓95756 ↓95500 ↓95108 ↓95102 ↓94782 ↓94142 ↓93990 ↓93926 ↓93748 ↓93606 ↓93158 ↓93104 ↓92518 ↓91878 ↓91762 ↓91510 ↓91446 ↓90790 ↓90700 ↓90376 ↓90330 ↓90276 ↓90060 ↓89978 ↓89878 ↓89824 ↓89678 ↓89620 ↓89580 ↓89256 ↓89230 ↓89060 ↓88682 ↓88304 ↓87926 ↓87548 ↓86792 ↓86664 ↓86024 ↓86008 ↓85886 ↓85758 ↓85558 ↓85504 ↓85434 ↓85396 ↓85380 ↓85326 ↓85002 ↓84354 ↓83868 ↓83544 ↓82648 ↓82584 ↓82520 ↓82456 ↓82132 ↓82078 ↓81304 ↓81048 ↓80920 ↓80664 ↓80536 ↓80408 ↓80222 ↓79240 ↓78754 ↓78592 ↓78484 ↓78430 ↓78268 ↓78214 ↓78174 ↓77796 ↓77284 ↓77028 ↓76900 ↓76704 ↓76580 ↓76516 ↓76414 ↓76198 ↓75982 ↓75766 ↓75550 ↓75334 ↓75118 ↓74902 ↓74686 ↓74470 ↓74038 ↓73822 ↓73606 ↓73390 ↓72958 ↓72742 ↓72166 ↓71840 ↓71712 ↓71590 ↓71158 ↓71030 ↓70814 ↓70686 ↓70680 ↓70612 ↓70558 ↓70430 ↓70362 ↓70268 ↓70258 ↓70204 ↓70170 ↓70160 ↓70096 ↓70062 ↓69900 ↓69836 ↓69776 ↓69772 ↓69708 ↓69684 ↓69414 ↓69144 ↓68874 ↓68810 ↓67794 ↓66444 ↓66174 ↓65904 ↓65634 ↓65094 ↓65066 ↓65030 ↓65002 ↓64746 ↓64740 ↓64612 ↓63950 ↓63342 ↓63322 ↓63092 ↓63034 ↓62872 ↓62778 ↓62494 ↓62488 ↓62478 ↓62424 ↓62302 ↓60804 ↓60794 ↓60740 ↓60690 ↓60612 ↓60484 ↓60356 ↓60328 ↓60200 ↓60136 ↓59880 ↓59624 ↓59368 ↓58972 ↓58332 ↓58116 ↓58012 ↓57796 ↓57732 ↓57698 ↓57664 ↓57600 ↓57472 ↓57344 ↓57216 ↓57058 ↓56488 ↓56458 ↓56404 ↓56360 ↓56350 ↓56296 ↓56276 ↓56232 ↓56222 ↓56168 ↓56104 ↓56078 ↓56024 ↓55970 ↓55916 ↓55902 ↓55774 ↓55720 ↓55700 ↓55692 ↓55584 ↓55456 ↓55450 ↓55430 ↓55376 ↓55302 ↓55052 ↓54998 ↓54928 ↓54800 ↓54612 ↓54288 ↓53910 ↓53648 ↓53540 ↓53526 ↓53398 ↓53270 ↓53262 ↓53208 ↓53154 ↓53100 ↓52838 ↓52784 ↓52730 ↓52514 ↓52500 ↓52460 ↓52384 ↓52060 ↓52046 ↓51884 ↓51864 ↓51844 ↓51790 ↓51742 ↓51638 ↓51614 ↓51358 ↓51304 ↓51250 ↓51198 ↓50878 ↓50744 ↓50622 ↓50558 ↓50494 ↓50366 ↓50360 ↓49982 ↓49918 ↓49854 ↓49808 ↓49646 ↓49566 ↓49512 ↓49246 ↓49080 ↓49026 ↓48972 ↓48756 ↓48544 ↓48436 ↓48392 ↓48274 ↓48220 ↓48104 ↓48098 ↓48034 ↓48022 ↓47820 ↓47814 ↓47726 ↓47564 ↓47544 ↓47480 ↓47020 ↓46812 ↓46700 ↓46570 ↓44950 ↓44788 ↓44464 ↓44302 ↓44140 ↓42220 ↓42052 ↓41924 ↓41740 ↓41384 ↓40844 ↓40816 ↓40688 ↓40304 ↓40184 ↓39998 ↓39614 ↓39262 ↓39182 ↓39134 ↓39006 ↓38878 ↓38858 ↓38750 ↓38732 ↓38372 ↓38156 ↓37994 ↓37940 ↓37724 ↓37690 ↓37482 ↓37360 ↓37278 ↓37258 ↓37008 ↓37002 ↓35850 ↓34698 ↓34122 ↓34014 ↓33906 ↓33744 ↓33636 ↓33484 ↓33426 ↓33372 ↓33102 ↓32886 ↓32694 ↓32616 ↓32586 ↓32424 ↓32400 ↓32208 ↓31696 ↓31526 ↓31382 ↓31318 ↓31234 ↓31186 ↓31132 ↓31058 ↓31040 ↓31004 ↓30976 ↓30784 ↓30592 ↓30208 ↓30130 ↓29938 ↓29844 ↓29594 ↓29384 ↓29294 ↓29276 ↓29078 ↓28970 ↓28538 ↓28376 ↓28322 ↓28268 ↓27692 ↓27116 ↓26036 ↓26008 ↓26002 ↓25752 ↓25706 ↓25686 ↓25494 ↓25402 ↓25390 ↓25282 ↓25228 ↓25128 ↓25020 ↓24770 ↓24744 ↓24694 ↓24566 ↓24500 ↓24466 ↓24372 ↓24352 ↓24244 ↓24136 ↓24082 ↓23944 ↓23874 ↓23784 ↓23310 ↓23106 ↓22722 ↓22338 ↓22146 ↓22092 ↓21772 ↓21684 ↓21648 ↓21640 ↓21546 ↓21540 ↓21448 ↓21412 ↓21358 ↓21192 ↓21074 ↓21000 ↓20946 ↓20926 ↓20872 ↓20738 ↓20684 ↓20610 ↓20556 ↓20434 ↓20244 ↓20178 ↓20070 ↓19922 ↓19666 ↓19090 ↓18514 ↓18370 ↓18308 ↓18288 ↓18198 ↓17622 ↓17604 ↓17388 ↓17344 ↓17176 ↓17144 ↓16964 ↓16882 ↓16824 ↓16716 ↓16284 ↓16208 ↓16130 ↓15698 ↓15644 ↓15634 ↓15266 ↓14946 ↓14726 ↓14696 ↓14676 ↓14406 ↓14356 ↓14272 ↓14264 ↓14156 ↓14056 ↓14054 ↓13926 ↓13924 ↓13700 ↓13664 ↓13654 ↓13628 ↓13526 ↓13472 ↓13390 ↓13296 ↓13206 ↓13140 ↓13012 ↓12850 ↓12594 ↓12552 ↓12540 ↓12530 ↓12500 ↓12416 ↓12308 ↓12254 ↓12146 ↓12092 ↓11954 ↓11876 ↓11606 ↓11414 ↓11400 ↓11272 ↓11206 ↓11064 ↓11018 ↓10884 ↓10664 ↓10634
Stage 1: cost=10634  dominant=32  exposure=0  optimal=False
  R_TR=0.6667  worst_arc=(l1,l4,tr2)

  [layered_medium_seed1 w=250 s2=off_off] Solving Stage 2 (limit=300s)... ↓[]
  Stage 2: mono=6  conc=34  optimal=False
  R_1=0.8333  worst_trip=(l1,l4,tr2,k3)
  Dispatch: s1=10634  s2=10634  saving=0

  [layered_medium_seed1 w=250 s2=both] Solving Stage 2 (limit=300s)... ↓[6000, 13817] ↓[6000, 13361] ↓[6000, 12954] ↓[6000, 12905] ↓[6000, 12449] ↓[6000, 12098] ↓[5000, 13466] ↓[5000, 13003] ↓[5000, 12954] ↓[5000, 12547] ↓[5000, 12498] ↓[5000, 10870] ↓[5000, 10821] ↓[5000, 10814] ↓[5000, 10765] ↓[5000, 10575] ↓[5000, 10526] ↓[5000, 10470] ↓[5000, 10119] ↓[5000, 10070] ↓[5000, 10014] ↓[5000, 9663] ↓[5000, 9361] ↓[5000, 9312] ↓[4000, 10877] ↓[4000, 10631] ↓[4000, 10575] ↓[4000, 10175] ↓[4000, 10070] ↓[3000, 11845] ↓[3000, 11438] ↓[3000, 11389] ↓[3000, 11333] ↓[3000, 10933] ↓[3000, 10582] ↓[3000, 10421] ↓[3000, 10119] ↓[3000, 10063] ↓[3000, 9663] ↓[2000, 11494] ↓[2000, 11333] ↓[2000, 11031] ↓[2000, 10975] ↓[2000, 10877] ↓[2000, 10526] ↓[2000, 10519] ↓[2000, 10470] ↓[2000, 10119] ↓[2000, 9965] ↓[1000, 10884] ↓[1000, 10877] ↓[1000, 10821] ↓[1000, 10772] ↓[1000, 10526] ↓[1000, 10421] ↓[0, 11789] ↓[0, 11438] ↓[0, 11389] ↓[0, 11235] ↓[0, 11228] ↓[0, 11179]
  Stage 2: mono=0  conc=28  optimal=False
  R_1=0.8333  worst_trip=(l4,l6,tr2,k3)
  Dispatch: s1=10634  s2=9690  saving=944

  [layered_medium_seed1 w=300 proxy=exposure] Solving Stage 1 (limit=300s)...
  [S1 w=300 round 1] budget=299s best=None ↓155476 ↓153208 ↓152830 ↓152318 ↓151806 ↓149758 ↓148734 ↓147582 ↓147454 ↓147070 ↓146942 ↓146686 ↓145534 ↓145406 ↓145150 ↓144894 ↓144638 ↓144382 ↓144126 ↓143742 ↓143614 ↓143096 ↓142584 ↓142392 ↓142322 ↓142066 ↓141810 ↓141682 ↓141554 ↓141426 ↓141298 ↓140786 ↓140164 ↓139786 ↓139408 ↓139030 ↓138652 ↓138140 ↓137628 ↓137500 ↓137244 ↓135708 ↓135452 ↓135196 ↓133148 ↓132892 ↓132380 ↓132124 ↓131868 ↓131356 ↓131100 ↓130614 ↓130506 ↓130452 ↓130344 ↓130250 ↓130216 ↓130088 ↓125992 ↓124712 ↓123432 ↓123112 ↓122552 ↓122120 ↓121944 ↓121688 ↓121634 ↓121580 ↓121048 ↓119428 ↓119336 ↓119080 ↓119044 ↓118872 ↓118740 ↓118732 ↓118678 ↓118612 ↓118558 ↓118356 ↓118322 ↓118214 ↓118134 ↓118080 ↓117952 ↓117824 ↓117312 ↓117056 ↓116928 ↓116496 ↓114112 ↓113600 ↓113344 ↓113088 ↓112832 ↓112704 ↓112656 ↓112528 ↓112400 ↓112272 ↓112192 ↓111680 ↓107072 ↓106560 ↓105536 ↓105024 ↓104512 ↓104080 ↓103568 ↓103542 ↓103312 ↓103228 ↓102674 ↓102404 ↓101892 ↓101636 ↓101508 ↓101380 ↓101252 ↓101124 ↓101098 ↓100720 ↓100340 ↓100124 ↓99612 ↓99356 ↓99140 ↓99100 ↓98884 ↓98858 ↓98426 ↓98398 ↓98182 ↓97462 ↓95158 ↓94582 ↓94006 ↓93430 ↓92854 ↓92638 ↓92062 ↓91846 ↓91718 ↓91496 ↓91118 ↓90740 ↓90362 ↓89984 ↓88448 ↓87296 ↓87238 ↓87026 ↓86972 ↓86918 ↓86534 ↓86342 ↓86174 ↓85958 ↓84110 ↓83570 ↓83030 ↓82490 ↓81950 ↓81896 ↓81842 ↓81788 ↓81734 ↓81680 ↓81302 ↓81248 ↓81058 ↓81032 ↓80672 ↓80140 ↓79968 ↓79712 ↓79584 ↓79456 ↓79328 ↓79112 ↓78944 ↓78856 ↓78752 ↓78728 ↓78688 ↓78624 ↓78408 ↓78240 ↓77580 ↓77516 ↓77196 ↓76556 ↓76236 ↓75980 ↓75660 ↓75572 ↓75444 ↓75424 ↓75370 ↓74976 ↓74164 ↓73844 ↓73794 ↓73332 ↓71412 ↓70772 ↓70718 ↓70590 ↓69310 ↓69182 ↓69118 ↓69088 ↓69044 ↓68990 ↓68734 ↓68694 ↓68606 ↓68586 ↓68532 ↓68414 ↓68158 ↓68148 ↓67892 ↓67856 ↓67532 ↓67478 ↓67438 ↓67384 ↓66884 ↓66844 ↓66460 ↓66406 ↓66190 ↓66136 ↓65938 ↓65884 ↓65634 ↓65596 ↓65560 ↓65506 ↓64210 ↓62914 ↓62482 ↓62050 ↓61618 ↓61186 ↓60754 ↓60322 ↓59890 ↓59458 ↓58594 ↓58162 ↓57522 ↓57182 ↓56350 ↓56158 ↓55966 ↓55390 ↓55198 ↓55006 ↓54706 ↓54622 ↓54322 ↓53682 ↓53554 ↓53470 ↓53426 ↓53406 ↓53170 ↓53002 ↓52662 ↓52014 ↓51798 ↓51690 ↓51670 ↓51514 ↓51346 ↓50366 ↓50330 ↓50300 ↓50246 ↓50238 ↓50208 ↓49960 ↓49320 ↓49304 ↓49270 ↓49192 ↓49084 ↓49068 ↓49004 ↓48940 ↓48876 ↓48444 ↓48336 ↓48186 ↓48144 ↓48012 ↓47904 ↓47900 ↓47846 ↓47642 ↓47602 ↓47534 ↓47372 ↓46894 ↓46732 ↓46570 ↓46446 ↓46146 ↓46138 ↓46030 ↓45946 ↓45798 ↓45784 ↓45744 ↓45636 ↓44016 ↓42936 ↓42396 ↓41316 ↓41288 ↓41160 ↓40080 ↓40052 ↓39952 ↓39832 ↓39540 ↓39384 ↓39216 ↓39188 ↓39108 ↓38676 ↓38504 ↓38288 ↓37712 ↓37568 ↓37136 ↓36704 ↓36272 ↓33842 ↓33356 ↓32384 ↓31898 ↓31894 ↓31850 ↓31530 ↓31310 ↓31246 ↓31174 ↓30962 ↓30854 ↓30806 ↓30778 ↓30562 ↓30526 ↓30014 ↓29862 ↓29754 ↓29646 ↓29538 ↓29430 ↓29214 ↓29160 ↓29080 ↓28992 ↓28958 ↓28904 ↓28898 ↓28736 ↓28684 ↓28656 ↓28414 ↓28386 ↓28062 ↓27874 ↓27792 ↓27630 ↓27604 ↓27476 ↓27408 ↓27396 ↓27342 ↓27318 ↓27292 ↓27288 ↓27180 ↓27010 ↓26690 ↓26370 ↓26316 ↓25992 ↓25622 ↓25568 ↓25488 ↓25444 ↓25316 ↓25232 ↓25214 ↓25190 ↓25136 ↓25028 ↓24728 ↓24692 ↓24600 ↓24392 ↓24222 ↓24196 ↓24088 ↓24052 ↓23908 ↓23656 ↓23386 ↓23008 ↓22978 ↓22964 ↓22836 ↓22822 ↓22746 ↓22368 ↓22260 ↓22254 ↓22234 ↓22170 ↓22126 ↓22116 ↓22014 ↓21960 ↓21798 ↓21756 ↓21626 ↓21572 ↓21302 ↓21110 ↓20924 ↓20840 ↓20712 ↓20578 ↓20554 ↓20534 ↓20446 ↓20426 ↓20282 ↓20252 ↓20244 ↓20110 ↓19920 ↓19732 ↓19690 ↓19510 ↓19506 ↓19378 ↓18930 ↓18444 ↓18354 ↓18300 ↓18232 ↓18198 ↓18144 ↓18108 ↓18018 ↓17532 ↓17526 ↓17424 ↓17014 ↓16936 ↓16588 ↓16546 ↓16336 ↓16282 ↓16248 ↓16184 ↓16130 ↓16110 ↓15894 ↓15834 ↓15816 ↓15708 ↓15534 ↓15530 ↓15332 ↓14954 ↓14576 ↓14448 ↓14400 ↓14252 ↓14124 ↓13824 ↓13770 ↓13750 ↓13730 ↓13692 ↓13676 ↓13410 ↓13316 ↓13296
Stage 1: cost=13296  dominant=29  exposure=0  optimal=False
  R_TR=0.7  worst_arc=(l2,l7,tr2)

  [layered_medium_seed1 w=300 s2=off_off] Solving Stage 2 (limit=300s)... ↓[]
  Stage 2: mono=17  conc=41  optimal=False
  R_1=0.8  worst_trip=(l3,l6,tr2,k3)
  Dispatch: s1=13296  s2=12494  saving=802

  [layered_medium_seed1 w=300 s2=both] Solving Stage 2 (limit=300s)... ↓[19000, 15060] ↓[19000, 14204] ↓[19000, 13853] ↓[19000, 10772] ↓[18000, 13095] ↓[18000, 12639] ↓[17000, 13095] ↓[17000, 11691] ↓[17000, 11340] ↓[16000, 14007] ↓[16000, 13656] ↓[16000, 13249] ↓[16000, 12954] ↓[16000, 12898] ↓[16000, 12547] ↓[16000, 12140] ↓[16000, 12091] ↓[15000, 12954] ↓[15000, 12547] ↓[15000, 12140] ↓[15000, 12091] ↓[14000, 13305] ↓[14000, 12954] ↓[14000, 12547] ↓[14000, 12498] ↓[14000, 12042] ↓[14000, 11740] ↓[14000, 11691] ↓[14000, 11284] ↓[14000, 10828] ↓[13000, 12035] ↓[13000, 11579] ↓[13000, 11228] ↓[13000, 10884] ↓[13000, 10533] ↓[12000, 12098] ↓[12000, 11642] ↓[12000, 11235] ↓[12000, 10884] ↓[11000, 12091] ↓[11000, 11635] ↓[10000, 12091] ↓[10000, 11881] ↓[10000, 11530] ↓[9000, 12337] ↓[9000, 11881] ↓[9000, 11474] ↓[9000, 11123] ↓[8000, 12035] ↓[8000, 11930] ↓[8000, 11579] ↓[8000, 11179] ↓[8000, 11123] ↓[7000, 13088] ↓[7000, 12737] ↓[7000, 12688] ↓[7000, 12281] ↓[7000, 11993] ↓[7000, 11979] ↓[7000, 11930] ↓[7000, 11523] ↓[6000, 13144] ↓[6000, 12793] ↓[6000, 12737] ↓[6000, 12386] ↓[6000, 12337] ↓[6000, 11930] ↓[6000, 11635] ↓[6000, 11579] ↓[5000, 13305] ↓[5000, 12849] ↓[5000, 12393] ↓[5000, 11986] ↓[5000, 11937] ↓[5000, 11881] ↓[4000, 13656] ↓[4000, 12849] ↓[4000, 12744] ↓[4000, 12393] ↓[4000, 12337] ↓[3000, 13958] ↓[3000, 13607] ↓[3000, 13551] ↓[3000, 13200] ↓[3000, 13151] ↓[3000, 13095] ↓[3000, 12744] ↓[3000, 12639]
  Stage 2: mono=3  conc=32  optimal=False
  R_1=0.8333  worst_trip=(l1,l3,tr2,k2)
  Dispatch: s1=13296  s2=13080  saving=216

  [layered_medium_seed1 w=350 proxy=exposure] Solving Stage 1 (limit=300s)...
  [S1 w=350 round 1] budget=299s best=None ↓155776 ↓153508 ↓153130 ↓152618 ↓152106 ↓150058 ↓149034 ↓147882 ↓147754 ↓147370 ↓147242 ↓146986 ↓145834 ↓145706 ↓145450 ↓145194 ↓144938 ↓144682 ↓144426 ↓144042 ↓143914 ↓143396 ↓142884 ↓142692 ↓142622 ↓142366 ↓142110 ↓141982 ↓141854 ↓141726 ↓141598 ↓141086 ↓140464 ↓140086 ↓139708 ↓139330 ↓138952 ↓138440 ↓137928 ↓137800 ↓137032 ↓136008 ↓135752 ↓135496 ↓135118 ↓134956 ↓134848 ↓134740 ↓134686 ↓134632 ↓134376 ↓134248 ↓134160 ↓131856 ↓131600 ↓131344 ↓131088 ↓130832 ↓130576 ↓130320 ↓130064 ↓124944 ↓123024 ↓122384 ↓122256 ↓122000 ↓121744 ↓120464 ↓119184 ↓118928 ↓118416 ↓118214 ↓118160 ↓117904 ↓117568 ↓114624 ↓114192 ↓114064 ↓113808 ↓113040 ↓111504 ↓110480 ↓109968 ↓109456 ↓109024 ↓108592 ↓108160 ↓107296 ↓106864 ↓106432 ↓106304 ↓106048 ↓106000 ↓105744 ↓105488 ↓105482 ↓105424 ↓105226 ↓105218 ↓105002 ↓104570 ↓104354 ↓104138 ↓103976 ↓103906 ↓103678 ↓103408 ↓102328 ↓102058 ↓101842 ↓101788 ↓101572 ↓101356 ↓101214 ↓101086 ↓100662 ↓100574 ↓100150 ↓100034 ↓99494 ↓97334 ↓95174 ↓94634 ↓94526 ↓94444 ↓94256 ↓94250 ↓93994 ↓93886 ↓93778 ↓93724 ↓93670 ↓93130 ↓93076 ↓92590 ↓92400 ↓91752 ↓91428 ↓90456 ↓89484 ↓89160 ↓89106 ↓88836 ↓88782 ↓87684 ↓84612 ↓84228 ↓84194 ↓84190 ↓84136 ↓84126 ↓84066 ↓84026 ↓83930 ↓83904 ↓83526 ↓83148 ↓82770 ↓82554 ↓82496 ↓82490 ↓82298 ↓81914 ↓81542 ↓81488 ↓81482 ↓81374 ↓81158 ↓81144 ↓81116 ↓80766 ↓80644 ↓80516 ↓80388 ↓80360 ↓80356 ↓80228 ↓80052 ↓79732 ↓79604 ↓79530 ↓78708 ↓78644 ↓78580 ↓78452 ↓78442 ↓78388 ↓78260 ↓76990 ↓76504 ↓75532 ↓75478 ↓75424 ↓74938 ↓74884 ↓74628 ↓74554 ↓74452 ↓74426 ↓74398 ↓74270 ↓74142 ↓74128 ↓74074 ↓73946 ↓73818 ↓73744 ↓73690 ↓73332 ↓73204 ↓72666 ↓72538 ↓72468 ↓72340 ↓72124 ↓71854 ↓71130 ↓70490 ↓69850 ↓69722 ↓69580 ↓69040 ↓68770 ↓68710 ↓68646 ↓68636 ↓68582 ↓68454 ↓68258 ↓67950 ↓67922 ↓67726 ↓67672 ↓67502 ↓67374 ↓67352 ↓67302 ↓67284 ↓67220 ↓67214 ↓67182 ↓67160 ↓66890 ↓66870 ↓66860 ↓66762 ↓66654 ↓66610 ↓66412 ↓66388 ↓66324 ↓66260 ↓65430 ↓64944 ↓64836 ↓64700 ↓64350 ↓64242 ↓64026 ↓63972 ↓63648 ↓62112 ↓60768 ↓60716 ↓60652 ↓60572 ↓60456 ↓60446 ↓60376 ↓60332 ↓60244 ↓60194 ↓60190 ↓60126 ↓60086 ↓60062 ↓59934 ↓59870 ↓59826 ↓59718 ↓59486 ↓59260 ↓59166 ↓58714 ↓58698 ↓58664 ↓58656 ↓58326 ↓58272 ↓58144 ↓57376 ↓57248 ↓57120 ↓56864 ↓56736 ↓56608 ↓56480 ↓54880 ↓53728 ↓53152 ↓52576 ↓52000 ↓51424 ↓51388 ↓50848 ↓50812 ↓50774 ↓48886 ↓48022 ↓47806 ↓47752 ↓47698 ↓47572 ↓47446 ↓47392 ↓47376 ↓46944 ↓46818 ↓46798 ↓46744 ↓46692 ↓46674 ↓46620 ↓46116 ↓46062 ↓45918 ↓45702 ↓45574 ↓45446 ↓45318 ↓45314 ↓45260 ↓44828 ↓44396 ↓43964 ↓43532 ↓43442 ↓43208 ↓43154 ↓43140 ↓43010 ↓42398 ↓40778 ↓37538 ↓35918 ↓35864 ↓35324 ↓35270 ↓34838 ↓34582 ↓34406 ↓34150 ↓34006 ↓33974 ↓33812 ↓33650 ↓33326 ↓32894 ↓32462 ↓32206 ↓32154 ↓31598 ↓31022 ↓30968 ↓30752 ↓30482 ↓30158 ↓30014 ↓29758 ↓29630 ↓29118 ↓28990 ↓28350 ↓28222 ↓27966 ↓27946 ↓27906 ↓27872 ↓27852 ↓27846 ↓27826 ↓27772 ↓27756 ↓27702 ↓27682 ↓27608 ↓27588 ↓27540 ↓27460 ↓27298 ↓27244 ↓27136 ↓27096 ↓26974 ↓26870 ↓26718 ↓26678 ↓26624 ↓26570 ↓26506 ↓26398 ↓26318 ↓26312 ↓26184 ↓26076 ↓25868 ↓25760 ↓25652 ↓25410 ↓25386 ↓25376 ↓25282 ↓25120 ↓25066 ↓25020 ↓24970 ↓24714 ↓24650 ↓24458 ↓24394 ↓24330 ↓24074 ↓24072 ↓23964 ↓23906 ↓23650 ↓23596 ↓23590 ↓23462 ↓23446 ↓23426 ↓23372 ↓23334 ↓23162 ↓22996 ↓22932 ↓22862 ↓22816 ↓22780 ↓22688 ↓22588 ↓22528 ↓22474 ↓22400 ↓22366 ↓22346 ↓22312 ↓21992 ↓21938 ↓21902 ↓21864 ↓21672 ↓21648 ↓21594 ↓21520 ↓21466 ↓21402 ↓21324 ↓21196 ↓21132 ↓21088 ↓21024 ↓21008 ↓20900 ↓20752 ↓20656 ↓20576 ↓20292 ↓20266 ↓20118 ↓19884 ↓19834 ↓19402 ↓19132 ↓19098 ↓19052 ↓18714 ↓18514 ↓18476 ↓18458 ↓18400 ↓18274 ↓18018 ↓17916 ↓17866 ↓17756 ↓17604 ↓17506 ↓17398 ↓17270 ↓17142 ↓17082 ↓16758 ↓16722 ↓16530 ↓16452 ↓16398 ↓16304 ↓16176 ↓16156 ↓15966 ↓15906 ↓15852 ↓15798 ↓15778 ↓15714 ↓15660 ↓15544 ↓15464 ↓15356 ↓15302 ↓15248 ↓15194 ↓15174 ↓15154 ↓15026 ↓15012 ↓14948 ↓14884 ↓14676 ↓14632 ↓14622 ↓14578 ↓14534 ↓14480 ↓14436 ↓14388 ↓14310 ↓14244 ↓14226 ↓14152 ↓14036 ↓13910 ↓13788 ↓13728 ↓13464 ↓13080 ↓12952 ↓12628 ↓12520 ↓12466 ↓12412 ↓12358 ↓11980 ↓11784 ↓11774 ↓11450 ↓11018 ↓10802 ↓10758 ↓10748 ↓10740 ↓10532 ↓10388 ↓10324 ↓10266 ↓10236 ↓10076 ↓10064 ↓10040 ↓10004 ↓9974 ↓9922 ↓9878 ↓9844 ↓9824 ↓9770 ↓9618
Stage 1: cost=9618  dominant=26  exposure=1  optimal=False
  R_TR=0.5667  worst_arc=(l1,l5,tr2)

  [layered_medium_seed1 w=350 s2=off_off] Solving Stage 2 (limit=300s)... ↓[]
  Stage 2: mono=9  conc=19  optimal=False
  R_1=0.8333  worst_trip=(l2,l5,tr2,k2)
  Dispatch: s1=9268  s2=9268  saving=0

  [layered_medium_seed1 w=350 s2=both] Solving Stage 2 (limit=300s)... ↓[9000, 7628] ↓[8000, 7628] ↓[8000, 7277] ↓[7000, 7628] ↓[7000, 7277] ↓[6000, 7628] ↓[6000, 7172] ↓[6000, 7123] ↓[6000, 6716] ↓[6000, 6667] ↓[6000, 6260] ↓[6000, 5909] ↓[5000, 8547] ↓[5000, 8196] ↓[4000, 9108] ↓[4000, 8652] ↓[4000, 8196] ↓[4000, 8091] ↓[4000, 8035] ↓[4000, 7684] ↓[4000, 7333] ↓[3000, 8196] ↓[3000, 7333] ↓[3000, 6877] ↓[3000, 6421] ↓[3000, 6014] ↓[3000, 5607] ↓[3000, 5558] ↓[3000, 5502] ↓[3000, 5151] ↓[3000, 4800] ↓[2000, 6470] ↓[2000, 6414] ↓[2000, 6365] ↓[2000, 5958] ↓[2000, 5909] ↓[2000, 5502] ↓[2000, 5151] ↓[2000, 4800] ↓[1000, 8435] ↓[1000, 6365] ↓[1000, 5958] ↓[1000, 5909] ↓[1000, 5853] ↓[1000, 5502] ↓[1000, 5151] ↓[1000, 4800]
  Stage 2: mono=1  conc=12  optimal=False
  R_1=0.8667  worst_trip=(l1,l4,tr2,k2)
  Dispatch: s1=9268  s2=8382  saving=886

  [layered_medium_seed1 w=400 proxy=exposure] Solving Stage 1 (limit=300s)...
  [S1 w=400 round 1] budget=299s best=None ↓156076 ↓153808 ↓153430 ↓152918 ↓152406 ↓150358 ↓149334 ↓148182 ↓148054 ↓147670 ↓147542 ↓147286 ↓146134 ↓146006 ↓145750 ↓145494 ↓145238 ↓144982 ↓144726 ↓144342 ↓144214 ↓143696 ↓143184 ↓142992 ↓142922 ↓142666 ↓142410 ↓142282 ↓142154 ↓142026 ↓141898 ↓141386 ↓140764 ↓140386 ↓140008 ↓139630 ↓139252 ↓138740 ↓138228 ↓138100 ↓137844 ↓136308 ↓136052 ↓135796 ↓132724 ↓132468 ↓131956 ↓131700 ↓129140 ↓127220 ↓124660 ↓124020 ↓123764 ↓123748 ↓123316 ↓122452 ↓122244 ↓121812 ↓121380 ↓120356 ↓118564 ↓118308 ↓117796 ↓117540 ↓117284 ↓117108 ↓116468 ↓116460 ↓116352 ↓116298 ↓116244 ↓116052 ↓116028 ↓115388 ↓115132 ↓114508 ↓114236 ↓114108 ↓113852 ↓109244 ↓108220 ↓107708 ↓106684 ↓106172 ↓106146 ↓106092 ↓105660 ↓105228 ↓104796 ↓104580 ↓104364 ↓104148 ↓103932 ↓103752 ↓103496 ↓102984 ↓102472 ↓102216 ↓101960 ↓101704 ↓101448 ↓101394 ↓101178 ↓100800 ↓100786 ↓100658 ↓100530 ↓100396 ↓100018 ↓99350 ↓97494 ↓96214 ↓95958 ↓95702 ↓95446 ↓95230 ↓95014 ↓94960 ↓94906 ↓94744 ↓94690 ↓94636 ↓93484 ↓92332 ↓91756 ↓91180 ↓90604 ↓89900 ↓89836 ↓89772 ↓89708 ↓89644 ↓89580 ↓89516 ↓89452 ↓89138 ↓88876 ↓88742 ↓87206 ↓86950 ↓86822 ↓86694 ↓86566 ↓85414 ↓82726 ↓82342 ↓81958 ↓81574 ↓81190 ↓81062 ↓80550 ↓80422 ↓80294 ↓80230 ↓80216 ↓80162 ↓80156 ↓80146 ↓80092 ↓80024 ↓79980 ↓79926 ↓79836 ↓79798 ↓79312 ↓79150 ↓78178 ↓77692 ↓77368 ↓77310 ↓77294 ↓77240 ↓76990 ↓76926 ↓76804 ↓76740 ↓76612 ↓76548 ↓75846 ↓75306 ↓73686 ↓73146 ↓72066 ↓71926 ↓71904 ↓71892 ↓71872 ↓71818 ↓70974 ↓70922 ↓70814 ↓70760 ↓70706 ↓70652 ↓70618 ↓70598 ↓70112 ↓68222 ↓67736 ↓66764 ↓66278 ↓66224 ↓66062 ↓66008 ↓65360 ↓65036 ↓62768 ↓62120 ↓61998 ↓61988 ↓61924 ↓61816 ↓61752 ↓61742 ↓61526 ↓61482 ↓61428 ↓61374 ↓61320 ↓61212 ↓60996 ↓60908 ↓60800 ↓60692 ↓60658 ↓60420 ↓60334 ↓60246 ↓60212 ↓60152 ↓60076 ↓59806 ↓59374 ↓59246 ↓59052 ↓58944 ↓58674 ↓57918 ↓57540 ↓57162 ↓56784 ↓56406 ↓56028 ↓55920 ↓55886 ↓55568 ↓55434 ↓55056 ↓54786 ↓54624 ↓54538 ↓54376 ↓54214 ↓54074 ↓54038 ↓54006 ↓53922 ↓53814 ↓53804 ↓53642 ↓53628 ↓53500 ↓53446 ↓53338 ↓53208 ↓53032 ↓53012 ↓52904 ↓52870 ↓52708 ↓52674 ↓52632 ↓52598 ↓52504 ↓52470 ↓52436 ↓52308 ↓52138 ↓51904 ↓51648 ↓51280 ↓51240 ↓51130 ↓51106 ↓51088 ↓50958 ↓50430 ↓49278 ↓49116 ↓48918 ↓48666 ↓48342 ↓47514 ↓47190 ↓46974 ↓46650 ↓46526 ↓46462 ↓46362 ↓46290 ↓46134 ↓45994 ↓45850 ↓45806 ↓45482 ↓45428 ↓45236 ↓45044 ↓44976 ↓44970 ↓44916 ↓44892 ↓44838 ↓44784 ↓44596 ↓43188 ↓43050 ↓42996 ↓42986 ↓42928 ↓42896 ↓42882 ↓42828 ↓42820 ↓42766 ↓42712 ↓42604 ↓42504 ↓42388 ↓38356 ↓38212 ↓37996 ↓37888 ↓37564 ↓36268 ↓36124 ↓35836 ↓35800 ↓35616 ↓35400 ↓35278 ↓35224 ↓35008 ↓34900 ↓34846 ↓34738 ↓34610 ↓34070 ↓33962 ↓33530 ↓33422 ↓33046 ↓32858 ↓32830 ↓32722 ↓32290 ↓32122 ↓32028 ↓31452 ↓31296 ↓31260 ↓31104 ↓31098 ↓30912 ↓30720 ↓30574 ↓30472 ↓30230 ↓30186 ↓30172 ↓30094 ↓30086 ↓29978 ↓29870 ↓29762 ↓29546 ↓29330 ↓29202 ↓28832 ↓28562 ↓28482 ↓28370 ↓28240 ↓27970 ↓27938 ↓27730 ↓27538 ↓27500 ↓27378 ↓27216 ↓26960 ↓26744 ↓26690 ↓26474 ↓26258 ↓25938 ↓25362 ↓25170 ↓24530 ↓24402 ↓24210 ↓23698 ↓23672 ↓23510 ↓23362 ↓23270 ↓23266 ↓23240 ↓23032 ↓22978 ↓22950 ↓22754 ↓22690 ↓22646 ↓22630 ↓22624 ↓22246 ↓21990 ↓21936 ↓21796 ↓21648 ↓20932 ↓20886 ↓20400 ↓19914 ↓19826 ↓19698 ↓19660 ↓19468 ↓19438 ↓19378 ↓19226 ↓19134 ↓19112 ↓19004 ↓18936 ↓18910 ↓18654 ↓18492 ↓18330 ↓18168 ↓18060 ↓18006 ↓17750 ↓17696 ↓17642 ↓17622 ↓17534 ↓17514 ↓17350 ↓17134 ↓17114 ↓17090 ↓16962 ↓16960 ↓16628 ↓16558 ↓16528 ↓16366 ↓16150 ↓15826 ↓15646 ↓15538 ↓15506 ↓15376 ↓15278 ↓15018 ↓15004 ↓14962 ↓14834 ↓14770 ↓14240 ↓14154 ↓14104 ↓13618 ↓13456 ↓13448 ↓13434 ↓13344 ↓13290 ↓13250 ↓13186 ↓13078 ↓13034 ↓12944 ↓12802 ↓12786 ↓12782 ↓12674 ↓12636 ↓12566 ↓12404 ↓12228
Stage 1: cost=12228  dominant=29  exposure=0  optimal=False
  R_TR=0.6667  worst_arc=(l2,l7,tr2)

  [layered_medium_seed1 w=400 s2=off_off] Solving Stage 2 (limit=300s)... ↓[]
  Stage 2: mono=14  conc=35  optimal=False
  R_1=0.8  worst_trip=(l1,l5,tr2,k5)
  Dispatch: s1=12228  s2=11844  saving=384

  [layered_medium_seed1 w=400 s2=both] Solving Stage 2 (limit=300s)... ↓[14000, 14161] ↓[13000, 14968] ↓[13000, 14512] ↓[12000, 15831] ↓[12000, 15375] ↓[12000, 14968] ↓[11000, 15424] ↓[11000, 14968] ↓[10000, 15424] ↓[10000, 15319] ↓[9000, 15775] ↓[9000, 15424] ↓[9000, 14968] ↓[9000, 13557] ↓[9000, 13101] ↓[9000, 12996] ↓[9000, 12645] ↓[9000, 12294] ↓[9000, 12238] ↓[9000, 11887] ↓[9000, 11536] ↓[9000, 11431] ↓[9000, 11382] ↓[9000, 11326] ↓[9000, 10975] ↓[9000, 10765] ↓[9000, 10414] ↓[8000, 13396] ↓[8000, 12989] ↓[8000, 12940] ↓[8000, 12533] ↓[8000, 12182] ↓[8000, 12140] ↓[8000, 12084] ↓[8000, 11733] ↓[8000, 11382] ↓[8000, 11326] ↓[8000, 10975] ↓[8000, 10919] ↓[8000, 10568] ↓[8000, 10519] ↓[8000, 10365] ↓[8000, 10014] ↓[8000, 9958] ↓[7000, 13810] ↓[7000, 13403] ↓[7000, 13052] ↓[7000, 12996] ↓[7000, 12645] ↓[7000, 12589] ↓[7000, 12238] ↓[7000, 12189] ↓[7000, 12133] ↓[7000, 11782] ↓[7000, 11733] ↓[7000, 11677] ↓[7000, 11326] ↓[7000, 11221] ↓[7000, 11165] ↓[7000, 10814] ↓[7000, 10463] ↓[6000, 16687] ↓[6000, 16280] ↓[6000, 16231] ↓[6000, 15824] ↓[6000, 15473] ↓[6000, 15122] ↓[6000, 14912] ↓[6000, 14561] ↓[6000, 14456] ↓[6000, 14105] ↓[6000, 13754] ↓[6000, 13698] ↓[6000, 13347] ↓[6000, 13242] ↓[6000, 12891] ↓[6000, 12540] ↓[6000, 12484] ↓[6000, 12133] ↓[6000, 12077] ↓[6000, 11726] ↓[6000, 11677] ↓[6000, 11621] ↓[6000, 11270] ↓[6000, 10919] ↓[5000, 15122] ↓[5000, 14610] ↓[5000, 14154] ↓[5000, 13698] ↓[5000, 13347] ↓[5000, 12996] ↓[5000, 12940] ↓[5000, 12589] ↓[5000, 12484] ↓[5000, 12133] ↓[5000, 12077] ↓[5000, 11726] ↓[5000, 11677] ↓[5000, 11621] ↓[5000, 11270] ↓[5000, 11165] ↓[4000, 16687] ↓[4000, 16231] ↓[4000, 15775] ↓[4000, 15319] ↓[4000, 14968] ↓[4000, 14561] ↓[4000, 14456] ↓[4000, 14105] ↓[4000, 14049] ↓[4000, 13698] ↓[4000, 13347] ↓[4000, 13298] ↓[4000, 12891] ↓[4000, 12540] ↓[4000, 12491] ↓[4000, 12435] ↓[4000, 12379] ↓[4000, 12028] ↓[4000, 11972] ↓[4000, 11621]
  Stage 2: mono=4  conc=29  optimal=False
  R_1=0.8667  worst_trip=(l2,l7,tr2,k1)
  Dispatch: s1=12228  s2=12164  saving=64

  [layered_medium_seed1 w=450 proxy=exposure] Solving Stage 1 (limit=300s)...
  [S1 w=450 round 1] budget=299s best=None ↓156376 ↓154108 ↓153730 ↓153218 ↓152706 ↓150658 ↓149634 ↓148482 ↓148354 ↓147970 ↓147842 ↓147586 ↓146434 ↓146306 ↓146050 ↓145794 ↓145538 ↓145282 ↓145026 ↓144642 ↓144514 ↓143996 ↓143484 ↓143292 ↓143222 ↓142966 ↓142710 ↓142582 ↓142454 ↓142326 ↓142198 ↓141686 ↓141064 ↓140686 ↓140308 ↓139930 ↓139552 ↓139040 ↓138528 ↓138400 ↓138144 ↓136608 ↓136352 ↓136096 ↓133024 ↓132768 ↓132256 ↓132000 ↓129440 ↓127520 ↓124960 ↓124320 ↓124064 ↓124048 ↓123616 ↓122752 ↓122544 ↓122112 ↓121680 ↓118864 ↓118608 ↓118352 ↓118096 ↓117840 ↓117584 ↓117408 ↓116768 ↓116760 ↓116706 ↓116652 ↓116598 ↓116544 ↓116352 ↓116328 ↓115688 ↓115432 ↓115240 ↓113192 ↓112168 ↓111144 ↓109096 ↓108072 ↓107560 ↓107304 ↓106920 ↓106748 ↓106532 ↓106424 ↓105912 ↓105400 ↓104760 ↓104676 ↓104568 ↓103928 ↓102948 ↓100248 ↓99708 ↓99168 ↓98628 ↓98088 ↓97548 ↓97358 ↓96908 ↓96368 ↓92912 ↓92528 ↓92144 ↓91996 ↓91448 ↓91376 ↓91350 ↓91242 ↓91188 ↓90972 ↓90918 ↓90270 ↓90108 ↓89460 ↓89298 ↓89136 ↓88974 ↓88590 ↓88516 ↓88488 ↓88104 ↓88056 ↓86760 ↓86328 ↓85896 ↓85464 ↓85080 ↓84890 ↓84312 ↓83736 ↓83160 ↓82584 ↓82556 ↓82520 ↓81368 ↓81242 ↓80792 ↓80600 ↓80546 ↓80462 ↓80290 ↓79650 ↓79522 ↓79394 ↓79138 ↓79010 ↓78882 ↓78754 ↓78498 ↓78468 ↓78414 ↓78242 ↓78232 ↓78178 ↓78050 ↓77954 ↓77826 ↓77570 ↓77522 ↓77266 ↓77246 ↓77192 ↓77114 ↓77000 ↓76946 ↓76836 ↓76674 ↓76098 ↓76034 ↓75394 ↓75300 ↓75172 ↓75124 ↓74916 ↓74868 ↓74800 ↓74760 ↓74638 ↓74632 ↓74376 ↓73998 ↓73982 ↓73766 ↓73748 ↓73620 ↓73260 ↓73044 ↓71892 ↓70740 ↓69588 ↓69462 ↓69450 ↓69322 ↓69268 ↓69194 ↓69066 ↓68940 ↓68886 ↓68850 ↓68796 ↓68780 ↓68760 ↓68726 ↓68598 ↓66870 ↓66294 ↓65718 ↓65142 ↓65088 ↓65034 ↓64926 ↓64872 ↓64764 ↓64566 ↓64390 ↓64350 ↓64316 ↓64262 ↓64188 ↓64134 ↓63864 ↓63324 ↓63054 ↓62784 ↓62514 ↓61434 ↓61164 ↓60678 ↓60642 ↓60354 ↓60192 ↓60156 ↓60026 ↓59706 ↓59658 ↓59604 ↓59334 ↓58848 ↓58632 ↓58308 ↓58146 ↓57876 ↓57822 ↓57390 ↓57228 ↓57174 ↓57106 ↓57066 ↓57012 ↓56958 ↓56904 ↓56898 ↓56748 ↓56686 ↓56302 ↓56174 ↓55924 ↓55654 ↓55384 ↓55114 ↓54952 ↓54824 ↓53672 ↓53160 ↓52136 ↓51752 ↓51624 ↓50344 ↓49704 ↓49128 ↓47976 ↓47400 ↓46824 ↓45096 ↓45080 ↓45026 ↓44952 ↓44864 ↓44800 ↓44756 ↓44702 ↓44574 ↓44520 ↓42792 ↓42648 ↓42432 ↓42378 ↓42216 ↓42126 ↓42096 ↓41984 ↓41932 ↓41784 ↓41676 ↓41468 ↓41164 ↓41084 ↓41030 ↓40814 ↓40760 ↓40706 ↓40322 ↓40194 ↓40140 ↓40128 ↓40000 ↓39872 ↓39744 ↓39690 ↓39532 ↓39258 ↓39222 ↓39168 ↓37888 ↓37760 ↓37632 ↓35168 ↓34844 ↓34574 ↓34446 ↓34392 ↓34338 ↓34284 ↓34176 ↓34014 ↓33906 ↓32286 ↓27966 ↓27426 ↓26886 ↓26724 ↓26184 ↓26176 ↓25536 ↓25342 ↓25086 ↓24896 ↓24842 ↓24734 ↓24634 ↓24094 ↓24058 ↓24024 ↓23896 ↓23770 ↓23760 ↓23706 ↓23544 ↓23494 ↓23302 ↓23278 ↓23224 ↓23086 ↓23032 ↓23028 ↓22966 ↓22774 ↓22646 ↓22134 ↓22068 ↓21684 ↓21648 ↓21198 ↓21062 ↓20738 ↓20712 ↓20226 ↓19938 ↓19920 ↓19830 ↓19766 ↓19712 ↓19496 ↓19456 ↓19426 ↓19402 ↓19368 ↓19296 ↓19134 ↓19080 ↓18648 ↓18618 ↓18564 ↓18540 ↓18476 ↓18306 ↓18208 ↓18168 ↓18060 ↓18040 ↓17932 ↓17892 ↓17828 ↓17406 ↓17342 ↓17288 ↓17278 ↓17258 ↓17194 ↓17130 ↓17022 ↓16974 ↓16888 ↓16848 ↓16712 ↓16632 ↓16460 ↓16448 ↓16430 ↓16380 ↓16366 ↓16352 ↓16244 ↓16204 ↓16196 ↓16156 ↓16108 ↓15516 ↓15300 ↓15084 ↓14956 ↓14916 ↓14912 ↓14828 ↓14740 ↓14686 ↓14578 ↓14538 ↓14524 ↓14436 ↓14220 ↓14204 ↓14180 ↓14140 ↓13904 ↓13900 ↓13836 ↓13756 ↓13710 ↓13454 ↓13404 ↓13296 ↓13040 ↓13034 ↓12778 ↓12456 ↓12422 ↓12388 ↓12294 ↓12160 ↓12104 ↓11916 ↓11890 ↓11880 ↓11718 ↓11658 ↓11636 ↓11582 ↓11420 ↓10880 ↓10826 ↓10618 ↓10402 ↓10382 ↓10324 ↓10270 ↓10108 ↓10088
Stage 1: cost=10088  dominant=30  exposure=0  optimal=False
  R_TR=0.6667  worst_arc=(l1,l5,tr2)

  [layered_medium_seed1 w=450 s2=off_off] Solving Stage 2 (limit=300s)... ↓[]
  Stage 2: mono=14  conc=23  optimal=False
  R_1=0.8  worst_trip=(l1,l5,tr2,k7)
  Dispatch: s1=10088  s2=9586  saving=502

  [layered_medium_seed1 w=450 s2=both] Solving Stage 2 (limit=300s)... ↓[14000, 9249] ↓[13000, 9600] ↓[12000, 10007] ↓[12000, 9656] ↓[10000, 8449] ↓[10000, 7993] ↓[10000, 7586] ↓[9000, 8449] ↓[9000, 7642] ↓[9000, 7235] ↓[9000, 6014] ↓[9000, 5558] ↓[9000, 5207] ↓[8000, 6877] ↓[8000, 6470] ↓[8000, 6421] ↓[8000, 6014] ↓[7000, 8035] ↓[7000, 7172] ↓[7000, 6835] ↓[7000, 6575] ↓[7000, 6119] ↓[6000, 7881] ↓[6000, 7635] ↓[6000, 7284] ↓[6000, 7179] ↓[6000, 6828] ↓[6000, 6723] ↓[6000, 6365] ↓[5000, 8393] ↓[5000, 8098] ↓[5000, 7993] ↓[5000, 7642] ↓[5000, 7537] ↓[5000, 7186] ↓[5000, 7179] ↓[5000, 7130] ↓[5000, 7074] ↓[5000, 6723] ↓[5000, 6667] ↓[5000, 6316] ↓[5000, 5909] ↓[4000, 8849] ↓[4000, 8498] ↓[4000, 8042] ↓[4000, 7691] ↓[4000, 7635] ↓[4000, 7284] ↓[3000, 8042] ↓[3000, 7586] ↓[3000, 7235] ↓[3000, 6933] ↓[3000, 6828] ↓[3000, 6477] ↓[3000, 6070] ↓[3000, 5207] ↓[3000, 5151] ↓[3000, 4800] ↓[2000, 6884] ↓[2000, 6477] ↓[2000, 6372] ↓[2000, 6021] ↓[2000, 6014] ↓[2000, 5614] ↓[1000, 7340] ↓[1000, 6428] ↓[1000, 6372] ↓[1000, 6021] ↓[1000, 6014] ↓[1000, 5558] ↓[1000, 5207] ↓[0, 6421] ↓[0, 6070] ↓[0, 6021] ↓[0, 5614]
  Stage 2: mono=0  conc=14  optimal=False
  R_1=0.8333  worst_trip=(l2,l4,tr2,k1)
  Dispatch: s1=10088  s2=9616  saving=472

  [layered_medium_seed1 w=500 proxy=exposure] Solving Stage 1 (limit=300s)...
  [S1 w=500 round 1] budget=299s best=None ↓156676 ↓154408 ↓154030 ↓153518 ↓153006 ↓150958 ↓149934 ↓148782 ↓148654 ↓148270 ↓148142 ↓147886 ↓146734 ↓146606 ↓146350 ↓146094 ↓145838 ↓145582 ↓145326 ↓144942 ↓144814 ↓144296 ↓143784 ↓143592 ↓143522 ↓143266 ↓143010 ↓142882 ↓142754 ↓142626 ↓142498 ↓141986 ↓141364 ↓140986 ↓140608 ↓140230 ↓139852 ↓139340 ↓138828 ↓138700 ↓138444 ↓136908 ↓136652 ↓136396 ↓133324 ↓133068 ↓132556 ↓132300 ↓129740 ↓127820 ↓125260 ↓124620 ↓124364 ↓124348 ↓123916 ↓123052 ↓122844 ↓122412 ↓121980 ↓119164 ↓118908 ↓118652 ↓118396 ↓118140 ↓117884 ↓117708 ↓117068 ↓117060 ↓117006 ↓116952 ↓116898 ↓116844 ↓116652 ↓116628 ↓115988 ↓115732 ↓115540 ↓109396 ↓108372 ↓107860 ↓107604 ↓107220 ↓107048 ↓106536 ↓105916 ↓105860 ↓105320 ↓105188 ↓105104 ↓105076 ↓104564 ↓104024 ↓103960 ↓103704 ↓103434 ↓102936 ↓102614 ↓102560 ↓102506 ↓102452 ↓102236 ↓102182 ↓102128 ↓101872 ↓101858 ↓101730 ↓101474 ↓101218 ↓100898 ↓100854 ↓100770 ↓100642 ↓100386 ↓100258 ↓100130 ↓99874 ↓99490 ↓99234 ↓99180 ↓99126 ↓98914 ↓98902 ↓98578 ↓98092 ↓97930 ↓97768 ↓97606 ↓97444 ↓97390 ↓97262 ↓97100 ↓96460 ↓95596 ↓94732 ↓94300 ↓93868 ↓93436 ↓93296 ↓93052 ↓92840 ↓92786 ↓89916 ↓89340 ↓88764 ↓88188 ↓87612 ↓87292 ↓87164 ↓86844 ↓86834 ↓86578 ↓86450 ↓85148 ↓84540 ↓84538 ↓84218 ↓84106 ↓83890 ↓83566 ↓83458 ↓83350 ↓83242 ↓82922 ↓82874 ↓82842 ↓82712 ↓82464 ↓82086 ↓82046 ↓81982 ↓81766 ↓81638 ↓81510 ↓81318 ↓81254 ↓81062 ↓80806 ↓79526 ↓79334 ↓79078 ↓78822 ↓78630 ↓78468 ↓78374 ↓78212 ↓78148 ↓78090 ↓77892 ↓77636 ↓77572 ↓77552 ↓77424 ↓77414 ↓77360 ↓77258 ↓77194 ↓77142 ↓77014 ↓76886 ↓76758 ↓76630 ↓76252 ↓76130 ↓75752 ↓75374 ↓75246 ↓75118 ↓74740 ↓74362 ↓74240 ↓74234 ↓74112 ↓74072 ↓73088 ↓72960 ↓72832 ↓72704 ↓72448 ↓72320 ↓72280 ↓72192 ↓72064 ↓71984 ↓71928 ↓71908 ↓71800 ↓71734 ↓71612 ↓71484 ↓71356 ↓70924 ↓66172 ↓65740 ↓64876 ↓64444 ↓64390 ↓64282 ↓64174 ↓64066 ↓64012 ↓63868 ↓63292 ↓62716 ↓62694 ↓62640 ↓62572 ↓62464 ↓62410 ↓62194 ↓62118 ↓62032 ↓61816 ↓61762 ↓61708 ↓61460 ↓61406 ↓61150 ↓60502 ↓60178 ↓58234 ↓57910 ↓57586 ↓54130 ↓53590 ↓52510 ↓51970 ↓51390 ↓51214 ↓50350 ↓50310 ↓50270 ↓50236 ↓50128 ↓50094 ↓49764 ↓49736 ↓49480 ↓49440 ↓49332 ↓46644 ↓45876 ↓45492 ↓45364 ↓45108 ↓45000 ↓44872 ↓44616 ↓44508 ↓44388 ↓44232 ↓43528 ↓43336 ↓43208 ↓43080 ↓42888 ↓42824 ↓42760 ↓42696 ↓42568 ↓42534 ↓42406 ↓42278 ↓42214 ↓42158 ↓42150 ↓42110 ↓42066 ↓42042 ↓41934 ↓41894 ↓41826 ↓41778 ↓41714 ↓41174 ↓41138 ↓40598 ↓40534 ↓40230 ↓40166 ↓40102 ↓40058 ↓40000 ↓39886 ↓39770 ↓39654 ↓39546 ↓39276 ↓39226 ↓39172 ↓39102 ↓38994 ↓38724 ↓38570 ↓38314 ↓38108 ↓38096 ↓37776 ↓37708 ↓37580 ↓37478 ↓37378 ↓37350 ↓36838 ↓36576 ↓36522 ↓36518 ↓36468 ↓36198 ↓34580 ↓30800 ↓30756 ↓30372 ↓30244 ↓30116 ↓29036 ↓28496 ↓27996 ↓27726 ↓27708 ↓27580 ↓27420 ↓27310 ↓27166 ↓27150 ↓26770 ↓26722 ↓26466 ↓26326 ↓26198 ↓26070 ↓25942 ↓25914 ↓25788 ↓25774 ↓25504 ↓25198 ↓25108 ↓24942 ↓24904 ↓24648 ↓24584 ↓24392 ↓24136 ↓23880 ↓23752 ↓23624 ↓23368 ↓23328 ↓23112 ↓23072 ↓22956 ↓22890 ↓22836 ↓22708 ↓22612 ↓22564 ↓22356 ↓22288 ↓22160 ↓21728 ↓21680 ↓21296 ↓21232 ↓20976 ↓20720 ↓20692 ↓20604 ↓20584 ↓20536 ↓20428 ↓20300 ↓20172 ↓20044 ↓19916 ↓19788 ↓19782 ↓19606 ↓19492 ↓19460 ↓19364 ↓19236 ↓19108 ↓18980 ↓18340 ↓18212 ↓18104 ↓17828 ↓17700 ↓17592 ↓17438 ↓17384 ↓17330 ↓17060 ↓17006 ↓16952 ↓16912 ↓16762 ↓16560 ↓16048 ↓15920 ↓15876 ↓15866 ↓15812 ↓15748 ↓15732 ↓15684 ↓15652 ↓15524 ↓15504 ↓15396 ↓15350 ↓15108 ↓15044 ↓14980 ↓14954 ↓14792 ↓14726 ↓14618 ↓14574 ↓14216 ↓14162 ↓14088 ↓14054 ↓13946 ↓13846 ↓13792 ↓13684 ↓13672 ↓13564 ↓13528 ↓13498 ↓13282 ↓12742 ↓12202 ↓12080 ↓11864 ↓11750 ↓11662 ↓11446 ↓11378 ↓11204 ↓11042 ↓10988 ↓10968 ↓10954 ↓10846 ↓10826 ↓10806 ↓10590 ↓10536 ↓10390 ↓10384 ↓10320 ↓10286 ↓10130 ↓10076 ↓10052 ↓10022 ↓9998 ↓9958 ↓9870 ↓9850 ↓9796 ↓9732 ↓9678
Stage 1: cost=9678  dominant=29  exposure=0  optimal=False
  R_TR=0.6667  worst_arc=(l1,l5,tr2)

  [layered_medium_seed1 w=500 s2=off_off] Solving Stage 2 (limit=300s)... ↓[]
  Stage 2: mono=23  conc=28  optimal=False
  R_1=0.8  worst_trip=(l2,l7,tr2,k6)
  Dispatch: s1=9678  s2=9230  saving=448

  [layered_medium_seed1 w=500 s2=both] Solving Stage 2 (limit=300s)... ↓[23000, 11333] ↓[14000, 11136] ↓[14000, 9873] ↓[14000, 9817] ↓[14000, 9361] ↓[13000, 10329] ↓[13000, 9978] ↓[12000, 9873] ↓[11000, 10575] ↓[11000, 10280] ↓[11000, 9824] ↓[11000, 9768] ↓[11000, 9712] ↓[10000, 10224] ↓[10000, 9768] ↓[10000, 9712] ↓[10000, 9417] ↓[10000, 9361] ↓[10000, 9220] ↓[10000, 8813] ↓[10000, 8462] ↓[10000, 8413] ↓[9000, 9578] ↓[9000, 9276] ↓[9000, 8869] ↓[9000, 8820] ↓[9000, 8413] ↓[9000, 8357] ↓[9000, 8006] ↓[9000, 7957] ↓[9000, 7901] ↓[9000, 7740] ↓[9000, 7389] ↓[9000, 7333] ↓[8000, 10995] ↓[8000, 10539] ↓[8000, 10083] ↓[8000, 9873] ↓[8000, 9466] ↓[8000, 9417] ↓[8000, 9010] ↓[8000, 8603] ↓[8000, 8252] ↓[7000, 11402] ↓[7000, 10841] ↓[7000, 10785] ↓[7000, 10539] ↓[7000, 10483] ↓[7000, 10132] ↓[7000, 10076] ↓[7000, 9922] ↓[7000, 9571] ↓[7000, 9515] ↓[7000, 9213] ↓[7000, 9171] ↓[7000, 9115] ↓[7000, 9059] ↓[7000, 8006] ↓[7000, 7599] ↓[7000, 7543] ↓[7000, 7192] ↓[7000, 7143] ↓[7000, 7087] ↓[7000, 6736] ↓[6000, 10673] ↓[6000, 10483] ↓[6000, 10434] ↓[6000, 10378] ↓[6000, 10027] ↓[6000, 9817] ↓[6000, 9466] ↓[6000, 9417] ↓[6000, 9066] ↓[6000, 9010] ↓[6000, 8715] ↓[6000, 8659] ↓[6000, 8603] ↓[6000, 8308] ↓[6000, 8252] ↓[6000, 7901] ↓[6000, 7599] ↓[6000, 7445] ↓[6000, 7389] ↓[6000, 7333] ↓[5000, 8905] ↓[5000, 8708] ↓[5000, 8603] ↓[5000, 8252] ↓[5000, 8203] ↓[5000, 8147] ↓[5000, 7796] ↓[5000, 7445] ↓[5000, 7389] ↓[5000, 7333] ↓[5000, 7038] ↓[5000, 6982] ↓[4000, 10483] ↓[4000, 10441] ↓[4000, 10385] ↓[4000, 10034] ↓[4000, 9929] ↓[4000, 9578] ↓[4000, 9227] ↓[4000, 9115] ↓[4000, 9059] ↓[4000, 8708] ↓[4000, 8413] ↓[4000, 8357] ↓[4000, 8301] ↓[4000, 8252] ↓[4000, 8196] ↓[4000, 7845] ↓[4000, 7494] ↓[4000, 7438]
  Stage 2: mono=4  conc=18  optimal=False
  R_1=0.8333  worst_trip=(l2,l3,tr2,k1)
  Dispatch: s1=9678  s2=9152  saving=526

══════════════════════════════════════════════════════════════════════
  Instance: layered_medium_seed2 (custom, seed=0)
══════════════════════════════════════════════════════════════════════
  Parsed: 3 parts, 45 routes

  [layered_medium_seed2 w=0 proxy=exposure] Solving Stage 1 (limit=300s)...
  [S1 w=0 round 1] budget=299s best=None ↓21600 ↓21420 ↓21060 ↓20970 ↓20880 ↓20640 ↓20400 ↓19920 ↓17280 ↓16800 ↓12960 ↓9600 ↓9120 ↓8940 ↓8925 ↓8880 ↓8865 ↓8850 ↓8835 ↓8820 ↓8805 ↓8760 ↓8745 ↓8610 ↓8595 ↓8550 ↓8535 ↓8475 ↓5415 ↓5370 ↓5340 ↓5280 ↓5250 ↓5190 ↓5160 ↓5100 ↓5055 ↓4920 ↓4785 ↓4695 ↓4680 ↓4665 ↓4500 ↓4485 ↓4425 ↓4320 ↓4200 ↓4080 ↓3990 ↓3975 ↓3900 ↓3855 ↓3810 ↓3795 ↓3765 ↓3750 ↓3720 ↓3660 ↓3570 ↓3540 ↓3510 ↓3450 ↓3420 ↓3270 ↓3255 ↓3240 ↓3225 ↓3210 ↓3180 ↓3150 ↓3135
Stage 1: cost=3135  dominant=21  exposure=1  optimal=False
  R_TR=0.6  worst_arc=(l1,l6,tr2)

  [layered_medium_seed2 w=0 s2=off_off] Solving Stage 2 (limit=300s)... ↓[]
  Stage 2: mono=11  conc=21  optimal=False
  R_1=0.7667  worst_trip=(l3,l6,tr2,k2)
  Dispatch: s1=3135  s2=2850  saving=285

  [layered_medium_seed2 w=0 s2=both] Solving Stage 2 (limit=300s)... ↓[11000, 9785] ↓[10000, 9785] ↓[9000, 9785] ↓[8000, 9785] ↓[7000, 10376] ↓[7000, 7943] ↓[6000, 7943] ↓[6000, 7629] ↓[5000, 8843] ↓[5000, 8236] ↓[5000, 7943] ↓[5000, 7629] ↓[4000, 8843] ↓[4000, 8550] ↓[4000, 8236] ↓[4000, 7629] ↓[4000, 7315] ↓[3000, 9434] ↓[3000, 9120] ↓[3000, 8827] ↓[3000, 8513] ↓[3000, 8220] ↓[3000, 7906] ↓[3000, 7629] ↓[3000, 7331] ↓[3000, 7017] ↓[3000, 6724] ↓[2000, 8529] ↓[2000, 8236] ↓[2000, 7922] ↓[2000, 7906] ↓[2000, 7629] ↓[2000, 7315] ↓[2000, 7001] ↓[2000, 6708] ↓[2000, 6431] ↓[2000, 6117] ↓[1000, 9157] ↓[1000, 8252] ↓[1000, 7645] ↓[1000, 7629] ↓[1000, 7315] ↓[1000, 7038] ↓[1000, 6724] ↓[1000, 6431] ↓[1000, 6117] ↓[0, 11276] ↓[0, 10648] ↓[0, 10057] ↓[0, 10041] ↓[0, 9764] ↓[0, 9450] ↓[0, 9434] ↓[0, 8827] ↓[0, 8513] ↓[0, 7922] ↓[0, 7906] ↓[0, 7613] ↓[0, 7299] ↓[0, 7022] ↓[0, 6708]
  Stage 2: mono=0  conc=14  optimal=False
  R_1=0.8  worst_trip=(l3,l6,tr2,k2)
  Dispatch: s1=3135  s2=2985  saving=150

  [layered_medium_seed2 w=50 proxy=exposure] Solving Stage 1 (limit=300s)...
  [S1 w=50 round 1] budget=299s best=None ↓21800 ↓21620 ↓21260 ↓21170 ↓21080 ↓20840 ↓20600 ↓20120 ↓17480 ↓17000 ↓13160 ↓9800 ↓9320 ↓9190 ↓9100 ↓8980 ↓8890 ↓8800 ↓6220 ↓6175 ↓6130 ↓6085 ↓6040 ↓5860 ↓5410 ↓5350 ↓5260 ↓5170 ↓4900 ↓4850 ↓4820 ↓4790 ↓4760 ↓4750 ↓4670 ↓4550 ↓4490 ↓4430 ↓4370 ↓4340 ↓4290 ↓4240 ↓4225 ↓4195 ↓4150 ↓4130 ↓4080 ↓4050 ↓4000 ↓3910 ↓3880
Stage 1: cost=3880  dominant=18  exposure=2  optimal=False
  R_TR=0.6333  worst_arc=(l1,l6,tr1)

  [layered_medium_seed2 w=50 s2=off_off] Solving Stage 2 (limit=300s)... ↓[]
  Stage 2: mono=12  conc=19  optimal=False
  R_1=0.8  worst_trip=(l1,l6,tr2,k3)
  Dispatch: s1=3780  s2=3555  saving=225

  [layered_medium_seed2 w=50 s2=both] Solving Stage 2 (limit=300s)... ↓[12000, 9434] ↓[11000, 9434] ↓[7000, 11553] ↓[6000, 10355] ↓[6000, 9764] ↓[5000, 9764] ↓[5000, 9157] ↓[5000, 8550] ↓[5000, 8236] ↓[5000, 7901] ↓[5000, 7310] ↓[5000, 7017] ↓[5000, 6703] ↓[5000, 6410] ↓[5000, 6096] ↓[4000, 7624] ↓[4000, 7331] ↓[4000, 7017] ↓[4000, 6724] ↓[4000, 6410] ↓[4000, 6096] ↓[3000, 9136] ↓[3000, 7315] ↓[3000, 7001] ↓[3000, 6687] ↓[3000, 6410] ↓[3000, 6096] ↓[3000, 5803] ↓[3000, 5489]
  Stage 2: mono=3  conc=11  optimal=False
  R_1=0.8  worst_trip=(l3,l6,tr2,k1)
  Dispatch: s1=3780  s2=3600  saving=180

  [layered_medium_seed2 w=100 proxy=exposure] Solving Stage 1 (limit=300s)...
  [S1 w=100 round 1] budget=299s best=None ↓22000 ↓21820 ↓21460 ↓21370 ↓21280 ↓21040 ↓20800 ↓20320 ↓17680 ↓17200 ↓13360 ↓10000 ↓9520 ↓9440 ↓9290 ↓9200 ↓9110 ↓9020 ↓8975 ↓8930 ↓8870 ↓8825 ↓8615 ↓8570 ↓8560 ↓8470 ↓7160 ↓5900 ↓5810 ↓5510 ↓5375 ↓5330 ↓5285 ↓5150 ↓4985 ↓4805 ↓4670 ↓4570 ↓4470 ↓4440 ↓4410 ↓4400 ↓4390 ↓4375 ↓4345 ↓4255 ↓4240 ↓4150 ↓4060 ↓3970 ↓3880 ↓3790 ↓3760 ↓3700 ↓3685 ↓3655 ↓3625 ↓3565 ↓3535 ↓3475 ↓3460 ↓3420 ↓3360 ↓3300
Stage 1: cost=3300  dominant=21  exposure=0  optimal=False
  R_TR=0.6667  worst_arc=(l1,l6,tr1)

  [layered_medium_seed2 w=100 s2=off_off] Solving Stage 2 (limit=300s)... ↓[]
  Stage 2: mono=7  conc=22  optimal=False
  R_1=0.7333  worst_trip=(l3,l6,tr2,k1)
  Dispatch: s1=3300  s2=3210  saving=90

  [layered_medium_seed2 w=100 s2=both] Solving Stage 2 (limit=300s)... ↓[7000, 11287] ↓[7000, 11234] ↓[7000, 10627] ↓[7000, 10036] ↓[7000, 9429] ↓[7000, 9152] ↓[7000, 8838] ↓[6000, 10627] ↓[6000, 10020] ↓[5000, 10627] ↓[5000, 10020] ↓[5000, 9429] ↓[4000, 10627] ↓[4000, 10297] ↓[4000, 10004] ↓[4000, 9690] ↓[4000, 9429] ↓[3000, 10941] ↓[3000, 10334] ↓[3000, 10057] ↓[3000, 9743] ↓[3000, 9450] ↓[3000, 9136] ↓[3000, 9120] ↓[3000, 8843] ↓[3000, 8529] ↓[3000, 8215] ↓[3000, 7938] ↓[3000, 7624] ↓[2000, 9727] ↓[2000, 9429] ↓[2000, 9115] ↓[2000, 9099] ↓[2000, 8822] ↓[2000, 8508] ↓[2000, 8492] ↓[2000, 8215] ↓[2000, 7901] ↓[2000, 7645] ↓[2000, 7331] ↓[2000, 7017] ↓[2000, 6703] ↓[1000, 10334] ↓[1000, 9743] ↓[1000, 9136] ↓[1000, 8545] ↓[1000, 8231] ↓[1000, 7917] ↓[1000, 7901] ↓[1000, 7310]
  Stage 2: mono=1  conc=14  optimal=False
  R_1=0.8  worst_trip=(l2,l4,tr1,k2)
  Dispatch: s1=3300  s2=3120  saving=180

  [layered_medium_seed2 w=150 proxy=exposure] Solving Stage 1 (limit=300s)...
  [S1 w=150 round 1] budget=299s best=None ↓22200 ↓22020 ↓21660 ↓21570 ↓21480 ↓21240 ↓21000 ↓20520 ↓17880 ↓17400 ↓13560 ↓10200 ↓9720 ↓9690 ↓9660 ↓9615 ↓9600 ↓9510 ↓9465 ↓9435 ↓9390 ↓9300 ↓9210 ↓9180 ↓9090 ↓9045 ↓9030 ↓8985 ↓8130 ↓8085 ↓8040 ↓7995 ↓7635 ↓7275 ↓6915 ↓6735 ↓6555 ↓6465 ↓6345 ↓6285 ↓6240 ↓6225 ↓6180 ↓6135 ↓6060 ↓6015 ↓5835 ↓5805 ↓5715 ↓5655 ↓5610 ↓5565 ↓5535 ↓5520 ↓5490 ↓5475 ↓5460 ↓5400 ↓5385 ↓5370 ↓5325 ↓5310 ↓5280 ↓5190 ↓5160 ↓5130 ↓5100 ↓5055 ↓5025 ↓4965 ↓4935 ↓4860 ↓4785 ↓4770 ↓4725 ↓4695 ↓4680 ↓4665 ↓4635 ↓4590 ↓4560 ↓4455 ↓4410 ↓4365 ↓4275 ↓4215 ↓4185 ↓4170 ↓4080 ↓4050 ↓3990 ↓3900 ↓3885 ↓3870 ↓3855 ↓3795 ↓3765 ↓3720 ↓3675 ↓3630 ↓3540 ↓3510 ↓3495 ↓3480 ↓3465 ↓3375 ↓3330 ↓3300 ↓3255 ↓3165 ↓3150 ↓3120 ↓3090 ↓3045 ↓3030
Stage 1: cost=3030  dominant=24  exposure=0  optimal=False
  R_TR=0.6667  worst_arc=(l1,l6,tr2)

  [layered_medium_seed2 w=150 s2=off_off] Solving Stage 2 (limit=300s)... ↓[]
  Stage 2: mono=8  conc=21  optimal=False
  R_1=0.8  worst_trip=(l2,l7,tr1,k3)
  Dispatch: s1=3030  s2=3030  saving=0

  [layered_medium_seed2 w=150 s2=both] Solving Stage 2 (limit=300s)... ↓[8000, 9753] ↓[7000, 9146] ↓[6000, 9753] ↓[6000, 9146] ↓[5000, 10067] ↓[5000, 8220] ↓[5000, 7613] ↓[5000, 7299] ↓[5000, 7006] ↓[5000, 6692] ↓[5000, 6399] ↓[5000, 6085] ↓[4000, 9434] ↓[4000, 9120] ↓[4000, 8513] ↓[4000, 8220] ↓[4000, 7906] ↓[4000, 7613] ↓[4000, 7299] ↓[4000, 6692] ↓[4000, 6399] ↓[4000, 6085] ↓[4000, 5808] ↓[4000, 5494] ↓[3000, 9492] ↓[3000, 9455] ↓[3000, 9178] ↓[3000, 8864] ↓[3000, 8848] ↓[3000, 8534] ↓[3000, 7943] ↓[3000, 7634] ↓[3000, 7320] ↓[3000, 7043] ↓[3000, 6729] ↓[3000, 6436] ↓[3000, 6122] ↓[2000, 9471] ↓[2000, 9162] ↓[2000, 8571] ↓[2000, 8555] ↓[2000, 8278] ↓[2000, 7964] ↓[2000, 7650] ↓[2000, 7336] ↓[2000, 7027] ↓[2000, 6713] ↓[2000, 6436] ↓[2000, 6122]
  Stage 2: mono=2  conc=14  optimal=False
  R_1=0.8333  worst_trip=(l2,l4,tr1,k1)
  Dispatch: s1=3030  s2=3030  saving=0

  [layered_medium_seed2 w=200 proxy=exposure] Solving Stage 1 (limit=300s)...
  [S1 w=200 round 1] budget=299s best=None ↓22400 ↓22220 ↓21860 ↓21770 ↓21680 ↓21440 ↓21200 ↓20720 ↓18080 ↓17600 ↓13760 ↓10400 ↓9920 ↓9905 ↓9785 ↓9770 ↓9730 ↓9590 ↓9550 ↓9545 ↓9470 ↓9410 ↓9395 ↓9305 ↓9215 ↓8990 ↓8945 ↓8915 ↓8870 ↓8690 ↓8600 ↓8555 ↓8195 ↓7700 ↓7655 ↓7610 ↓7565 ↓7340 ↓7205 ↓6980 ↓6935 ↓6920 ↓6905 ↓6845 ↓6815 ↓6725 ↓6680 ↓6665 ↓6635 ↓6590 ↓6575 ↓6535 ↓6490 ↓6445 ↓6425 ↓6380 ↓6360 ↓6300 ↓6290 ↓6245 ↓6200 ↓6110 ↓6050 ↓6020 ↓5990 ↓5980 ↓5965 ↓5755 ↓5710 ↓5680 ↓5510 ↓5500 ↓5480 ↓5455 ↓5365 ↓5320 ↓4840 ↓4640 ↓4565 ↓4475 ↓4415 ↓4385 ↓4370 ↓4355 ↓4310 ↓4280 ↓4190 ↓4155 ↓4095 ↓4035 ↓4020 ↓3975 ↓3930 ↓3915 ↓3900 ↓3885 ↓3855 ↓3810 ↓3795 ↓3780 ↓3705 ↓3690 ↓3645
Stage 1: cost=3645  dominant=24  exposure=0  optimal=False
  R_TR=0.6667  worst_arc=(l2,l4,tr1)

  [layered_medium_seed2 w=200 s2=off_off] Solving Stage 2 (limit=300s)... ↓[]
  Stage 2: mono=13  conc=26  optimal=False
  R_1=0.7667  worst_trip=(l3,l6,tr2,k2)
  Dispatch: s1=3645  s2=3645  saving=0

  [layered_medium_seed2 w=200 s2=both] Solving Stage 2 (limit=300s)... ↓[13000, 14775] ↓[12000, 15366] ↓[12000, 14775] ↓[11000, 15366] ↓[10000, 15366] ↓[10000, 14775] ↓[10000, 14461] ↓[9000, 11772] ↓[9000, 11458] ↓[9000, 10851] ↓[6000, 12379] ↓[6000, 12363] ↓[6000, 12086] ↓[6000, 11772] ↓[6000, 11458] ↓[6000, 11442] ↓[6000, 11165] ↓[6000, 10851] ↓[6000, 10537] ↓[5000, 11479] ↓[5000, 11442] ↓[5000, 11165] ↓[5000, 10851] ↓[5000, 10537] ↓[5000, 10276] ↓[5000, 9999] ↓[5000, 9685] ↓[5000, 9392] ↓[4000, 11772] ↓[4000, 10867] ↓[4000, 10276] ↓[4000, 9962] ↓[4000, 9685] ↓[4000, 9371] ↓[4000, 9355] ↓[4000, 9078] ↓[4000, 8764] ↓[4000, 8487] ↓[4000, 8173] ↓[3000, 13268] ↓[3000, 12954] ↓[3000, 12656] ↓[3000, 12065] ↓[3000, 12049] ↓[3000, 11458] ↓[3000, 11144] ↓[3000, 10867] ↓[3000, 10553] ↓[3000, 10276] ↓[3000, 9962] ↓[3000, 9685] ↓[3000, 9371] ↓[3000, 9355] ↓[3000, 9078] ↓[3000, 8764]
  Stage 2: mono=3  conc=15  optimal=False
  R_1=0.8  worst_trip=(l2,l4,tr1,k1)
  Dispatch: s1=3645  s2=3270  saving=375

  [layered_medium_seed2 w=250 proxy=exposure] Solving Stage 1 (limit=300s)...
  [S1 w=250 round 1] budget=299s best=None ↓22600 ↓22420 ↓22060 ↓21970 ↓21880 ↓21640 ↓21400 ↓20920 ↓18280 ↓17800 ↓13960 ↓10600 ↓10120 ↓10115 ↓10070 ↓10060 ↓10015 ↓9970 ↓9880 ↓9835 ↓9805 ↓9745 ↓9705 ↓9625 ↓9580 ↓9535 ↓9400 ↓8680 ↓8455 ↓8095 ↓7915 ↓7870 ↓7690 ↓7510 ↓7330 ↓7150 ↓7105 ↓7060 ↓7015 ↓6775 ↓6685 ↓6595 ↓6565 ↓6505 ↓6495 ↓6435 ↓6345 ↓6315 ↓5665 ↓5575 ↓5485 ↓5460 ↓5455 ↓5415 ↓5370 ↓5340 ↓5310 ↓5280 ↓5235 ↓5160 ↓5145 ↓5135 ↓5090 ↓5045 ↓4985 ↓4910 ↓4895 ↓4825 ↓4795 ↓4735 ↓4705 ↓4660 ↓4630 ↓4570 ↓4480 ↓4320 ↓4275 ↓4230 ↓4225 ↓4165 ↓4075 ↓4060 ↓3985 ↓3940 ↓3925 ↓3915 ↓3805 ↓3790 ↓3735 ↓3730 ↓3670 ↓3655 ↓3640 ↓3565 ↓3555 ↓3550 ↓3435 ↓3405 ↓3330 ↓3300 ↓3270 ↓3210 ↓3150
Stage 1: cost=3150  dominant=24  exposure=0  optimal=False
  R_TR=0.6667  worst_arc=(l1,l6,tr2)

  [layered_medium_seed2 w=250 s2=off_off] Solving Stage 2 (limit=300s)... ↓[]
  Stage 2: mono=11  conc=22  optimal=False
  R_1=0.7  worst_trip=(l3,l6,tr2,k3)
  Dispatch: s1=3150  s2=2715  saving=435

  [layered_medium_seed2 w=250 s2=both] Solving Stage 2 (limit=300s)... ↓[10000, 9402] ↓[10000, 8795] ↓[9000, 9402] ↓[8000, 9109] ↓[8000, 8502] ↓[7000, 8832] ↓[7000, 8816] ↓[7000, 8225] ↓[7000, 8220] ↓[7000, 7613] ↓[7000, 6708] ↓[7000, 6101] ↓[6000, 7336] ↓[6000, 7022] ↓[6000, 6708] ↓[6000, 6692] ↓[6000, 6415] ↓[6000, 6122] ↓[5000, 7320] ↓[5000, 7043] ↓[5000, 6729] ↓[5000, 6415] ↓[5000, 6122] ↓[5000, 5808] ↓[4000, 7634] ↓[4000, 6729] ↓[4000, 6415] ↓[4000, 6122] ↓[4000, 5808] ↓[3000, 9125] ↓[3000, 8832] ↓[3000, 8518] ↓[3000, 8241] ↓[3000, 7927] ↓[3000, 7911] ↓[3000, 7320] ↓[3000, 7006] ↓[3000, 6713] ↓[3000, 6399] ↓[2000, 8869] ↓[2000, 8848] ↓[2000, 8257] ↓[2000, 7964] ↓[2000, 7650] ↓[2000, 7357] ↓[2000, 7043] ↓[2000, 6729] ↓[2000, 6436] ↓[2000, 6122]
  Stage 2: mono=2  conc=14  optimal=False
  R_1=0.8333  worst_trip=(l2,l3,tr1,k1)
  Dispatch: s1=3150  s2=3090  saving=60

  [layered_medium_seed2 w=300 proxy=exposure] Solving Stage 1 (limit=300s)...
  [S1 w=300 round 1] budget=299s best=None ↓22800 ↓22620 ↓22260 ↓22170 ↓22080 ↓21840 ↓21600 ↓21120 ↓18480 ↓18000 ↓14160 ↓10800 ↓10320 ↓10275 ↓10230 ↓10170 ↓9900 ↓9810 ↓9720 ↓9690 ↓9660 ↓9570 ↓9180 ↓9090 ↓6390 ↓6030 ↓5985 ↓5895 ↓5760 ↓5670 ↓5640 ↓5550 ↓5460 ↓5370 ↓5265 ↓5250 ↓5220 ↓5130 ↓5100 ↓5055 ↓5040 ↓5010 ↓4965 ↓4905 ↓4890 ↓4875 ↓4860 ↓4845 ↓4770 ↓4755 ↓4725 ↓4620 ↓4440 ↓4425 ↓4365 ↓4290 ↓4275 ↓4140 ↓4125 ↓4095 ↓4050 ↓3990 ↓3945 ↓3930 ↓3870 ↓3840 ↓3825 ↓3660 ↓3600 ↓3480 ↓3420
Stage 1: cost=3420  dominant=25  exposure=0  optimal=False
  R_TR=0.6667  worst_arc=(l2,l5,tr1)

  [layered_medium_seed2 w=300 s2=off_off] Solving Stage 2 (limit=300s)... ↓[]
  Stage 2: mono=6  conc=25  optimal=False
  R_1=0.7667  worst_trip=(l5,l8,tr2,k3)
  Dispatch: s1=3420  s2=3090  saving=330

  [layered_medium_seed2 w=300 s2=both] Solving Stage 2 (limit=300s)... ↓[6000, 11318] ↓[6000, 10711] ↓[6000, 10397] ↓[5000, 11004] ↓[5000, 10988] ↓[5000, 10711] ↓[5000, 10397] ↓[4000, 11909] ↓[4000, 11595] ↓[4000, 11302] ↓[4000, 10988] ↓[4000, 10711] ↓[4000, 10323] ↓[4000, 10009] ↓[4000, 9732] ↓[4000, 9418] ↓[4000, 9141] ↓[4000, 8827] ↓[4000, 8534] ↓[3000, 13400] ↓[3000, 13123] ↓[3000, 10914] ↓[3000, 10637] ↓[3000, 10323] ↓[3000, 10030] ↓[3000, 9716] ↓[3000, 9439] ↓[3000, 9141] ↓[3000, 9125] ↓[3000, 8534] ↓[3000, 8518] ↓[3000, 7927] ↓[3000, 7650] ↓[3000, 7373] ↓[3000, 7336] ↓[2000, 12165] ↓[2000, 11297] ↓[2000, 11020] ↓[2000, 10706] ↓[2000, 10413] ↓[2000, 10099] ↓[2000, 9785] ↓[2000, 9769] ↓[2000, 9492] ↓[2000, 9178] ↓[2000, 8864] ↓[2000, 8848] ↓[2000, 8571] ↓[2000, 8257] ↓[2000, 7964] ↓[2000, 7650] ↓[2000, 7336] ↓[1000, 11281] ↓[1000, 10983] ↓[1000, 10690] ↓[1000, 10376] ↓[1000, 10099] ↓[1000, 9785] ↓[1000, 9769] ↓[1000, 9492] ↓[1000, 9178] ↓[1000, 8864] ↓[1000, 8571] ↓[1000, 8257] ↓[1000, 7964] ↓[1000, 7650] ↓[1000, 7373]
  Stage 2: mono=1  conc=17  optimal=False
  R_1=0.8333  worst_trip=(l3,l6,tr2,k1)
  Dispatch: s1=3420  s2=3420  saving=0

  [layered_medium_seed2 w=350 proxy=exposure] Solving Stage 1 (limit=300s)...
  [S1 w=350 round 1] budget=299s best=None ↓23000 ↓22820 ↓22460 ↓22370 ↓22280 ↓22040 ↓21800 ↓21320 ↓18680 ↓18200 ↓14360 ↓11000 ↓10520 ↓10500 ↓10365 ↓10275 ↓10230 ↓10185 ↓10155 ↓10110 ↓10065 ↓10020 ↓9990 ↓9975 ↓9945 ↓9930 ↓9915 ↓9855 ↓9825 ↓9810 ↓9780 ↓9720 ↓9700 ↓9510 ↓8970 ↓8880 ↓8865 ↓8820 ↓8790 ↓8295 ↓8115 ↓7935 ↓7755 ↓7575 ↓7035 ↓6855 ↓6675 ↓6495 ↓6315 ↓6135 ↓5955 ↓5910 ↓5865 ↓5820 ↓5775 ↓5730 ↓5685 ↓5595 ↓5550 ↓5515 ↓5470 ↓5425 ↓5335 ↓5290 ↓5245 ↓5165 ↓5125 ↓5105 ↓5060 ↓5030 ↓4970 ↓4925 ↓4835 ↓4700 ↓4610 ↓4520 ↓4475 ↓4305 ↓4260 ↓4215 ↓4170 ↓4095 ↓4055 ↓3975 ↓3960 ↓3945 ↓3810 ↓3750 ↓3720 ↓3675 ↓3630 ↓3495 ↓3450 ↓3360 ↓3345 ↓3315 ↓3285 ↓3255 ↓3240 ↓3225 ↓3210 ↓3180 ↓3165
Stage 1: cost=3165  dominant=25  exposure=0  optimal=False
  R_TR=0.6667  worst_arc=(l1,l6,tr2)

  [layered_medium_seed2 w=350 s2=off_off] Solving Stage 2 (limit=300s)... ↓[]
  Stage 2: mono=11  conc=20  optimal=False
  R_1=0.7333  worst_trip=(l5,l8,tr2,k1)
  Dispatch: s1=3165  s2=3105  saving=60

  [layered_medium_seed2 w=350 s2=both] Solving Stage 2 (limit=300s)... ↓[11000, 9439] ↓[10000, 10046] ↓[10000, 9439] ↓[10000, 8832] ↓[10000, 8518] ↓[8000, 7890] ↓[7000, 7890] ↓[6000, 7906] ↓[5000, 7906] ↓[5000, 7299] ↓[4000, 7906] ↓[4000, 7299] ↓[4000, 6692] ↓[4000, 6085] ↓[4000, 5808] ↓[3000, 9748] ↓[3000, 9732] ↓[3000, 9125] ↓[3000, 8811] ↓[3000, 8220] ↓[3000, 7613] ↓[3000, 7299] ↓[3000, 7006] ↓[3000, 6692] ↓[3000, 6378] ↓[3000, 6362] ↓[3000, 6085] ↓[3000, 5771] ↓[2000, 10946] ↓[2000, 10930] ↓[2000, 10323] ↓[2000, 8204] ↓[2000, 7597] ↓[2000, 7320] ↓[2000, 7006] ↓[2000, 6990] ↓[2000, 6713] ↓[2000, 6399] ↓[2000, 6085] ↓[2000, 5494]
  Stage 2: mono=2  conc=12  optimal=False
  R_1=0.8333  worst_trip=(l2,l4,tr1,k1)
  Dispatch: s1=3165  s2=3075  saving=90

  [layered_medium_seed2 w=400 proxy=exposure] Solving Stage 1 (limit=300s)...
  [S1 w=400 round 1] budget=299s best=None ↓23200 ↓23020 ↓22660 ↓22570 ↓22480 ↓22240 ↓22000 ↓21520 ↓18880 ↓18400 ↓14560 ↓11200 ↓10720 ↓10710 ↓10665 ↓10635 ↓10590 ↓10530 ↓10470 ↓10425 ↓10380 ↓10350 ↓10335 ↓10200 ↓10195 ↓9960 ↓9900 ↓9885 ↓9840 ↓9825 ↓9735 ↓9690 ↓9645 ↓9600 ↓9465 ↓9420 ↓9375 ↓9315 ↓9180 ↓9135 ↓9090 ↓9000 ↓8970 ↓8940 ↓8910 ↓8880 ↓8835 ↓7650 ↓7560 ↓7335 ↓7245 ↓7155 ↓7110 ↓7080 ↓7065 ↓6975 ↓6930 ↓6885 ↓6870 ↓6810 ↓6735 ↓6690 ↓6645 ↓6630 ↓6570 ↓6555 ↓6450 ↓6435 ↓5955 ↓5925 ↓5880 ↓5735 ↓5705 ↓5695 ↓5670 ↓5600 ↓5570 ↓5525 ↓5495 ↓5450 ↓5405 ↓5360 ↓5320 ↓5275 ↓5230 ↓5200 ↓5125 ↓5065 ↓5025 ↓4665 ↓4575 ↓4485 ↓4440 ↓4395 ↓4365 ↓4320 ↓4305 ↓4215 ↓4125 ↓4080 ↓4035 ↓4005 ↓3975 ↓3915 ↓3900 ↓3885 ↓3840 ↓3810 ↓3780 ↓3765 ↓3735 ↓3720 ↓3705 ↓3675 ↓3630 ↓3615 ↓3525 ↓3465 ↓3375 ↓3345
Stage 1: cost=3345  dominant=24  exposure=0  optimal=False
  R_TR=0.6667  worst_arc=(l1,l6,tr2)

  [layered_medium_seed2 w=400 s2=off_off] Solving Stage 2 (limit=300s)... ↓[]
  Stage 2: mono=13  conc=20  optimal=False
  R_1=0.6667  worst_trip=(l5,l8,tr2,k4)
  Dispatch: s1=3345  s2=3000  saving=345

  [layered_medium_seed2 w=400 s2=both] Solving Stage 2 (limit=300s)... ↓[13000, 10579] ↓[12000, 11170] ↓[12000, 10579] ↓[11000, 11170] ↓[10000, 11170] ↓[9000, 11761] ↓[5000, 10233] ↓[5000, 9919] ↓[4000, 10840] ↓[4000, 10824] ↓[4000, 10233] ↓[4000, 9919] ↓[4000, 9642] ↓[4000, 9328] ↓[4000, 9014] ↓[4000, 8721] ↓[4000, 8444] ↓[3000, 11777] ↓[3000, 11170] ↓[3000, 10856] ↓[3000, 10542] ↓[2000, 11463] ↓[2000, 10856] ↓[2000, 10542] ↓[1000, 11463] ↓[1000, 10270] ↓[1000, 9663] ↓[1000, 9349] ↓[1000, 9035] ↓[1000, 8758] ↓[1000, 8444] ↓[1000, 8428] ↓[1000, 8114] ↓[1000, 7837] ↓[1000, 7523] ↓[0, 12075] ↓[0, 9935] ↓[0, 9658] ↓[0, 9344] ↓[0, 9051] ↓[0, 8737] ↓[0, 8423] ↓[0, 8146] ↓[0, 7832] ↓[0, 7539] ↓[0, 7225] ↓[0, 7209] ↓[0, 6932] ↓[0, 6618]
  Stage 2: mono=0  conc=12  optimal=False
  R_1=0.8333  worst_trip=(l2,l7,tr2,k1)
  Dispatch: s1=3345  s2=3240  saving=105

  [layered_medium_seed2 w=450 proxy=exposure] Solving Stage 1 (limit=300s)...
  [S1 w=450 round 1] budget=299s best=None ↓23400 ↓23220 ↓22860 ↓22770 ↓22680 ↓22440 ↓22200 ↓21720 ↓19080 ↓18600 ↓14760 ↓11400 ↓10920 ↓10890 ↓10860 ↓10845 ↓10800 ↓10770 ↓10680 ↓10500 ↓10470 ↓10455 ↓10215 ↓10170 ↓10140 ↓10080 ↓10065 ↓9930 ↓9885 ↓9825 ↓9765 ↓9720 ↓9675 ↓9585 ↓9540 ↓9495 ↓9480 ↓9300 ↓9225 ↓9000 ↓8775 ↓8595 ↓8535 ↓8490 ↓8460 ↓8400 ↓8385 ↓8340 ↓8325 ↓8295 ↓8280 ↓8235 ↓8190 ↓8145 ↓8100 ↓8055 ↓8010 ↓7560 ↓7530 ↓7470 ↓7455 ↓7410 ↓7320 ↓7095 ↓7050 ↓6990 ↓6975 ↓6915 ↓6870 ↓6780 ↓6720 ↓6705 ↓6660 ↓6585 ↓6510 ↓6480 ↓6360 ↓6300 ↓6240 ↓6180 ↓6120 ↓5850 ↓5580 ↓5550 ↓5460 ↓5415 ↓5370 ↓5310 ↓5280 ↓5265 ↓5190 ↓5175 ↓5145 ↓5055 ↓5040 ↓4950 ↓4905 ↓4695 ↓4665 ↓4620 ↓4590 ↓4560 ↓4515 ↓4485 ↓4470 ↓4425 ↓4365 ↓4335 ↓4290 ↓4155 ↓4110 ↓4065 ↓4020 ↓3990 ↓3945 ↓3930 ↓3885 ↓3840 ↓3825 ↓3780 ↓3750 ↓3720 ↓3705 ↓3660 ↓3645 ↓3615 ↓3585 ↓3555 ↓3465 ↓3420 ↓3375 ↓3285 ↓3255 ↓3225 ↓3210
Stage 1: cost=3210  dominant=25  exposure=0  optimal=False
  R_TR=0.6667  worst_arc=(l1,l6,tr2)

  [layered_medium_seed2 w=450 s2=off_off] Solving Stage 2 (limit=300s)... ↓[]
  Stage 2: mono=8  conc=21  optimal=False
  R_1=0.8  worst_trip=(l4,l6,tr2,k1)
  Dispatch: s1=3210  s2=3105  saving=105

  [layered_medium_seed2 w=450 s2=both] Solving Stage 2 (limit=300s)... ↓[9000, 10265] ↓[8000, 9951] ↓[7000, 10265] ↓[7000, 9951] ↓[6000, 10265] ↓[6000, 9951] ↓[6000, 8460] ↓[6000, 8146] ↓[5000, 8774] ↓[5000, 8460] ↓[5000, 8146] ↓[5000, 7869] ↓[5000, 7555] ↓[5000, 7241] ↓[5000, 7225] ↓[4000, 9344] ↓[4000, 8737] ↓[4000, 8423] ↓[4000, 8146] ↓[4000, 7832] ↓[4000, 7816] ↓[4000, 7539] ↓[4000, 7225] ↓[3000, 8146] ↓[3000, 7832] ↓[3000, 7555] ↓[3000, 7241] ↓[3000, 7225] ↓[3000, 6948] ↓[3000, 6634] ↓[3000, 6618] ↓[3000, 6341] ↓[3000, 6027] ↓[3000, 5750] ↓[3000, 5436]
  Stage 2: mono=3  conc=10  optimal=False
  R_1=0.8  worst_trip=(l4,l6,tr2,k1)
  Dispatch: s1=3210  s2=3165  saving=45

  [layered_medium_seed2 w=500 proxy=exposure] Solving Stage 1 (limit=300s)...
  [S1 w=500 round 1] budget=299s best=None ↓23600 ↓23420 ↓23060 ↓22970 ↓22880 ↓22640 ↓22400 ↓21920 ↓19280 ↓18800 ↓14960 ↓11600 ↓11120 ↓11095 ↓11065 ↓11020 ↓10990 ↓10975 ↓10930 ↓10915 ↓10900 ↓10885 ↓10855 ↓10825 ↓10780 ↓10705 ↓10660 ↓10600 ↓10555 ↓10510 ↓10480 ↓10435 ↓10345 ↓10240 ↓9985 ↓9925 ↓9445 ↓9385 ↓9340 ↓9205 ↓9175 ↓9115 ↓9070 ↓9040 ↓8980 ↓8935 ↓8800 ↓8620 ↓8440 ↓8260 ↓8170 ↓8080 ↓7990 ↓7945 ↓7900 ↓7765 ↓7720 ↓7630 ↓7555 ↓7540 ↓7510 ↓7465 ↓7375 ↓7330 ↓7270 ↓7100 ↓7040 ↓7025 ↓7010 ↓6890 ↓6845 ↓6800 ↓6770 ↓6725 ↓6710 ↓6665 ↓6620 ↓6605 ↓6590 ↓6515 ↓6425 ↓6365 ↓6320 ↓6290 ↓6275 ↓6245 ↓6200 ↓6185 ↓6150 ↓6105 ↓6060 ↓5790 ↓5730 ↓5640 ↓5595 ↓5565 ↓5550 ↓5505 ↓5475 ↓5460 ↓5370 ↓5325 ↓5265 ↓5235 ↓5145 ↓5115 ↓5055 ↓5025 ↓5010 ↓4965 ↓4875 ↓4785 ↓4755 ↓4725 ↓4710 ↓4620 ↓4575 ↓4560 ↓4545 ↓4440 ↓4410 ↓4380 ↓4335 ↓4290 ↓4140 ↓4110 ↓4095 ↓4035 ↓3975 ↓3930 ↓3900 ↓3855 ↓3810 ↓3780 ↓3720 ↓3660
Stage 1: cost=3660  dominant=23  exposure=0  optimal=False
  R_TR=0.6667  worst_arc=(l1,l6,tr2)

  [layered_medium_seed2 w=500 s2=off_off] Solving Stage 2 (limit=300s)... ↓[]
  Stage 2: mono=7  conc=28  optimal=False
  R_1=0.8  worst_trip=(l1,l6,tr2,k1)
  Dispatch: s1=3660  s2=3570  saving=90

  [layered_medium_seed2 w=500 s2=both] Solving Stage 2 (limit=300s)... ↓[7000, 15094] ↓[6000, 15094] ↓[6000, 14487] ↓[5000, 14487] ↓[5000, 14173] ↓[3000, 13859] ↓[3000, 11463] ↓[3000, 10872] ↓[3000, 10856] ↓[3000, 10265] ↓[3000, 9674] ↓[3000, 9360] ↓[3000, 9046] ↓[3000, 9030] ↓[3000, 8753] ↓[3000, 8439] ↓[2000, 13273] ↓[2000, 12368] ↓[2000, 11761] ↓[2000, 11170] ↓[2000, 10579] ↓[2000, 10265] ↓[2000, 9951] ↓[2000, 9674] ↓[2000, 9360] ↓[2000, 9067] ↓[2000, 8753] ↓[2000, 8476] ↓[2000, 8162]
  Stage 2: mono=2  conc=15  optimal=False
  R_1=0.8333  worst_trip=(l2,l4,tr1,k2)
  Dispatch: s1=3660  s2=3375  saving=285

══════════════════════════════════════════════════════════════════════
  Instance: layered_medium_seed3 (custom, seed=0)
══════════════════════════════════════════════════════════════════════
  Parsed: 3 parts, 40 routes

  [layered_medium_seed3 w=0 proxy=exposure] Solving Stage 1 (limit=300s)...
  [S1 w=0 round 1] budget=299s best=None ↓62219 ↓61275 ↓60685 ↓59691 ↓59379 ↓58747 ↓58393 ↓58157 ↓57088 ↓56498 ↓56298 ↓55508 ↓54718 ↓54600 ↓54128 ↓54106 ↓54055 ↓53944 ↓53891 ↓53848 ↓53826 ↓53825 ↓53749 ↓53455 ↓53376 ↓53081 ↓52291 ↓51501 ↓51343 ↓50711 ↓50475 ↓50180 ↓50098 ↓49821 ↓49426 ↓49031 ↓48636 ↓48478 ↓48320 ↓48162 ↓48083 ↓47925 ↓47867 ↓47846 ↓47551 ↓47075 ↓46839 ↓46603 ↓46524 ↓46426 ↓46249 ↓45895 ↓45718 ↓45639 ↓45540 ↓45461 ↓45402 ↓45223 ↓44928 ↓44871 ↓44692 ↓44650 ↓44473 ↓44296 ↓44217 ↓43981 ↓43918 ↓43879 ↓43839 ↓43821 ↓43780 ↓43761 ↓43705 ↓43607 ↓43528 ↓43468 ↓43449 ↓43370 ↓43250 ↓43231 ↓43211 ↓43073 ↓42994 ↓42915 ↓42678 ↓42599 ↓42261 ↓42102 ↓40522 ↓40263 ↓39947 ↓39770 ↓39416 ↓38310 ↓38074 ↓37916 ↓37600 ↓37284 ↓37205 ↓37066 ↓36908 ↓36906 ↓36729 ↓36670 ↓36512 ↓36434 ↓36432 ↓36196 ↓36118 ↓35998 ↓35644 ↓35465 ↓35406 ↓35387 ↓35210 ↓35151 ↓34519 ↓33887 ↓33255 ↓33247 ↓32775 ↓32642 ↓32573 ↓32554 ↓32495 ↓32436 ↓32377 ↓32318 ↓32239 ↓32121 ↓32020 ↓31626 ↓31588 ↓31470 ↓31352 ↓31234 ↓31155 ↓31076 ↓30819 ↓30663 ↓30250 ↓29424 ↓29248 ↓28537 ↓28300 ↓28063 ↓28061 ↓27941 ↓27821 ↓27780 ↓27701 ↓27544 ↓27524 ↓27463 ↓27422 ↓27226 ↓27209 ↓27032 ↓26932 ↓26813 ↓26754 ↓26753 ↓26694 ↓26498 ↓26494 ↓26393 ↓26391 ↓26372 ↓26314 ↓26255 ↓26196 ↓26137 ↓25842 ↓25605 ↓25447 ↓25408 ↓25385 ↓25344 ↓25208 ↓25090 ↓25031 ↓25028 ↓24972 ↓24951 ↓24892 ↓24851 ↓24810 ↓24731 ↓24712 ↓24653 ↓24632 ↓24474 ↓23052 ↓22894 ↓22657 ↓22339 ↓22264 ↓22104 ↓21993 ↓21934 ↓21776 ↓21540 ↓21068 ↓20990 ↓20912 ↓20910 ↓20831 ↓20752 ↓20221 ↓20219 ↓20199 ↓20163 ↓20045 ↓19986 ↓19828 ↓19808 ↓19771 ↓19749 ↓18959 ↓18882 ↓18862 ↓18841 ↓18701 ↓18583 ↓18170 ↓17817 ↓17598 ↓17463 ↓17294 ↓17117 ↓14589 ↓14176 ↓14137 ↓14117 ↓14099 ↓13944 ↓13884 ↓13864 ↓13846 ↓13826 ↓13789 ↓13710 ↓13691 ↓13690 ↓13689 ↓13512
Stage 1: cost=13512  dominant=31  exposure=0  optimal=False
  R_TR=0.6667  worst_arc=(l1,l3,tr1)

  [layered_medium_seed3 w=0 s2=off_off] Solving Stage 2 (limit=300s)... ↓[]
  Stage 2: mono=14  conc=32  optimal=False
  R_1=0.8333  worst_trip=(l3,l8,tr2,k1)
  Dispatch: s1=13512  s2=13512  saving=0

  [layered_medium_seed3 w=0 s2=both] Solving Stage 2 (limit=300s)... ↓[14000, 28414] ↓[14000, 27812] ↓[13000, 20190] ↓[13000, 20112] ↓[13000, 19510] ↓[12000, 21056] ↓[12000, 20454] ↓[12000, 19510] ↓[11000, 20454] ↓[11000, 17964] ↓[11000, 17622] ↓[11000, 17020] ↓[11000, 16942] ↓[11000, 16340] ↓[10000, 21398] ↓[10000, 19774] ↓[10000, 19432] ↓[10000, 18830] ↓[10000, 18228] ↓[9000, 21398] ↓[9000, 21056] ↓[9000, 20454] ↓[9000, 20376] ↓[9000, 19774] ↓[9000, 19510] ↓[9000, 19432] ↓[9000, 18830] ↓[9000, 18566] ↓[8000, 20190] ↓[8000, 19588] ↓[8000, 19246] ↓[8000, 18644] ↓[8000, 18566] ↓[8000, 17964] ↓[8000, 17700] ↓[8000, 17622] ↓[8000, 17020] ↓[8000, 16418] ↓[8000, 16340] ↓[8000, 15998] ↓[8000, 15396] ↓[8000, 15318] ↓[8000, 14716] ↓[7000, 21658] ↓[7000, 21056] ↓[7000, 20714] ↓[7000, 20112] ↓[7000, 19770] ↓[7000, 19168] ↓[7000, 19090] ↓[7000, 18488] ↓[7000, 18146] ↓[7000, 17544] ↓[7000, 16942] ↓[7000, 16864] ↓[7000, 16262] ↓[6000, 22680] ↓[6000, 22078] ↓[6000, 21736] ↓[6000, 21134] ↓[6000, 20792] ↓[6000, 20190] ↓[6000, 20112] ↓[6000, 19510] ↓[6000, 18908] ↓[6000, 18566] ↓[6000, 17964] ↓[5000, 25508] ↓[5000, 23542] ↓[5000, 22940] ↓[5000, 22598] ↓[5000, 21996] ↓[5000, 21394] ↓[5000, 21130] ↓[5000, 21052] ↓[5000, 20450] ↓[5000, 19848] ↓[5000, 19770] ↓[5000, 19168] ↓[5000, 18566] ↓[5000, 18488] ↓[5000, 17886] ↓[4000, 23962] ↓[4000, 23624] ↓[4000, 23022] ↓[4000, 22680] ↓[4000, 22078] ↓[4000, 21736] ↓[4000, 21134] ↓[4000, 21056] ↓[4000, 20454] ↓[4000, 20376] ↓[4000, 19774] ↓[4000, 19510] ↓[4000, 19432] ↓[4000, 18830] ↓[4000, 18566] ↓[4000, 18488] ↓[4000, 17886] ↓[3000, 25850] ↓[3000, 25508] ↓[3000, 25166] ↓[3000, 24564] ↓[3000, 24222] ↓[3000, 23620] ↓[3000, 23018] ↓[3000, 22940] ↓[3000, 22338] ↓[3000, 22260] ↓[3000, 21658] ↓[3000, 21580] ↓[3000, 20978] ↓[3000, 20376] ↓[3000, 20112] ↓[3000, 20034] ↓[3000, 19432] ↓[3000, 19090] ↓[3000, 18488]
  Stage 2: mono=3  conc=25  optimal=False
  R_1=0.8667  worst_trip=(l2,l4,tr2,k3)
  Dispatch: s1=13512  s2=12981  saving=531

  [layered_medium_seed3 w=50 proxy=exposure] Solving Stage 1 (limit=300s)...
  [S1 w=50 round 1] budget=299s best=None ↓62469 ↓61525 ↓60935 ↓59941 ↓59629 ↓58997 ↓58643 ↓58407 ↓57338 ↓56748 ↓56548 ↓55758 ↓54968 ↓54850 ↓54378 ↓54366 ↓54216 ↓54184 ↓54127 ↓54113 ↓54034 ↓53997 ↓53643 ↓53633 ↓53434 ↓53001 ↓52862 ↓52824 ↓52765 ↓52647 ↓52470 ↓52411 ↓51939 ↓51779 ↓51467 ↓51340 ↓51328 ↓51281 ↓51043 ↓50569 ↓50095 ↓49621 ↓49147 ↓49088 ↓48793 ↓48734 ↓48515 ↓48496 ↓48338 ↓48251 ↓48201 ↓48062 ↓47923 ↓47746 ↓47274 ↓47156 ↓47137 ↓47058 ↓47055 ↓46524 ↓46465 ↓46406 ↓45875 ↓45774 ↓45458 ↓44826 ↓44510 ↓43979 ↓43714 ↓43705 ↓43469 ↓43242 ↓43183 ↓43175 ↓41911 ↓41869 ↓41827 ↓41439 ↓41203 ↓40967 ↓40495 ↓40394 ↓40333 ↓40232 ↓40153 ↓40055 ↓39912 ↓39878 ↓39796 ↓39780 ↓39603 ↓39524 ↓39445 ↓39423 ↓39246 ↓39187 ↓39010 ↓38774 ↓35219 ↓35197 ↓35020 ↓34843 ↓34606 ↓34527 ↓34448 ↓34132 ↓34130 ↓34051 ↓33024 ↓32945 ↓32866 ↓32787 ↓32708 ↓32155 ↓32109 ↓32014 ↓31719 ↓31519 ↓31483 ↓31460 ↓31401 ↓31283 ↓31224 ↓31047 ↓30988 ↓30811 ↓30675 ↓30471 ↓30155 ↓29918 ↓29817 ↓29656 ↓29597 ↓29360 ↓29340 ↓29125 ↓29046 ↓28967 ↓28923 ↓28572 ↓28177 ↓27918 ↓27523 ↓27207 ↓27205 ↓27049 ↓26891 ↓26678 ↓26599 ↓26520 ↓26470 ↓26468 ↓26391 ↓26384 ↓26325 ↓26288 ↓26278 ↓26208 ↓26171 ↓26131 ↓26129 ↓26121 ↓25944 ↓25865 ↓25846 ↓25767 ↓25451 ↓25391 ↓25312 ↓25233 ↓25173 ↓25154 ↓25075 ↓24603 ↓24563 ↓24443 ↓24165 ↓24086 ↓23969 ↓23849 ↓23672 ↓23435 ↓23413 ↓23408 ↓23273 ↓22995 ↓22919 ↓22818 ↓22759 ↓22700 ↓22523 ↓22028 ↓21969 ↓21910 ↓21770 ↓21732 ↓21653 ↓21474 ↓21454 ↓21396 ↓21382 ↓21380 ↓21085 ↓21066 ↓21021 ↓20995 ↓20641 ↓20546 ↓20505 ↓20464 ↓20287 ↓20268 ↓20210 ↓20151 ↓20072 ↓20051 ↓19914 ↓19855 ↓19836 ↓19766 ↓19732 ↓19663 ↓19578 ↓19539 ↓19480 ↓19460 ↓19436 ↓19398 ↓19382 ↓19363 ↓19246 ↓19069 ↓19010 ↓18986 ↓18874 ↓18864 ↓18805 ↓18489 ↓18487 ↓17697 ↓17438 ↓17422 ↓17397 ↓17361 ↓17284 ↓17107 ↓17100 ↓17099 ↓17040 ↓17004 ↓16983 ↓16969 ↓16919 ↓16847 ↓16788 ↓16730 ↓16615 ↓16577 ↓16261 ↓16084 ↓15928 ↓15375 ↓15353 ↓15176 ↓14999 ↓14468 ↓13937 ↓13915 ↓13896 ↓13836 ↓13542 ↓13365 ↓13364 ↓13246 ↓13128 ↓13069 ↓13049 ↓12927 ↓12890 ↓12831 ↓12794 ↓12774 ↓12752 ↓12692 ↓12573 ↓12494 ↓12435 ↓12413 ↓12297 ↓12178 ↓11957 ↓11838 ↓11837 ↓11811 ↓11804
Stage 1: cost=11804  dominant=30  exposure=1  optimal=False
  R_TR=0.5  worst_arc=(l2,l6,tr2)

  [layered_medium_seed3 w=50 s2=off_off] Solving Stage 2 (limit=300s)... ↓[]
  Stage 2: mono=19  conc=31  optimal=False
  R_1=0.8333  worst_trip=(l1,l8,tr2,k1)
  Dispatch: s1=11754  s2=11439  saving=315

  [layered_medium_seed3 w=50 s2=both] Solving Stage 2 (limit=300s)... ↓[19000, 24044] ↓[19000, 23364] ↓[19000, 23100] ↓[19000, 22420] ↓[18000, 23100] ↓[18000, 22420] ↓[17000, 23100] ↓[17000, 22420] ↓[16000, 22498] ↓[16000, 21818] ↓[14000, 20198] ↓[14000, 19254] ↓[14000, 18310] ↓[13000, 18310] ↓[13000, 18046] ↓[13000, 17366] ↓[13000, 16608] ↓[12000, 17288] ↓[10000, 17024] ↓[9000, 17024] ↓[9000, 16344] ↓[8000, 17968] ↓[8000, 17704] ↓[8000, 17024] ↓[8000, 16496] ↓[8000, 15816] ↓[8000, 14872] ↓[8000, 14192] ↓[8000, 13512] ↓[7000, 17704] ↓[7000, 17024] ↓[7000, 16682] ↓[7000, 16002] ↓[7000, 15474] ↓[7000, 14794] ↓[7000, 14192] ↓[7000, 14036] ↓[7000, 13512] ↓[7000, 13434] ↓[6000, 18986] ↓[6000, 18306] ↓[6000, 17362] ↓[6000, 17098] ↓[6000, 16418] ↓[6000, 15738] ↓[6000, 15474] ↓[6000, 14794] ↓[6000, 14716] ↓[6000, 14114] ↓[5000, 18380] ↓[5000, 17964] ↓[5000, 17284] ↓[5000, 17020] ↓[5000, 16340] ↓[5000, 16076] ↓[5000, 15396]
  Stage 2: mono=5  conc=21  optimal=False
  R_1=0.8333  worst_trip=(l1,l4,tr2,k2)
  Dispatch: s1=11754  s2=10436  saving=1318

  [layered_medium_seed3 w=100 proxy=exposure] Solving Stage 1 (limit=300s)...
  [S1 w=100 round 1] budget=299s best=None ↓62719 ↓61775 ↓61185 ↓60191 ↓59879 ↓59247 ↓58893 ↓58657 ↓57588 ↓56998 ↓56798 ↓56008 ↓55218 ↓55100 ↓54628 ↓54579 ↓54523 ↓54466 ↓54430 ↓54408 ↓54346 ↓54229 ↓53993 ↓53891 ↓53832 ↓53810 ↓53257 ↓53191 ↓53118 ↓52881 ↓52856 ↓52738 ↓52486 ↓51538 ↓50037 ↓48773 ↓48434 ↓48141 ↓47962 ↓47844 ↓47767 ↓47495 ↓47490 ↓47395 ↓47137 ↓47114 ↓46937 ↓46878 ↓46819 ↓46621 ↓46501 ↓46463 ↓46305 ↓46226 ↓46167 ↓45910 ↓45851 ↓45850 ↓45791 ↓45752 ↓45732 ↓45415 ↓44625 ↓43835 ↓43045 ↓42255 ↓41465 ↓41070 ↓40754 ↓40675 ↓40596 ↓40438 ↓40359 ↓40280 ↓40201 ↓39885 ↓39095 ↓38779 ↓38305 ↓38092 ↓37989 ↓37656 ↓37479 ↓37302 ↓37243 ↓37184 ↓36947 ↓36927 ↓36848 ↓36786 ↓36749 ↓36689 ↓36670 ↓36632 ↓36553 ↓36512 ↓36476 ↓36398 ↓36240 ↓36181 ↓36121 ↓36104 ↓36022 ↓36003 ↓35884 ↓35805 ↓35747 ↓35725 ↓35646 ↓35588 ↓35529 ↓35490 ↓35470 ↓35034 ↓34402 ↓31874 ↓31242 ↓30610 ↓29978 ↓29658 ↓29602 ↓29560 ↓29476 ↓29439 ↓29420 ↓29281 ↓29202 ↓29063 ↓28984 ↓28947 ↓28886 ↓28412 ↓28333 ↓28292 ↓28254 ↓27938 ↓27859 ↓27780 ↓27701 ↓27288 ↓27170 ↓27151 ↓27111 ↓26993 ↓26974 ↓26895 ↓26874 ↓26797 ↓26718 ↓26639 ↓26521 ↓26520 ↓26458 ↓25905 ↓25589 ↓25510 ↓25488 ↓25311 ↓25273 ↓25253 ↓25172 ↓25115 ↓24799 ↓24386 ↓24346 ↓24267 ↓24169 ↓23992 ↓23987 ↓23574 ↓23338 ↓23180 ↓23136 ↓23101 ↓22943 ↓22940 ↓22782 ↓22708 ↓22550 ↓22313 ↓22076 ↓21663 ↓21426 ↓21347 ↓21268 ↓21189 ↓21110 ↓21086 ↓21027 ↓20968 ↓20791 ↓20614 ↓20458 ↓20437 ↓20378 ↓20121 ↓20062 ↓19983 ↓19885 ↓19806 ↓19629 ↓19610 ↓18839 ↓18772 ↓18770 ↓18711 ↓18652 ↓18593 ↓18534 ↓18475 ↓18357 ↓18298 ↓18278 ↓18219 ↓18218 ↓17665 ↓17429 ↓17311 ↓17073 ↓17052 ↓16993 ↓16991 ↓16912 ↓16519 ↓16477 ↓16241 ↓16123 ↓16023 ↓16006 ↓16005 ↓15887 ↓15667 ↓15571 ↓15492 ↓15474 ↓15471 ↓15373 ↓15272 ↓15035 ↓15015 ↓14957 ↓14955 ↓14876 ↓14797 ↓14795 ↓14718 ↓14699 ↓14563 ↓14504 ↓14425 ↓14305 ↓14226 ↓14185 ↓14147 ↓14128 ↓14106 ↓14030 ↓13967 ↓13948 ↓13829 ↓13654 ↓13634 ↓13599
Stage 1: cost=13599  dominant=31  exposure=1  optimal=False
  R_TR=0.6  worst_arc=(l2,l3,tr2)

  [layered_medium_seed3 w=100 s2=off_off] Solving Stage 2 (limit=300s)... ↓[]
  Stage 2: mono=16  conc=35  optimal=False
  R_1=0.8333  worst_trip=(l2,l3,tr2,k1)
  Dispatch: s1=13499  s2=12850  saving=649

  [layered_medium_seed3 w=100 s2=both] Solving Stage 2 (limit=300s)... ↓[16000, 26950] ↓[15000, 26950] ↓[14000, 27630] ↓[13000, 28574] ↓[12000, 29518] ↓[12000, 29440] ↓[12000, 29176] ↓[11000, 30120] ↓[11000, 29440] ↓[11000, 24646] ↓[11000, 23702] ↓[11000, 23624] ↓[11000, 23022] ↓[11000, 22944] ↓[11000, 22342] ↓[10000, 28076] ↓[10000, 26794] ↓[10000, 26452] ↓[10000, 25850] ↓[10000, 25586] ↓[10000, 25508] ↓[10000, 24906] ↓[10000, 24828] ↓[10000, 24226] ↓[10000, 24148] ↓[10000, 23546] ↓[10000, 22944] ↓[10000, 22758] ↓[10000, 22156] ↓[10000, 21212] ↓[10000, 21134] ↓[10000, 20532] ↓[10000, 20454] ↓[10000, 19852] ↓[10000, 19172] ↓[10000, 18570] ↓[10000, 18492] ↓[10000, 17890] ↓[9000, 24724] ↓[9000, 23780] ↓[9000, 23702] ↓[9000, 23100] ↓[9000, 22762] ↓[9000, 22498] ↓[9000, 22156] ↓[9000, 21554] ↓[9000, 20874] ↓[9000, 20796] ↓[9000, 20194] ↓[8000, 23966] ↓[8000, 23702] ↓[8000, 23022] ↓[8000, 22758] ↓[8000, 22680] ↓[8000, 22078] ↓[8000, 21476] ↓[8000, 21398] ↓[8000, 20796] ↓[7000, 24382] ↓[7000, 24044] ↓[7000, 23364] ↓[7000, 23286] ↓[7000, 22684] ↓[7000, 22004] ↓[7000, 21740] ↓[7000, 21662] ↓[7000, 21060] ↓[7000, 20796] ↓[7000, 20718] ↓[7000, 20116] ↓[7000, 19514] ↓[7000, 19250] ↓[7000, 19172] ↓[7000, 18570] ↓[6000, 27474] ↓[6000, 26608] ↓[6000, 26530] ↓[6000, 25928] ↓[6000, 25668] ↓[6000, 24988] ↓[6000, 23438] ↓[6000, 23360] ↓[6000, 22758] ↓[6000, 22156] ↓[6000, 21554] ↓[6000, 21476] ↓[6000, 20874] ↓[6000, 20796] ↓[6000, 20194] ↓[6000, 20116] ↓[6000, 19514] ↓[6000, 19250] ↓[6000, 18912] ↓[6000, 18310] ↓[6000, 17968] ↓[5000, 24724] ↓[5000, 24304] ↓[5000, 23702] ↓[5000, 23624] ↓[5000, 23022] ↓[5000, 22944] ↓[5000, 22680] ↓[5000, 22602] ↓[5000, 22000] ↓[5000, 21398] ↓[5000, 21320] ↓[5000, 20718] ↓[5000, 20454] ↓[5000, 20376] ↓[5000, 19774] ↓[5000, 19696] ↓[5000, 19094] ↓[5000, 18830] ↓[4000, 26530] ↓[4000, 26006] ↓[4000, 25404] ↓[4000, 24724] ↓[4000, 24646] ↓[4000, 24044] ↓[4000, 23780] ↓[4000, 23702] ↓[4000, 23100] ↓[4000, 22758] ↓[4000, 22156] ↓[4000, 22078] ↓[4000, 21476] ↓[4000, 21398] ↓[4000, 20796] ↓[4000, 20718] ↓[4000, 20116] ↓[4000, 20038] ↓[4000, 19436] ↓[4000, 19172] ↓[4000, 19094] ↓[4000, 18492] ↓[3000, 24724] ↓[3000, 24196] ↓[3000, 23516] ↓[3000, 22836] ↓[3000, 22758] ↓[3000, 22156] ↓[3000, 21476] ↓[3000, 21398] ↓[3000, 20796] ↓[3000, 20454] ↓[3000, 19852] ↓[3000, 19436] ↓[3000, 19172] ↓[2000, 28080] ↓[2000, 26608] ↓[2000, 25664] ↓[2000, 24984] ↓[2000, 24910] ↓[2000, 24308] ↓[2000, 24230] ↓[2000, 23628] ↓[2000, 23364] ↓[2000, 23286] ↓[2000, 22684] ↓[2000, 22420] ↓[2000, 22342] ↓[2000, 21740] ↓[2000, 21662] ↓[2000, 21060] ↓[2000, 20718] ↓[2000, 20116]
  Stage 2: mono=2  conc=26  optimal=False
  R_1=0.8333  worst_trip=(l4,l5,tr2,k1)
  Dispatch: s1=13499  s2=13204  saving=295

  [layered_medium_seed3 w=150 proxy=exposure] Solving Stage 1 (limit=300s)...
  [S1 w=150 round 1] budget=299s best=None ↓62969 ↓62025 ↓61435 ↓60441 ↓60129 ↓59497 ↓59143 ↓58907 ↓57838 ↓57248 ↓57048 ↓56258 ↓55468 ↓55350 ↓54878 ↓54862 ↓54668 ↓54613 ↓54200 ↓53876 ↓53824 ↓53765 ↓53615 ↓53465 ↓53446 ↓53367 ↓53288 ↓52814 ↓52754 ↓52716 ↓52696 ↓52669 ↓52609 ↓52554 ↓52550 ↓52538 ↓52479 ↓52432 ↓49667 ↓49114 ↓48008 ↓47455 ↓46902 ↓46349 ↓45796 ↓45243 ↓44690 ↓44137 ↓43584 ↓43547 ↓43429 ↓43311 ↓43193 ↓43154 ↓43075 ↓43035 ↓42956 ↓42877 ↓42798 ↓42719 ↓42640 ↓42601 ↓42522 ↓42463 ↓42109 ↓41755 ↓41401 ↓40693 ↓39631 ↓39277 ↓39242 ↓39043 ↓39032 ↓38914 ↓38808 ↓38648 ↓38261 ↓38103 ↓37945 ↓37787 ↓36997 ↓36918 ↓36885 ↓36724 ↓36606 ↓36489 ↓36371 ↓35857 ↓35778 ↓35673 ↓35402 ↓35343 ↓35306 ↓35188 ↓35166 ↓34753 ↓34635 ↓34595 ↓34554 ↓34377 ↓34360 ↓34301 ↓34259 ↓34200 ↓34163 ↓34119 ↓34086 ↓33968 ↓33909 ↓33850 ↓33841 ↓33782 ↓33769 ↓33737 ↓33688 ↓33551 ↓33393 ↓33248 ↓33157 ↓33149 ↓32999 ↓32970 ↓32264 ↓31632 ↓31158 ↓31079 ↓30605 ↓30455 ↓30396 ↓29823 ↓27927 ↓27907 ↓27749 ↓27690 ↓27412 ↓27117 ↓26643 ↓26583 ↓26506 ↓26346 ↓25872 ↓25845 ↓25695 ↓25577 ↓25400 ↓25240 ↓25183 ↓25105 ↓25028 ↓24928 ↓24849 ↓24790 ↓24780 ↓24595 ↓24542 ↓24463 ↓24444 ↓24365 ↓24247 ↓24087 ↓23733 ↓23725 ↓23607 ↓23548 ↓23489 ↓23430 ↓23312 ↓23253 ↓23194 ↓23135 ↓22958 ↓22781 ↓22427 ↓22408 ↓21957 ↓21837 ↓21660 ↓21537 ↓21379 ↓21183 ↓21006 ↓20905 ↓20728 ↓20551 ↓20374 ↓19919 ↓19437 ↓19110 ↓19024 ↓18729 ↓18097 ↓18036 ↓17800 ↓17743 ↓17704 ↓17701 ↓17663 ↓17655 ↓17643 ↓17466 ↓17438 ↓17288 ↓17268 ↓17199 ↓17140 ↓16904 ↓16847 ↓16813 ↓16668 ↓16635 ↓16570 ↓16420 ↓16393 ↓16341 ↓16300 ↓16262 ↓16104 ↓15946 ↓15887 ↓15828 ↓15474 ↓15324 ↓15322 ↓15283 ↓15246 ↓15162 ↓15004 ↓14927 ↓14860 ↓14710 ↓14651 ↓14648 ↓14589 ↓14579 ↓14520 ↓14498 ↓14338 ↓14328 ↓14075 ↓13974 ↓13915 ↓13797 ↓13679 ↓13620 ↓13503 ↓13383 ↓13207 ↓13154 ↓13128 ↓12978 ↓12951 ↓12893 ↓12834 ↓12788 ↓12782 ↓12723 ↓12684 ↓12468 ↓12409 ↓12173 ↓12114 ↓11996 ↓11937 ↓11878 ↓11852 ↓11761 ↓11498 ↓11476 ↓11320 ↓11083 ↓10968 ↓10731 ↓10713 ↓10654 ↓10613 ↓10554 ↓10455 ↓10305 ↓10060 ↓10010 ↓9989 ↓9930 ↓9851 ↓9674 ↓9615 ↓9439
Stage 1: cost=9439  dominant=32  exposure=1  optimal=False
  R_TR=0.6333  worst_arc=(l2,l6,tr2)

  [layered_medium_seed3 w=150 s2=off_off] Solving Stage 2 (limit=300s)... ↓[]
  Stage 2: mono=15  conc=25  optimal=False
  R_1=0.8333  worst_trip=(l1,l4,tr2,k3)
  Dispatch: s1=9289  s2=8758  saving=531

  [layered_medium_seed3 w=150 s2=both] Solving Stage 2 (limit=300s)... ↓[15000, 18938] ↓[14000, 20220] ↓[14000, 19540] ↓[13000, 20220] ↓[13000, 19540] ↓[12000, 20484] ↓[11000, 21086] ↓[10000, 21766] ↓[9000, 23390] ↓[9000, 17310] ↓[9000, 16708] ↓[9000, 16630] ↓[9000, 16028] ↓[8000, 16630] ↓[8000, 16444] ↓[8000, 16366] ↓[8000, 15764] ↓[8000, 15686] ↓[8000, 15426] ↓[8000, 15162] ↓[8000, 14482] ↓[8000, 14218] ↓[7000, 16708] ↓[7000, 16366] ↓[7000, 15764] ↓[7000, 15686] ↓[7000, 15084] ↓[7000, 14742] ↓[7000, 14482] ↓[7000, 14140] ↓[6000, 18518] ↓[6000, 17916] ↓[6000, 17314] ↓[6000, 17236] ↓[6000, 16634] ↓[6000, 16292] ↓[6000, 15690] ↓[6000, 15088] ↓[6000, 14824] ↓[5000, 22784] ↓[5000, 22104] ↓[5000, 21160] ↓[5000, 20480] ↓[5000, 20216] ↓[5000, 18670] ↓[5000, 18068] ↓[5000, 17726] ↓[5000, 17124] ↓[5000, 17046] ↓[5000, 16444] ↓[5000, 15842] ↓[4000, 19614] ↓[4000, 19458] ↓[4000, 19272] ↓[4000, 18592] ↓[4000, 18328] ↓[4000, 17648] ↓[4000, 17384] ↓[4000, 16704] ↓[4000, 16366] ↓[4000, 16024] ↓[4000, 15422] ↓[3000, 19276] ↓[3000, 19090] ↓[3000, 18410] ↓[3000, 18146] ↓[3000, 18068] ↓[3000, 17466] ↓[3000, 17124] ↓[3000, 16522] ↓[3000, 16444] ↓[3000, 15842] ↓[3000, 15578] ↓[3000, 15500] ↓[3000, 15422] ↓[2000, 21840] ↓[2000, 21502] ↓[2000, 19276] ↓[2000, 18934] ↓[2000, 18596] ↓[2000, 18332] ↓[2000, 18254] ↓[2000, 18068] ↓[2000, 17990] ↓[2000, 17652] ↓[2000, 17388] ↓[2000, 17310] ↓[2000, 17124] ↓[2000, 17046] ↓[2000, 16444] ↓[2000, 16366]
  Stage 2: mono=2  conc=23  optimal=False
  R_1=0.8333  worst_trip=(l3,l7,tr2,k2)
  Dispatch: s1=9289  s2=8640  saving=649

  [layered_medium_seed3 w=200 proxy=exposure] Solving Stage 1 (limit=300s)...
  [S1 w=200 round 1] budget=299s best=None ↓63219 ↓62275 ↓61685 ↓60691 ↓60379 ↓59747 ↓59393 ↓59157 ↓58088 ↓57498 ↓57298 ↓56508 ↓55718 ↓55600 ↓55128 ↓55092 ↓55085 ↓55065 ↓55006 ↓55004 ↓54985 ↓54906 ↓54552 ↓54375 ↓54355 ↓54121 ↓53847 ↓53808 ↓53410 ↓53403 ↓53366 ↓53324 ↓53027 ↓52850 ↓52810 ↓52751 ↓52692 ↓52456 ↓52279 ↓52102 ↓52023 ↓51669 ↓51514 ↓51315 ↓50961 ↓50607 ↓50489 ↓50371 ↓50332 ↓41484 ↓40852 ↓40810 ↓40574 ↓40338 ↓40102 ↓39866 ↓39829 ↓39750 ↓39630 ↓39276 ↓38334 ↓37862 ↓37390 ↓36446 ↓35974 ↓35030 ↓34558 ↓34086 ↓33614 ↓33142 ↓32909 ↓32906 ↓32828 ↓32749 ↓32514 ↓32356 ↓32042 ↓32022 ↓31943 ↓31750 ↓31550 ↓31373 ↓31314 ↓31216 ↓31105 ↓28745 ↓28273 ↓27801 ↓27329 ↓26857 ↓25913 ↓25441 ↓24497 ↓24025 ↓23553 ↓23435 ↓23316 ↓22844 ↓22291 ↓21347 ↓21229 ↓21170 ↓21111 ↓20993 ↓20934 ↓20875 ↓20816 ↓20737 ↓20639 ↓20560 ↓20167 ↓20088 ↓19911 ↓19832 ↓19753 ↓18647 ↓16988 ↓16435 ↓16356 ↓16354 ↓16236 ↓16059 ↓15764 ↓15608 ↓15587 ↓15541 ↓15507 ↓15468 ↓15389 ↓15310 ↓15073 ↓14362 ↓14343 ↓14264 ↓14185 ↓14165 ↓13871 ↓13792 ↓13772 ↓13690 ↓13631 ↓13610 ↓13470 ↓13411 ↓13352 ↓13293 ↓13094 ↓12917 ↓12858 ↓12841 ↓12681 ↓12644 ↓12621 ↓12606 ↓12540 ↓12466 ↓12449 ↓12390 ↓12309 ↓12213 ↓12073 ↓11837 ↓11796 ↓11678 ↓11539 ↓11443 ↓11399 ↓11320 ↓11280 ↓11241 ↓11103 ↓11044 ↓10965 ↓10867 ↓10788 ↓10674 ↓10551
Stage 1: cost=10551  dominant=33  exposure=1  optimal=False
  R_TR=0.5667  worst_arc=(l1,l4,tr2)

  [layered_medium_seed3 w=200 s2=off_off] Solving Stage 2 (limit=300s)... ↓[]
  Stage 2: mono=12  conc=30  optimal=False
  R_1=0.8333  worst_trip=(l4,l6,tr2,k3)
  Dispatch: s1=10351  s2=9269  saving=1082

  [layered_medium_seed3 w=200 s2=both] Solving Stage 2 (limit=300s)... ↓[11000, 21390] ↓[10000, 20710] ↓[9000, 22070] ↓[9000, 21390] ↓[9000, 20788] ↓[9000, 18220] ↓[9000, 17540] ↓[9000, 16938] ↓[9000, 16860] ↓[9000, 16258] ↓[8000, 18744] ↓[8000, 18146] ↓[8000, 18068] ↓[8000, 17466] ↓[8000, 16864] ↓[8000, 16522] ↓[8000, 15920] ↓[8000, 15578] ↓[8000, 14976] ↓[7000, 15392] ↓[7000, 13166] ↓[6000, 13846] ↓[6000, 13166] ↓[5000, 15994] ↓[5000, 15392] ↓[5000, 14712] ↓[4000, 14712] ↓[4000, 14634] ↓[4000, 14292] ↓[4000, 14032] ↓[4000, 13690] ↓[4000, 13508] ↓[3000, 15734] ↓[3000, 14712] ↓[3000, 14110] ↓[3000, 13772] ↓[3000, 13430] ↓[2000, 18562] ↓[2000, 18220] ↓[2000, 16336] ↓[2000, 15656] ↓[2000, 15314] ↓[2000, 15054] ↓[2000, 14976] ↓[2000, 14374] ↓[2000, 14032] ↓[1000, 19580] ↓[1000, 19502] ↓[1000, 18900] ↓[1000, 18220] ↓[1000, 17878] ↓[1000, 17276] ↓[1000, 16596] ↓[1000, 15916] ↓[1000, 15314] ↓[1000, 14712]
  Stage 2: mono=1  conc=21  optimal=False
  R_1=0.8667  worst_trip=(l1,l4,tr2,k2)
  Dispatch: s1=10351  s2=9741  saving=610

  [layered_medium_seed3 w=250 proxy=exposure] Solving Stage 1 (limit=300s)...
  [S1 w=250 round 1] budget=299s best=None ↓63469 ↓62525 ↓61935 ↓60941 ↓60629 ↓59997 ↓59643 ↓59407 ↓58338 ↓57748 ↓57548 ↓56758 ↓55968 ↓55850 ↓55378 ↓55357 ↓55319 ↓55231 ↓55217 ↓55149 ↓55088 ↓54991 ↓54852 ↓54773 ↓54733 ↓54672 ↓54633 ↓54615 ↓54536 ↓54497 ↓54440 ↓54419 ↓54263 ↓54203 ↓54122 ↓53945 ↓53650 ↓53473 ↓53391 ↓53274 ↓53097 ↓53078 ↓52999 ↓52858 ↓52623 ↓52604 ↓52525 ↓52171 ↓51893 ↓51874 ↓51795 ↓51758 ↓51738 ↓51737 ↓51501 ↓51184 ↓50948 ↓50889 ↓50830 ↓50771 ↓50712 ↓50608 ↓50535 ↓50358 ↓50339 ↓50181 ↓49926 ↓49768 ↓49414 ↓49395 ↓49296 ↓49277 ↓49198 ↓46907 ↓46117 ↓45327 ↓44537 ↓43747 ↓42957 ↓42167 ↓41377 ↓40587 ↓40528 ↓40469 ↓40351 ↓40292 ↓40233 ↓40115 ↓40056 ↓39997 ↓39820 ↓39761 ↓37427 ↓37368 ↓37250 ↓37191 ↓37073 ↓37014 ↓36896 ↓36837 ↓36778 ↓36660 ↓36601 ↓36522 ↓36443 ↓35732 ↓35574 ↓35337 ↓35295 ↓35133 ↓35058 ↓35057 ↓34978 ↓34820 ↓34760 ↓33812 ↓33338 ↓32864 ↓32390 ↓31916 ↓31442 ↓30968 ↓30020 ↓29625 ↓29230 ↓28835 ↓28045 ↓27650 ↓27255 ↓24490 ↓24313 ↓23959 ↓23782 ↓23723 ↓23664 ↓23529 ↓23335 ↓23199 ↓23125 ↓23077 ↓23027 ↓22791 ↓22496 ↓22260 ↓22024 ↓21918 ↓21506 ↓21270 ↓20975 ↓20957 ↓20939 ↓20880 ↓20803 ↓20526 ↓20465 ↓20406 ↓20347 ↓20306 ↓20033 ↓20011 ↓19952 ↓19775 ↓19657 ↓19480 ↓19478 ↓19419 ↓19240 ↓19122 ↓19081 ↓18594 ↓18592 ↓18552 ↓18474 ↓18473 ↓18237 ↓18119 ↓17959 ↓17917 ↓17858 ↓17855 ↓17678 ↓16215 ↓16156 ↓16058 ↓15881 ↓15704 ↓15586 ↓15454 ↓15388 ↓15373 ↓15257 ↓15138 ↓15098 ↓15019 ↓14901 ↓14842 ↓14429 ↓14427 ↓14370 ↓14233 ↓14193 ↓14134 ↓14075 ↓13898 ↓13857 ↓13838 ↓13680 ↓13601 ↓13522 ↓13502 ↓13483
Stage 1: cost=13483  dominant=31  exposure=2  optimal=False
  R_TR=0.6  worst_arc=(l1,l4,tr2)

  [layered_medium_seed3 w=250 s2=off_off] Solving Stage 2 (limit=300s)... ↓[]
  Stage 2: mono=10  conc=24  optimal=False
  R_1=0.8667  worst_trip=(l1,l4,tr2,k6)
  Dispatch: s1=12983  s2=12806  saving=177

  [layered_medium_seed3 w=250 s2=both] Solving Stage 2 (limit=300s)... ↓[19000, 16306] ↓[19000, 15626] ↓[17000, 15626] ↓[16000, 15626] ↓[15000, 16306] ↓[15000, 15704] ↓[14000, 16908] ↓[14000, 16306] ↓[12000, 17852] ↓[12000, 17250] ↓[12000, 17172] ↓[12000, 16570] ↓[11000, 15630] ↓[10000, 15630] ↓[9000, 15630] ↓[8000, 16310] ↓[8000, 15630] ↓[8000, 15102] ↓[7000, 16306] ↓[7000, 16046] ↓[7000, 15704] ↓[7000, 15102] ↓[7000, 15024] ↓[7000, 14686] ↓[7000, 14422] ↓[7000, 14344] ↓[7000, 13742] ↓[7000, 13556] ↓[7000, 13478] ↓[7000, 12876] ↓[7000, 12798] ↓[7000, 12196] ↓[6000, 15366] ↓[6000, 14764] ↓[6000, 14686] ↓[6000, 14084] ↓[6000, 13742] ↓[6000, 13140] ↓[5000, 14764] ↓[5000, 14500] ↓[5000, 14422] ↓[5000, 13820] ↓[5000, 13742] ↓[5000, 13478] ↓[5000, 12798] ↓[4000, 15782] ↓[4000, 15180] ↓[4000, 14500] ↓[4000, 13820] ↓[3000, 16648] ↓[3000, 16306] ↓[3000, 15704] ↓[3000, 15626] ↓[3000, 15024] ↓[3000, 14946] ↓[3000, 14422] ↓[3000, 14344]
  Stage 2: mono=3  conc=20  optimal=False
  R_1=0.8667  worst_trip=(l1,l4,tr2,k1)
  Dispatch: s1=12983  s2=12629  saving=354

  [layered_medium_seed3 w=300 proxy=exposure] Solving Stage 1 (limit=300s)...
  [S1 w=300 round 1] budget=299s best=None ↓63719 ↓62775 ↓62185 ↓61191 ↓60879 ↓60247 ↓59893 ↓59657 ↓58588 ↓57998 ↓57798 ↓57008 ↓56218 ↓56100 ↓55628 ↓55623 ↓55544 ↓55506 ↓55447 ↓55404 ↓54873 ↓54563 ↓54541 ↓54443 ↓54364 ↓54307 ↓54149 ↓54031 ↓53974 ↓53914 ↓53835 ↓53776 ↓53618 ↓53559 ↓53065 ↓52992 ↓52987 ↓52829 ↓52412 ↓51938 ↓51936 ↓51700 ↓51639 ↓51526 ↓51462 ↓51448 ↓50988 ↓50931 ↓50872 ↓50636 ↓50577 ↓50518 ↓50459 ↓50341 ↓50322 ↓50164 ↓50046 ↓50028 ↓49949 ↓49870 ↓49791 ↓49712 ↓49673 ↓49633 ↓49614 ↓49535 ↓49396 ↓49238 ↓49198 ↓47816 ↓47656 ↓47336 ↓46864 ↓45600 ↓45541 ↓45187 ↓45010 ↓44833 ↓44656 ↓44636 ↓44538 ↓44479 ↓44400 ↓44378 ↓44201 ↓44144 ↓43967 ↓43928 ↓43625 ↓43549 ↓43530 ↓43451 ↓43429 ↓43252 ↓43210 ↓43193 ↓43134 ↓43055 ↓43016 ↓42937 ↓42856 ↓42799 ↓42546 ↓42369 ↓42310 ↓42291 ↓42212 ↓42171 ↓41994 ↓41917 ↓41838 ↓38678 ↓38046 ↓37414 ↓36782 ↓36150 ↓36049 ↓35818 ↓35695 ↓35537 ↓35518 ↓35439 ↓35265 ↓35260 ↓34748 ↓33798 ↓32559 ↓32087 ↓31615 ↓31143 ↓30435 ↓30258 ↓30081 ↓29904 ↓29727 ↓28783 ↓28665 ↓28488 ↓28463 ↓28384 ↓27440 ↓27322 ↓27145 ↓26968 ↓26791 ↓26409 ↓26332 ↓25937 ↓25871 ↓25397 ↓25160 ↓25002 ↓24765 ↓24686 ↓24647 ↓24568 ↓24528 ↓24410 ↓24133 ↓24092 ↓23892 ↓23420 ↓23183 ↓22788 ↓22393 ↓22210 ↓22033 ↓21856 ↓21502 ↓21325 ↓21148 ↓20595 ↓20573 ↓20396 ↓20219 ↓20042 ↓19865 ↓19410 ↓19402 ↓18930 ↓18905 ↓18711 ↓18694 ↓18532 ↓18370 ↓18235 ↓17898 ↓17880 ↓17876 ↓17775 ↓17617 ↓17478 ↓17443 ↓17440 ↓17045 ↓16968 ↓16868 ↓16791 ↓16319 ↓15687 ↓15645 ↓15527 ↓15468 ↓15409 ↓15291 ↓15232 ↓15173 ↓15114 ↓15055 ↓14918 ↓14859 ↓14835 ↓14817 ↓14802 ↓14782 ↓14743 ↓14664 ↓14546 ↓14428 ↓14310 ↓14288 ↓13934 ↓13915 ↓13638 ↓13579 ↓13559 ↓13548 ↓13390 ↓13256 ↓13249 ↓13170 ↓13147 ↓13128 ↓13110 ↓12993 ↓12933 ↓12579 ↓12461 ↓12343 ↓12225 ↓12166 ↓12146 ↓11931 ↓11911 ↓11775 ↓11735 ↓11711 ↓11633 ↓11632 ↓11573 ↓11494 ↓11474 ↓11221 ↓10921 ↓10847 ↓10840 ↓10793 ↓10787 ↓10786
Stage 1: cost=10786  dominant=31  exposure=0  optimal=False
  R_TR=0.6667  worst_arc=(l2,l3,tr2)

  [layered_medium_seed3 w=300 s2=off_off] Solving Stage 2 (limit=300s)... ↓[]
  Stage 2: mono=14  conc=35  optimal=False
  R_1=0.8333  worst_trip=(l2,l6,tr2,k4)
  Dispatch: s1=10786  s2=10628  saving=158

  [layered_medium_seed3 w=300 s2=both] Solving Stage 2 (limit=300s)... ↓[17000, 25464] ↓[14000, 23654] ↓[13000, 23654] ↓[13000, 23052] ↓[12000, 23654] ↓[12000, 20900] ↓[12000, 20220] ↓[11000, 22788] ↓[11000, 21242] ↓[11000, 20298] ↓[11000, 19618] ↓[11000, 18938] ↓[11000, 18600] ↓[10000, 20562] ↓[10000, 20298] ↓[10000, 20146] ↓[10000, 19544] ↓[10000, 19202] ↓[10000, 18600] ↓[10000, 18336] ↓[9000, 20826] ↓[9000, 20224] ↓[9000, 19960] ↓[9000, 19280] ↓[9000, 19016] ↓[9000, 18938] ↓[8000, 20826] ↓[8000, 19882] ↓[8000, 19618] ↓[8000, 19280] ↓[8000, 18600] ↓[8000, 18258] ↓[8000, 18180] ↓[7000, 19804] ↓[7000, 19466] ↓[7000, 18522] ↓[7000, 17994] ↓[7000, 17314] ↓[7000, 16976] ↓[6000, 19544] ↓[6000, 19466] ↓[6000, 18864] ↓[6000, 18522] ↓[6000, 17920] ↓[6000, 17916] ↓[6000, 17314] ↓[6000, 16976] ↓[5000, 21350] ↓[5000, 20748] ↓[5000, 19804] ↓[5000, 19462] ↓[5000, 18860] ↓[5000, 18522] ↓[5000, 17578] ↓[4000, 21692] ↓[4000, 21350] ↓[4000, 20748] ↓[4000, 20670] ↓[4000, 20068] ↓[4000, 19276] ↓[4000, 18938] ↓[4000, 18596] ↓[4000, 18258] ↓[3000, 22632] ↓[3000, 22030] ↓[3000, 21428] ↓[3000, 20558] ↓[3000, 19956] ↓[3000, 19882] ↓[3000, 19276] ↓[3000, 18938] ↓[3000, 18860]
  Stage 2: mono=3  conc=25  optimal=False
  R_1=0.8333  worst_trip=(l1,l8,tr2,k1)
  Dispatch: s1=10786  s2=9782  saving=1004

  [layered_medium_seed3 w=350 proxy=exposure] Solving Stage 1 (limit=300s)...
  [S1 w=350 round 1] budget=299s best=None ↓63969 ↓63025 ↓62435 ↓61441 ↓61129 ↓60497 ↓60143 ↓59907 ↓58838 ↓58248 ↓58048 ↓57258 ↓56468 ↓56350 ↓55878 ↓55867 ↓55808 ↓55786 ↓55749 ↓55582 ↓55160 ↓54985 ↓54748 ↓52388 ↓52151 ↓50971 ↓49791 ↓49754 ↓49753 ↓49697 ↓49583 ↓49581 ↓49482 ↓49438 ↓49144 ↓48727 ↓48490 ↓48445 ↓48174 ↓48148 ↓48034 ↓47997 ↓47896 ↓47794 ↓47739 ↓47715 ↓47680 ↓47576 ↓47512 ↓47241 ↓47162 ↓47048 ↓46801 ↓46767 ↓46564 ↓46530 ↓46248 ↓46134 ↓45919 ↓45300 ↓44769 ↓44764 ↓44587 ↓44545 ↓44525 ↓44506 ↓44486 ↓44345 ↓44286 ↓44268 ↓44208 ↓44167 ↓44086 ↓43555 ↓43319 ↓43260 ↓43221 ↓43142 ↓43123 ↓43046 ↓42890 ↓42864 ↓42687 ↓42333 ↓39963 ↓39601 ↓38183 ↓37393 ↓37392 ↓37156 ↓37134 ↓37057 ↓36603 ↓36526 ↓36485 ↓35221 ↓34589 ↓32061 ↓31429 ↓30797 ↓30165 ↓29533 ↓25816 ↓25285 ↓24754 ↓24223 ↓24046 ↓23810 ↓23692 ↓23574 ↓23220 ↓22430 ↓22351 ↓22272 ↓22252 ↓22212 ↓22188 ↓22152 ↓22093 ↓22021 ↓21976 ↓21957 ↓21878 ↓21720 ↓21562 ↓21483 ↓21404 ↓21043 ↓20772 ↓20750 ↓20736 ↓20500 ↓20494 ↓20455 ↓20403 ↓20342 ↓20281 ↓20269 ↓20251 ↓20192 ↓20032 ↓19914 ↓19857 ↓19855 ↓19678 ↓19501 ↓19483 ↓19442 ↓19323 ↓19264 ↓19206 ↓19166 ↓19087 ↓18973 ↓18948 ↓18939 ↓18636 ↓18552 ↓18515 ↓18278 ↓17984 ↓17925 ↓17846 ↓17767 ↓17706 ↓17496 ↓17417 ↓16943 ↓16864 ↓16828 ↓16804 ↓16705 ↓16690 ↓16631 ↓16513 ↓16472 ↓16389 ↓16035 ↓15917 ↓15681 ↓15563 ↓15445 ↓15327 ↓15091 ↓15089 ↓14931 ↓14653 ↓14535 ↓14417 ↓14415 ↓14336 ↓13864 ↓13825 ↓13412 ↓13333 ↓13294 ↓13254 ↓13195 ↓13116 ↓13078 ↓13021 ↓12961 ↓12958 ↓12938 ↓12820 ↓12800 ↓12741 ↓12641 ↓12613 ↓12516 ↓11963 ↓11888 ↓11809 ↓11806 ↓11804 ↓11765 ↓11492 ↓11470 ↓11411 ↓11253 ↓11194 ↓11193 ↓11075 ↓11055 ↓11040 ↓10905 ↓10826 ↓10707 ↓10665 ↓10547 ↓10512 ↓10117 ↓10078 ↓10058 ↓9999 ↓9882 ↓9784 ↓9469 ↓9410 ↓9408 ↓9388 ↓9329 ↓9309 ↓9191
Stage 1: cost=9191  dominant=31  exposure=0  optimal=False
  R_TR=0.6667  worst_arc=(l2,l3,tr2)

  [layered_medium_seed3 w=350 s2=off_off] Solving Stage 2 (limit=300s)... ↓[]
  Stage 2: mono=17  conc=25  optimal=False
  R_1=0.8333  worst_trip=(l1,l4,tr2,k2)
  Dispatch: s1=9191  s2=9132  saving=59

  [layered_medium_seed3 w=350 s2=both] Solving Stage 2 (limit=300s)... ↓[17000, 18068] ↓[16000, 18068] ↓[16000, 17124] ↓[15000, 17124] ↓[14000, 18068] ↓[14000, 17124] ↓[13000, 18068] ↓[13000, 17124] ↓[12000, 19012] ↓[12000, 17124] ↓[12000, 16180] ↓[11000, 17124] ↓[11000, 16180] ↓[11000, 15504] ↓[11000, 14560] ↓[10000, 15504] ↓[10000, 14898] ↓[10000, 14820] ↓[9000, 13538] ↓[8000, 15162] ↓[8000, 14218] ↓[7000, 14898] ↓[7000, 14820] ↓[7000, 13880] ↓[7000, 13278] ↓[6000, 14218] ↓[5000, 14218] ↓[5000, 13538] ↓[4000, 15084] ↓[4000, 14404] ↓[4000, 13802] ↓[4000, 13460] ↓[4000, 12516] ↓[4000, 11914] ↓[4000, 11312] ↓[4000, 10710] ↓[3000, 13538] ↓[3000, 12334] ↓[3000, 11992] ↓[3000, 11390] ↓[2000, 15920] ↓[2000, 14742] ↓[2000, 13798] ↓[2000, 13720] ↓[2000, 13118] ↓[2000, 12516] ↓[2000, 11914] ↓[1000, 14820] ↓[1000, 14218] ↓[1000, 13616] ↓[1000, 12858] ↓[1000, 11914] ↓[0, 14898] ↓[0, 12594] ↓[0, 11992]
  Stage 2: mono=0  conc=17  optimal=False
  R_1=0.8667  worst_trip=(l2,l3,tr2,k5)
  Dispatch: s1=9191  s2=8129  saving=1062

  [layered_medium_seed3 w=400 proxy=exposure] Solving Stage 1 (limit=300s)...
  [S1 w=400 round 1] budget=299s best=None ↓64219 ↓63275 ↓62685 ↓61691 ↓61379 ↓60747 ↓60393 ↓60157 ↓59088 ↓58498 ↓58298 ↓57508 ↓56718 ↓56600 ↓56128 ↓56118 ↓56100 ↓56021 ↓55936 ↓55889 ↓55810 ↓55778 ↓55625 ↓55271 ↓55157 ↓54919 ↓54814 ↓54340 ↓54338 ↓54336 ↓54296 ↓54277 ↓54158 ↓53981 ↓53747 ↓53627 ↓53608 ↓53273 ↓53214 ↓53155 ↓52978 ↓52919 ↓52860 ↓52742 ↓52683 ↓52624 ↓52582 ↓52543 ↓52523 ↓52484 ↓52425 ↓52349 ↓52248 ↓52228 ↓51697 ↓50635 ↓50458 ↓49927 ↓49750 ↓49219 ↓49042 ↓48983 ↓48924 ↓48865 ↓48806 ↓48629 ↓48452 ↓48392 ↓48313 ↓47760 ↓47681 ↓47128 ↓47049 ↓46951 ↓46872 ↓46518 ↓46341 ↓46282 ↓46234 ↓46098 ↓45958 ↓45724 ↓45324 ↓45245 ↓44852 ↓44536 ↓44534 ↓44455 ↓44417 ↓44101 ↓43627 ↓43339 ↓43162 ↓42985 ↓42511 ↓42432 ↓41879 ↓41326 ↓40852 ↓40839 ↓40485 ↓40308 ↓39954 ↓39777 ↓39600 ↓39581 ↓39483 ↓39028 ↓39009 ↓38554 ↓38475 ↓38080 ↓38001 ↓37903 ↓37884 ↓37865 ↓37786 ↓37726 ↓37647 ↓37489 ↓37257 ↓36921 ↓36816 ↓34841 ↓33735 ↓33103 ↓32866 ↓32689 ↓32136 ↓31820 ↓31583 ↓31524 ↓31050 ↓30932 ↓27633 ↓26843 ↓24473 ↓23683 ↓22893 ↓22656 ↓22634 ↓22575 ↓22516 ↓22360 ↓22337 ↓22300 ↓22142 ↓22083 ↓22063 ↓22005 ↓22004 ↓21965 ↓21960 ↓21901 ↓21842 ↓21803 ↓21618 ↓21289 ↓21131 ↓21112 ↓20954 ↓20934 ↓20874 ↓20815 ↓20776 ↓20756 ↓20697 ↓20479 ↓20420 ↓20341 ↓19788 ↓19709 ↓19650 ↓19465 ↓19413 ↓19250 ↓19194 ↓19137 ↓19135 ↓19017 ↓18857 ↓18840 ↓18761 ↓18603 ↓18543 ↓18522 ↓18466 ↓18454 ↓18422 ↓18367 ↓18305 ↓18263 ↓18204 ↓18200 ↓18023 ↓17905 ↓17728 ↓17256 ↓16902 ↓16843 ↓16502 ↓16423 ↓16364 ↓16344 ↓16167 ↓15971 ↓15892 ↓15872 ↓15870 ↓15657 ↓15558 ↓15499 ↓15281 ↓15181 ↓15102 ↓15058 ↓15017 ↓15015 ↓15004 ↓14984 ↓14948 ↓14928 ↓14906 ↓14849 ↓14830 ↓14731 ↓14716 ↓14316 ↓14282 ↓13928 ↓13882 ↓13847 ↓13807 ↓13767 ↓13649 ↓13628 ↓13550 ↓13365 ↓13245 ↓13234 ↓13193 ↓13185 ↓13067 ↓13064 ↓12946 ↓12869 ↓12846 ↓12769 ↓12751 ↓12710 ↓12474 ↓12434 ↓12429 ↓12389 ↓12370 ↓12271 ↓12251 ↓12212 ↓12174 ↓12130 ↓12071 ↓12014 ↓11955 ↓11954 ↓11895 ↓11801 ↓11742 ↓11401 ↓11342 ↓11340 ↓11338 ↓11283 ↓11164 ↓11125 ↓11067 ↓10949 ↓10947 ↓10945 ↓10888 ↓10771 ↓10595 ↓10591 ↓10549
Stage 1: cost=10549  dominant=32  exposure=0  optimal=False
  R_TR=0.6667  worst_arc=(l2,l3,tr2)

  [layered_medium_seed3 w=400 s2=off_off] Solving Stage 2 (limit=300s)... ↓[]
  Stage 2: mono=16  conc=26  optimal=False
  R_1=0.8333  worst_trip=(l1,l4,tr2,k2)
  Dispatch: s1=10549  s2=9841  saving=708

  [layered_medium_seed3 w=400 s2=both] Solving Stage 2 (limit=300s)... ↓[15000, 22334] ↓[15000, 21390] ↓[15000, 20710] ↓[15000, 20030] ↓[15000, 19086] ↓[14000, 19086] ↓[14000, 17310] ↓[14000, 16366] ↓[14000, 15686] ↓[14000, 15006] ↓[13000, 16972] ↓[13000, 16028] ↓[13000, 15348] ↓[13000, 15084] ↓[13000, 14404] ↓[12000, 18514] ↓[12000, 16708] ↓[12000, 16366] ↓[12000, 15764] ↓[12000, 15686] ↓[12000, 15084] ↓[12000, 15006] ↓[12000, 14404] ↓[11000, 14482] ↓[10000, 14482] ↓[10000, 13880] ↓[9000, 13880] ↓[8000, 14482] ↓[8000, 14140] ↓[8000, 13538] ↓[8000, 12936] ↓[8000, 12858] ↓[8000, 12256] ↓[8000, 11914] ↓[7000, 14140] ↓[7000, 13538] ↓[7000, 13460] ↓[7000, 12858] ↓[7000, 12594] ↓[7000, 12516] ↓[7000, 11914] ↓[6000, 14560] ↓[6000, 13958] ↓[6000, 13278] ↓[6000, 12936] ↓[6000, 12256] ↓[5000, 14218] ↓[5000, 13616] ↓[5000, 13538] ↓[5000, 12936] ↓[5000, 12858] ↓[4000, 14898] ↓[4000, 14296] ↓[4000, 13616] ↓[4000, 13352] ↓[4000, 12672] ↓[3000, 16864] ↓[3000, 15842] ↓[3000, 14898] ↓[3000, 14218] ↓[3000, 13616]
  Stage 2: mono=3  conc=19  optimal=False
  R_1=0.8667  worst_trip=(l1,l8,tr2,k4)
  Dispatch: s1=10549  s2=10018  saving=531

  [layered_medium_seed3 w=450 proxy=exposure] Solving Stage 1 (limit=300s)...
  [S1 w=450 round 1] budget=299s best=None ↓64469 ↓63525 ↓62935 ↓61941 ↓61629 ↓60997 ↓60643 ↓60407 ↓59338 ↓58748 ↓58548 ↓57758 ↓56968 ↓56850 ↓56378 ↓56324 ↓56281 ↓56261 ↓56202 ↓56027 ↓55083 ↓54847 ↓54611 ↓54552 ↓54139 ↓54080 ↓53903 ↓53549 ↓53490 ↓53431 ↓53372 ↓53313 ↓53137 ↓53058 ↓52900 ↓52426 ↓52367 ↓52308 ↓52190 ↓52013 ↓51954 ↓47530 ↓46898 ↓46266 ↓45002 ↓44370 ↓44309 ↓44151 ↓44051 ↓43991 ↓43934 ↓43891 ↓43814 ↓43656 ↓43597 ↓43567 ↓43488 ↓43340 ↓42945 ↓42550 ↓42155 ↓41523 ↓40891 ↓40259 ↓39627 ↓38995 ↓38363 ↓37731 ↓37690 ↓37513 ↓36881 ↓36822 ↓36763 ↓36704 ↓36663 ↓36546 ↓36467 ↓36388 ↓36309 ↓35914 ↓35894 ↓35855 ↓35796 ↓35776 ↓35737 ↓35677 ↓35658 ↓35579 ↓35421 ↓35342 ↓35263 ↓35124 ↓34947 ↓34789 ↓34492 ↓34413 ↓34334 ↓34018 ↓33860 ↓33837 ↓33702 ↓33525 ↓33284 ↓33282 ↓33203 ↓33089 ↓32754 ↓32577 ↓32535 ↓32456 ↓32294 ↓32257 ↓32080 ↓32001 ↓31918 ↓31839 ↓31760 ↓31645 ↓31566 ↓31389 ↓31330 ↓31172 ↓31014 ↓30856 ↓30698 ↓30693 ↓30575 ↓30540 ↓30500 ↓30441 ↓30125 ↓29967 ↓29908 ↓29592 ↓28802 ↓28012 ↓27222 ↓26432 ↓25642 ↓24062 ↓23272 ↓22482 ↓21692 ↓20902 ↓20562 ↓20545 ↓20368 ↓20289 ↓20230 ↓20171 ↓20103 ↓19855 ↓19697 ↓19675 ↓19598 ↓19148 ↓18358 ↓18099 ↓18042 ↓17783 ↓17543 ↓17486 ↓17333 ↓17268 ↓17250 ↓17032 ↓16973 ↓16926 ↓16749 ↓16687 ↓16685 ↓16548 ↓16510 ↓16333 ↓16274 ↓16038 ↓16018 ↓15979 ↓15860 ↓15386 ↓15268 ↓15070 ↓15050 ↓14971 ↓14853 ↓14753 ↓14679 ↓14595 ↓14576 ↓14536 ↓14516 ↓14497 ↓14418 ↓14396 ↓14317 ↓14080 ↓14039 ↓13881 ↓13870 ↓13822 ↓13803 ↓13709 ↓13685 ↓13606 ↓13566 ↓13507 ↓13472 ↓13459 ↓13451 ↓13293 ↓13240 ↓13238 ↓13139 ↓13098 ↓13039 ↓12921 ↓12703 ↓12665 ↓12545 ↓12368 ↓12209 ↓12191 ↓12136 ↓12036 ↓11875 ↓11796 ↓11776 ↓11697
Stage 1: cost=11697  dominant=31  exposure=1  optimal=False
  R_TR=0.6  worst_arc=(l4,l6,tr2)

  [layered_medium_seed3 w=450 s2=off_off] Solving Stage 2 (limit=300s)... ↓[]
  Stage 2: mono=7  conc=35  optimal=False
  R_1=0.8333  worst_trip=(l2,l3,tr2,k3)
  Dispatch: s1=11247  s2=11247  saving=0

  [layered_medium_seed3 w=450 s2=both] Solving Stage 2 (limit=300s)... ↓[7000, 25024] ↓[7000, 24422] ↓[7000, 24344] ↓[7000, 23742] ↓[7000, 23664] ↓[7000, 23062] ↓[7000, 20156] ↓[7000, 19814] ↓[7000, 19212] ↓[7000, 19134] ↓[7000, 18532] ↓[7000, 18268] ↓[7000, 18190] ↓[7000, 17588] ↓[7000, 17510] ↓[7000, 17168] ↓[7000, 16566] ↓[7000, 15964] ↓[7000, 15886] ↓[7000, 15362] ↓[7000, 15284] ↓[6000, 19476] ↓[6000, 18532] ↓[6000, 18454] ↓[6000, 17852] ↓[6000, 17510] ↓[6000, 16908] ↓[6000, 16566] ↓[6000, 15964] ↓[6000, 15548] ↓[6000, 15206] ↓[5000, 18376] ↓[5000, 17432] ↓[5000, 16752] ↓[5000, 16150] ↓[5000, 15808] ↓[5000, 15206] ↓[5000, 14604] ↓[4000, 21776] ↓[4000, 20494] ↓[4000, 19814] ↓[4000, 19550] ↓[4000, 18870] ↓[4000, 18268] ↓[4000, 17666] ↓[4000, 17510] ↓[4000, 16908] ↓[4000, 16830] ↓[4000, 16150] ↓[4000, 15548] ↓[4000, 15362] ↓[4000, 14682] ↓[4000, 14080] ↓[4000, 13846] ↓[3000, 17172] ↓[3000, 17094] ↓[3000, 16830] ↓[3000, 16150] ↓[3000, 15886] ↓[3000, 15206] ↓[3000, 14604] ↓[3000, 14080] ↓[3000, 13400] ↓[3000, 13322] ↓[2000, 19814] ↓[2000, 19134] ↓[2000, 18532] ↓[2000, 17852] ↓[2000, 17250] ↓[2000, 16800] ↓[2000, 16722] ↓[2000, 16120] ↓[2000, 16042] ↓[2000, 15440] ↓[2000, 14760] ↓[2000, 14682] ↓[2000, 14080] ↓[2000, 14002] ↓[2000, 13478] ↓[2000, 13400] ↓[1000, 19212] ↓[1000, 18870] ↓[1000, 18268] ↓[1000, 18004] ↓[1000, 17926] ↓[1000, 17324] ↓[1000, 16722] ↓[1000, 16198] ↓[1000, 16120] ↓[1000, 16042] ↓[1000, 15886] ↓[1000, 15284] ↓[1000, 14760] ↓[1000, 14682] ↓[1000, 14158] ↓[1000, 14080] ↓[1000, 14002] ↓[0, 22642] ↓[0, 21516] ↓[0, 21438] ↓[0, 17592] ↓[0, 16648] ↓[0, 16570] ↓[0, 15704] ↓[0, 15626] ↓[0, 15362] ↓[0, 15284] ↓[0, 14682]
  Stage 2: mono=0  conc=21  optimal=False
  R_1=0.8667  worst_trip=(l1,l4,tr2,k7)
  Dispatch: s1=11247  s2=10362  saving=885

  [layered_medium_seed3 w=500 proxy=exposure] Solving Stage 1 (limit=300s)...
  [S1 w=500 round 1] budget=299s best=None ↓64719 ↓63775 ↓63185 ↓62191 ↓61879 ↓61247 ↓60893 ↓60657 ↓59588 ↓58998 ↓58798 ↓58008 ↓57218 ↓57100 ↓56628 ↓56595 ↓56580 ↓56403 ↓56347 ↓56346 ↓56267 ↓56227 ↓56168 ↓56069 ↓56047 ↓55988 ↓55929 ↓55922 ↓55812 ↓55692 ↓55060 ↓54428 ↓54191 ↓54189 ↓53717 ↓53085 ↓53006 ↓52769 ↓52748 ↓52512 ↓52453 ↓52217 ↓52099 ↓51863 ↓51817 ↓51744 ↓51506 ↓51270 ↓51268 ↓51209 ↓50229 ↓49755 ↓49753 ↓49751 ↓49735 ↓49675 ↓49616 ↓49379 ↓49360 ↓49345 ↓49241 ↓49182 ↓49123 ↓49121 ↓49062 ↓49003 ↓48885 ↓48826 ↓48649 ↓48548 ↓48489 ↓48430 ↓48371 ↓48312 ↓42188 ↓41398 ↓40608 ↓40090 ↓40018 ↓39959 ↓39700 ↓39441 ↓39339 ↓38606 ↓38252 ↓38151 ↓38016 ↓37384 ↓37241 ↓37140 ↓36948 ↓36508 ↓36453 ↓36434 ↓36375 ↓36316 ↓36297 ↓36238 ↓36061 ↓35960 ↓35884 ↓35707 ↓35429 ↓34797 ↓34738 ↓34679 ↓34620 ↓34451 ↓33743 ↓33389 ↓32681 ↓31973 ↓31619 ↓31560 ↓31501 ↓31442 ↓31383 ↓31046 ↓30888 ↓30730 ↓30256 ↓30254 ↓30136 ↓29959 ↓29782 ↓29723 ↓29150 ↓29091 ↓28933 ↓28638 ↓28518 ↓28478 ↓28419 ↓28360 ↓28301 ↓28183 ↓28124 ↓28065 ↓27907 ↓27787 ↓27679 ↓27155 ↓26997 ↓26978 ↓25872 ↓25319 ↓25240 ↓25196 ↓25159 ↓25100 ↓25019 ↓24919 ↓24841 ↓24802 ↓24677 ↓24595 ↓24418 ↓23887 ↓23828 ↓23512 ↓23511 ↓23413 ↓23356 ↓23348 ↓23191 ↓23147 ↓23014 ↓22815 ↓22262 ↓22085 ↓21908 ↓21906 ↓21750 ↓21748 ↓21723 ↓21650 ↓21571 ↓21512 ↓20939 ↓20922 ↓20880 ↓20703 ↓20485 ↓20367 ↓20231 ↓20209 ↓20190 ↓20111 ↓20032 ↓19795 ↓19716 ↓19479 ↓19321 ↓19084 ↓19046 ↓18907 ↓18888 ↓18730 ↓18711 ↓18554 ↓18467 ↓18408 ↓18290 ↓17877 ↓17835 ↓17422 ↓17403 ↓17165 ↓17106 ↓16710 ↓16571 ↓16451 ↓16376 ↓16315 ↓16288 ↓16273 ↓16254 ↓16077 ↓15919 ↓15780 ↓15622 ↓15609 ↓15499 ↓15334 ↓15248 ↓15216 ↓15198 ↓15058 ↓15057 ↓14978 ↓14972 ↓14892 ↓14835 ↓14794 ↓14715 ↓14658 ↓14380 ↓14026 ↓13947 ↓13888 ↓13552 ↓13493 ↓13452 ↓13415 ↓13238 ↓13178 ↓13020 ↓12941 ↓12862 ↓12783 ↓12625 ↓12407 ↓12249 ↓12208 ↓12149 ↓12090 ↓11913 ↓11834 ↓11776 ↓11774 ↓11713 ↓11673 ↓11616 ↓11551 ↓11516 ↓11492 ↓11138
Stage 1: cost=11138  dominant=33  exposure=0  optimal=False
  R_TR=0.6667  worst_arc=(l2,l4,tr2)

  [layered_medium_seed3 w=500 s2=off_off] Solving Stage 2 (limit=300s)... ↓[]
  Stage 2: mono=21  conc=29  optimal=False
  R_1=0.8333  worst_trip=(l2,l4,tr2,k5)
  Dispatch: s1=11138  s2=9604  saving=1534

  [layered_medium_seed3 w=500 s2=both] Solving Stage 2 (limit=300s)... ↓[23000, 23356] ↓[23000, 22412] ↓[22000, 23092] ↓[8000, 13616] ↓[7000, 13616] ↓[7000, 13014] ↓[6000, 13014] ↓[6000, 12412] ↓[5000, 13092] ↓[5000, 12412] ↓[4000, 13356] ↓[4000, 13014] ↓[4000, 12672] ↓[4000, 11468] ↓[4000, 10788] ↓[3000, 12754] ↓[2000, 15244] ↓[2000, 13092] ↓[2000, 12412] ↓[2000, 12070] ↓[2000, 11468] ↓[2000, 11390] ↓[2000, 11208] ↓[2000, 11130] ↓[2000, 10606] ↓[2000, 10528] ↓[2000, 9926] ↓[2000, 9584] ↓[1000, 14300] ↓[1000, 13776] ↓[1000, 13018] ↓[1000, 12416] ↓[1000, 12152] ↓[1000, 12074] ↓[1000, 11472] ↓[1000, 11130] ↓[1000, 10528] ↓[1000, 9926] ↓[1000, 9584] ↓[1000, 8982] ↓[1000, 8640] ↓[1000, 8038]
  Stage 2: mono=1  conc=11  optimal=False
  R_1=0.8667  worst_trip=(l2,l4,tr2,k2)
  Dispatch: s1=11138  s2=11020  saving=118

══════════════════════════════════════════════════════════════════════
  Instance: layered_paper (custom, seed=0)
══════════════════════════════════════════════════════════════════════
  Parsed: 2 parts, 11 routes

  [layered_paper w=0 proxy=exposure] Solving Stage 1 (limit=300s)...
  [S1 w=0 round 1] budget=299s best=None ↓7518 ↓7350 ↓6972 ↓6636 ↓6538 ↓6426 ↓6412 ↓6300 ↓6258 ↓6132 ↓6090 ↓6076 ↓5964 ↓5852 ↓5810 ↓5684 ↓5642 ↓5474 ↓5404 ↓5348 ↓5264 ↓5138 ↓5054 ↓4970 ↓4956 ↓4872 ↓4802 ↓4774 ↓4760 ↓4592 ↓4578 ↓4550 ↓4508 ↓4452 ↓4396 ↓4340 ↓4270 ↓4256 ↓4144 ↓4102 ↓4088 ↓4046 ↓4032 ↓4018 ↓3990 ↓3934 ↓3892 ↓3752 ↓3724 ↓3710 ↓3696 ↓3640 ↓3626 ↓3598 ↓3570 ↓3514 ↓3472 ↓3458
  [S1 w=0 round 2] budget=283s best=3458
Stage 1: cost=3458  dominant=8  exposure=5  optimal=True
  R_TR=0.5  worst_arc=(l1,l4,tr2)

  [layered_paper w=0 s2=off_off] Solving Stage 2 (limit=300s)... ↓[]
  Stage 2: mono=7  conc=9  optimal=False
  R_1=0.8  worst_trip=(l1,l3,tr2,k2)
  Dispatch: s1=3458  s2=3332  saving=126

  [layered_paper w=0 s2=both] Solving Stage 2 (limit=300s)... ↓[7000, 5800] ↓[6000, 5800] ↓[5000, 5800] ↓[5000, 5200] ↓[4000, 5800] ↓[3000, 7000] ↓[3000, 6400] ↓[3000, 5800] ↓[2000, 7000] ↓[2000, 6400]
  Stage 2: mono=2  conc=10  optimal=False
  R_1=0.8  worst_trip=(l1,l3,tr2,k2)
  Dispatch: s1=3458  s2=2996  saving=462

  [layered_paper w=50 proxy=exposure] Solving Stage 1 (limit=300s)...
  [S1 w=50 round 1] budget=299s best=None ↓7868 ↓7700 ↓7322 ↓6986 ↓6888 ↓6776 ↓6762 ↓6650 ↓6608 ↓6482 ↓6440 ↓6426 ↓6314 ↓6202 ↓6160 ↓6034 ↓5992 ↓5824 ↓5698 ↓5656 ↓5586 ↓5574 ↓5518 ↓5442 ↓5292 ↓5196 ↓5056 ↓5050 ↓5036 ↓5010 ↓4978 ↓4958 ↓4908 ↓4754 ↓4712 ↓4664 ↓4614 ↓4590 ↓4560 ↓4552 ↓4544 ↓4462 ↓4356 ↓4306 ↓4250 ↓4230 ↓4146 ↓4144 ↓4082 ↓4034 ↓4026 ↓3970 ↓3962 ↓3942 ↓3914 ↓3908 ↓3858 ↓3838 ↓3810 ↓3782 ↓3760 ↓3754 ↓3704 ↓3684 ↓3676 ↓3654 ↓3650 ↓3636 ↓3628 ↓3620 ↓3608
  [S1 w=50 round 2] budget=251s best=3608
Stage 1: cost=3608  dominant=8  exposure=3  optimal=True
  R_TR=0.5  worst_arc=(l1,l4,tr2)

  [layered_paper w=50 s2=off_off] Solving Stage 2 (limit=300s)... ↓[]
  Stage 2: mono=11  conc=13  optimal=False
  R_1=0.75  worst_trip=(l1,l4,tr2,k2)
  Dispatch: s1=3458  s2=2996  saving=462

  [layered_paper w=50 s2=both] Solving Stage 2 (limit=300s)... ↓[11000, 10200] ↓[11000, 9600] ↓[10000, 10200] ↓[10000, 9600] ↓[9000, 9600] ↓[8000, 10200] ↓[8000, 9600] ↓[7000, 9600] ↓[6000, 10200] ↓[6000, 9600] ↓[5000, 10600] ↓[4000, 8600] ↓[3000, 8600] ↓[3000, 8000] ↓[2000, 8600] ↓[1000, 9200]
  Stage 2: mono=1  conc=12  optimal=False
  R_1=0.8  worst_trip=(l1,l3,tr2,k1)
  Dispatch: s1=3458  s2=3024  saving=434

  [layered_paper w=100 proxy=exposure] Solving Stage 1 (limit=300s)...
  [S1 w=100 round 1] budget=299s best=None ↓8218 ↓8050 ↓7672 ↓7336 ↓7238 ↓7126 ↓7112 ↓7000 ↓6958 ↓6832 ↓6790 ↓6776 ↓6664 ↓6552 ↓6510 ↓6384 ↓6342 ↓6174 ↓6048 ↓5980 ↓5812 ↓5796 ↓5768 ↓5742 ↓5698 ↓5518 ↓5476 ↓5282 ↓5168 ↓5126 ↓5084 ↓5056 ↓4972 ↓4942 ↓4928 ↓4888 ↓4876 ↓4848 ↓4834 ↓4802 ↓4718 ↓4676 ↓4668 ↓4568 ↓4536 ↓4528 ↓4428 ↓4370 ↓4270 ↓4190 ↓4180 ↓4104 ↓4102 ↓4034 ↓4022 ↓3962 ↓3948 ↓3934 ↓3850 ↓3822 ↓3808 ↓3796 ↓3740 ↓3738 ↓3682 ↓3654
  [S1 w=100 round 2] budget=247s best=3654
Stage 1: cost=3654  dominant=9  exposure=0  optimal=True
  R_TR=0.7  worst_arc=(l1,l3,tr2)

  [layered_paper w=100 s2=off_off] Solving Stage 2 (limit=300s)... ↓[]
  Stage 2: mono=13  conc=23  optimal=False
  R_1=0.75  worst_trip=(l1,l3,tr2,k3)
  Dispatch: s1=3654  s2=2982  saving=672

  [layered_paper w=100 s2=both] Solving Stage 2 (limit=300s)... ↓[13000, 19000] ↓[12000, 21000] ↓[12000, 19600] ↓[10000, 10800] ↓[8000, 11400] ↓[8000, 9800] ↓[7000, 13400] ↓[7000, 12800] ↓[7000, 12400] ↓[7000, 11800] ↓[7000, 11400] ↓[7000, 10800] ↓[7000, 10400] ↓[7000, 9800] ↓[6000, 13400] ↓[6000, 12400] ↓[6000, 11800] ↓[6000, 11400] ↓[5000, 12400] ↓[5000, 11400] ↓[4000, 14400] ↓[4000, 13400] ↓[4000, 13000] ↓[4000, 12000] ↓[3000, 15000] ↓[3000, 14000] ↓[3000, 13400] ↓[2000, 17000] ↓[2000, 16000] ↓[2000, 15400] ↓[2000, 14400]
  Stage 2: mono=2  conc=18  optimal=False
  R_1=0.85  worst_trip=(l1,l3,tr2,k3)
  Dispatch: s1=3654  s2=3472  saving=182

  [layered_paper w=150 proxy=exposure] Solving Stage 1 (limit=300s)...
  [S1 w=150 round 1] budget=299s best=None ↓8568 ↓8400 ↓8022 ↓7686 ↓7588 ↓7476 ↓7462 ↓7350 ↓7308 ↓7182 ↓7140 ↓7126 ↓7014 ↓6902 ↓6860 ↓6734 ↓6692 ↓6524 ↓6398 ↓6366 ↓6314 ↓6268 ↓6244 ↓6114 ↓5946 ↓5848 ↓5810 ↓5414 ↓5312 ↓5078 ↓5012 ↓4984 ↓4798 ↓4790 ↓4612 ↓4592 ↓4574 ↓4518 ↓4382 ↓4378 ↓4294 ↓4270 ↓4168 ↓4144 ↓4060 ↓4024 ↓4018 ↓3990 ↓3878 ↓3832 ↓3780 ↓3766 ↓3710 ↓3682 ↓3668 ↓3654
  [S1 w=150 round 2] budget=246s best=3654
Stage 1: cost=3654  dominant=10  exposure=0  optimal=True
  R_TR=0.7  worst_arc=(l1,l3,tr2)

  [layered_paper w=150 s2=off_off] Solving Stage 2 (limit=300s)... ↓[]
  Stage 2: mono=13  conc=23  optimal=False
  R_1=0.75  worst_trip=(l1,l3,tr2,k3)
  Dispatch: s1=3654  s2=2982  saving=672

  [layered_paper w=150 s2=both] Solving Stage 2 (limit=300s)... ↓[13000, 19000] ↓[12000, 21000] ↓[12000, 19600] ↓[10000, 10800] ↓[8000, 11400] ↓[8000, 9800] ↓[7000, 13400] ↓[7000, 12800] ↓[7000, 12400] ↓[7000, 11800] ↓[7000, 11400] ↓[7000, 10800] ↓[7000, 10400] ↓[7000, 9800] ↓[6000, 13400] ↓[6000, 12400] ↓[6000, 11800] ↓[6000, 11400] ↓[5000, 12400] ↓[5000, 11400] ↓[4000, 14400] ↓[4000, 13400] ↓[4000, 13000] ↓[4000, 12000] ↓[3000, 15000] ↓[3000, 14000] ↓[3000, 13400] ↓[2000, 17000] ↓[2000, 16000] ↓[2000, 15400] ↓[2000, 14400]
  Stage 2: mono=2  conc=18  optimal=False
  R_1=0.85  worst_trip=(l1,l3,tr2,k3)
  Dispatch: s1=3654  s2=3472  saving=182

  [layered_paper w=200 proxy=exposure] Solving Stage 1 (limit=300s)...
  [S1 w=200 round 1] budget=299s best=None ↓8918 ↓8750 ↓8372 ↓8036 ↓7938 ↓7826 ↓7812 ↓7700 ↓7658 ↓7532 ↓7490 ↓7476 ↓7364 ↓7252 ↓7210 ↓7084 ↓7042 ↓6874 ↓6748 ↓6276 ↓6258 ↓6104 ↓6052 ↓6038 ↓5982 ↓5908 ↓5786 ↓5726 ↓5684 ↓5670 ↓5586 ↓5580 ↓5502 ↓5488 ↓5376 ↓5324 ↓5292 ↓5290 ↓5248 ↓5188 ↓5136 ↓5068 ↓4984 ↓4900 ↓4754 ↓4736 ↓4610 ↓4578 ↓4414 ↓4410 ↓4382 ↓4354 ↓4260 ↓4242 ↓4204 ↓4200 ↓4172 ↓4144 ↓4088 ↓4046 ↓3948 ↓3906 ↓3822 ↓3808 ↓3766 ↓3752 ↓3724 ↓3654
  [S1 w=200 round 2] budget=250s best=3654
Stage 1: cost=3654  dominant=10  exposure=0  optimal=True
  R_TR=0.7  worst_arc=(l1,l3,tr2)

  [layered_paper w=200 s2=off_off] Solving Stage 2 (limit=300s)... ↓[]
  Stage 2: mono=16  conc=18  optimal=False
  R_1=0.75  worst_trip=(l1,l3,tr2,k2)
  Dispatch: s1=3654  s2=3066  saving=588

  [layered_paper w=200 s2=both] Solving Stage 2 (limit=300s)... ↓[16000, 14800] ↓[15000, 16800] ↓[15000, 15400] ↓[14000, 17400] ↓[14000, 16000] ↓[13000, 18000] ↓[7000, 11200] ↓[6000, 12800] ↓[6000, 11200] ↓[5000, 13800] ↓[5000, 13200] ↓[5000, 12600] ↓[5000, 11600] ↓[4000, 13800] ↓[4000, 12200] ↓[4000, 11200] ↓[3000, 15800] ↓[3000, 14800] ↓[3000, 13200] ↓[3000, 12800]
  Stage 2: mono=3  conc=16  optimal=False
  R_1=0.85  worst_trip=(l1,l3,tr2,k3)
  Dispatch: s1=3654  s2=3598  saving=56

  [layered_paper w=250 proxy=exposure] Solving Stage 1 (limit=300s)...
  [S1 w=250 round 1] budget=299s best=None ↓9268 ↓9100 ↓8722 ↓8386 ↓8288 ↓8176 ↓8162 ↓8050 ↓8008 ↓7882 ↓7840 ↓7826 ↓7714 ↓7602 ↓7560 ↓7434 ↓7392 ↓7224 ↓7098 ↓7070 ↓6986 ↓6914 ↓6872 ↓6748 ↓6686 ↓6604 ↓6436 ↓6354 ↓6272 ↓6270 ↓6102 ↓6034 ↓6004 ↓5922 ↓5852 ↓5796 ↓5740 ↓5670 ↓5544 ↓5222 ↓5152 ↓5132 ↓5096 ↓4968 ↓4912 ↓4886 ↓4858 ↓4718 ↓4690 ↓4676 ↓4564 ↓4562 ↓4438 ↓4422 ↓4368 ↓4354 ↓4298 ↓4296 ↓4284 ↓4254 ↓4156 ↓4130 ↓4058 ↓4016 ↓4004 ↓3934 ↓3920 ↓3836 ↓3822 ↓3794 ↓3738 ↓3724 ↓3682 ↓3668 ↓3654
  [S1 w=250 round 2] budget=249s best=3654
Stage 1: cost=3654  dominant=10  exposure=0  optimal=True
  R_TR=0.7  worst_arc=(l1,l4,tr2)

  [layered_paper w=250 s2=off_off] Solving Stage 2 (limit=300s)... ↓[]
  Stage 2: mono=13  conc=19  optimal=False
  R_1=0.75  worst_trip=(l1,l3,tr2,k3)
  Dispatch: s1=3654  s2=3234  saving=420

  [layered_paper w=250 s2=both] Solving Stage 2 (limit=300s)... ↓[13000, 15400] ↓[12000, 15400] ↓[11000, 15400] ↓[10000, 16000] ↓[10000, 15000] ↓[9000, 17000] ↓[9000, 16000] ↓[8000, 17000] ↓[7000, 10800] ↓[6000, 10800] ↓[6000, 10200] ↓[6000, 9800] ↓[6000, 9200] ↓[5000, 10800] ↓[4000, 10800] ↓[3000, 10800] ↓[2000, 13800] ↓[2000, 12800] ↓[2000, 12200] ↓[2000, 11200]
  Stage 2: mono=2  conc=14  optimal=False
  R_1=0.85  worst_trip=(l1,l3,tr1,k1)
  Dispatch: s1=3654  s2=3472  saving=182

  [layered_paper w=300 proxy=exposure] Solving Stage 1 (limit=300s)...
  [S1 w=300 round 1] budget=299s best=None ↓9618 ↓9450 ↓9072 ↓8736 ↓8638 ↓8526 ↓8512 ↓8400 ↓8358 ↓8232 ↓8190 ↓8176 ↓8064 ↓7952 ↓7910 ↓7784 ↓7742 ↓7574 ↓7448 ↓7398 ↓7336 ↓6852 ↓6776 ↓6244 ↓6202 ↓6006 ↓5982 ↓5906 ↓5852 ↓5754 ↓5152 ↓5116 ↓5096 ↓4990 ↓4872 ↓4858 ↓4662 ↓4648 ↓4564 ↓4522 ↓4410 ↓4396 ↓4382 ↓4186 ↓4172 ↓4158 ↓4144 ↓4130 ↓4018 ↓3962 ↓3906 ↓3878 ↓3850 ↓3794 ↓3738 ↓3710 ↓3682 ↓3668 ↓3654
  [S1 w=300 round 2] budget=258s best=3654
Stage 1: cost=3654  dominant=10  exposure=0  optimal=True
  R_TR=0.7  worst_arc=(l1,l4,tr2)

  [layered_paper w=300 s2=off_off] Solving Stage 2 (limit=300s)... ↓[]
  Stage 2: mono=12  conc=20  optimal=False
  R_1=0.75  worst_trip=(l1,l4,tr2,k3)
  Dispatch: s1=3654  s2=3164  saving=490

  [layered_paper w=300 s2=both] Solving Stage 2 (limit=300s)... ↓[12000, 16400] ↓[11000, 16400] ↓[11000, 16000] ↓[11000, 14800] ↓[10000, 15400] ↓[9000, 16000] ↓[5000, 11200] ↓[4000, 10600] ↓[3000, 13800] ↓[3000, 12800] ↓[2000, 12200] ↓[2000, 11800] ↓[2000, 11400] ↓[2000, 10800] ↓[2000, 10200] ↓[1000, 14400] ↓[1000, 12800] ↓[1000, 11200] ↓[1000, 10800]
  Stage 2: mono=1  conc=14  optimal=False
  R_1=0.85  worst_trip=(l1,l3,tr1,k1)
  Dispatch: s1=3654  s2=3598  saving=56

  [layered_paper w=350 proxy=exposure] Solving Stage 1 (limit=300s)...
  [S1 w=350 round 1] budget=299s best=None ↓9968 ↓9800 ↓9422 ↓9086 ↓8988 ↓8876 ↓8862 ↓8750 ↓8708 ↓8582 ↓8540 ↓8526 ↓8414 ↓8302 ↓8260 ↓8134 ↓8092 ↓7924 ↓7798 ↓7784 ↓7728 ↓7644 ↓7560 ↓7546 ↓7504 ↓7462 ↓7406 ↓7364 ↓7140 ↓7042 ↓6370 ↓6230 ↓6034 ↓5964 ↓5880 ↓5866 ↓5698 ↓5670 ↓5628 ↓5600 ↓5432 ↓5152 ↓5068 ↓4998 ↓4928 ↓4802 ↓4788 ↓4760 ↓4746 ↓4634 ↓4620 ↓4536 ↓4508 ↓4424 ↓4368 ↓4326 ↓4312 ↓4228 ↓4200 ↓4144 ↓4088 ↓4032 ↓3976 ↓3948 ↓3892 ↓3878 ↓3836 ↓3794 ↓3766 ↓3738 ↓3710 ↓3682 ↓3668 ↓3654
  [S1 w=350 round 2] budget=248s best=3654
Stage 1: cost=3654  dominant=10  exposure=0  optimal=True
  R_TR=0.7  worst_arc=(l1,l4,tr2)

  [layered_paper w=350 s2=off_off] Solving Stage 2 (limit=300s)... ↓[]
  Stage 2: mono=15  conc=19  optimal=False
  R_1=0.75  worst_trip=(l1,l3,tr2,k1)
  Dispatch: s1=3654  s2=3290  saving=364

  [layered_paper w=350 s2=both] Solving Stage 2 (limit=300s)... ↓[15000, 15400] ↓[14000, 15400] ↓[13000, 15400] ↓[12000, 15400] ↓[11000, 16400] ↓[11000, 16000] ↓[10000, 17000] ↓[10000, 15400] ↓[9000, 17000] ↓[5000, 12200] ↓[4000, 11800] ↓[3000, 11800] ↓[3000, 10800] ↓[2000, 12800] ↓[2000, 11400] ↓[1000, 13400] ↓[1000, 11800]
  Stage 2: mono=1  conc=15  optimal=False
  R_1=0.85  worst_trip=(l1,l3,tr1,k2)
  Dispatch: s1=3654  s2=3472  saving=182

  [layered_paper w=400 proxy=exposure] Solving Stage 1 (limit=300s)...
  [S1 w=400 round 1] budget=299s best=None ↓10318 ↓10150 ↓9772 ↓9436 ↓9338 ↓9226 ↓9212 ↓9100 ↓9058 ↓8932 ↓8890 ↓8876 ↓8764 ↓8652 ↓8610 ↓8484 ↓8442 ↓8274 ↓8148 ↓7892 ↓7380 ↓6818 ↓6770 ↓6692 ↓6624 ↓6602 ↓6546 ↓6420 ↓6132 ↓6104 ↓6048 ↓6034 ↓5852 ↓5636 ↓5628 ↓5544 ↓5530 ↓5432 ↓5390 ↓5334 ↓5286 ↓5264 ↓5188 ↓5068 ↓5040 ↓4984 ↓4648 ↓4614 ↓4508 ↓4466 ↓4452 ↓4396 ↓4382 ↓4368 ↓4340 ↓4270 ↓4186 ↓4172 ↓4158 ↓3976 ↓3892 ↓3864 ↓3808 ↓3738 ↓3682 ↓3668 ↓3654
  [S1 w=400 round 2] budget=269s best=3654
Stage 1: cost=3654  dominant=10  exposure=0  optimal=True
  R_TR=0.7  worst_arc=(l1,l3,tr2)

  [layered_paper w=400 s2=off_off] Solving Stage 2 (limit=300s)... ↓[]
  Stage 2: mono=14  conc=21  optimal=False
  R_1=0.75  worst_trip=(l1,l4,tr2,k3)
  Dispatch: s1=3654  s2=3206  saving=448

  [layered_paper w=400 s2=both] Solving Stage 2 (limit=300s)... ↓[14000, 17400] ↓[14000, 16800] ↓[13000, 16800] ↓[13000, 16200] ↓[12000, 17800] ↓[11000, 18400] ↓[11000, 17800] ↓[10000, 19400] ↓[7000, 10200] ↓[6000, 9200] ↓[5000, 10200] ↓[4000, 11800] ↓[4000, 11600] ↓[4000, 11200] ↓[4000, 10600] ↓[4000, 10200] ↓[3000, 13800] ↓[3000, 12800] ↓[3000, 12200] ↓[3000, 11600] ↓[3000, 10600] ↓[2000, 14400] ↓[2000, 13800] ↓[2000, 13200] ↓[2000, 12200] ↓[2000, 11800] ↓[2000, 11200] ↓[1000, 16400] ↓[1000, 15800] ↓[1000, 14800] ↓[1000, 13200]
  Stage 2: mono=1  conc=16  optimal=False
  R_1=0.85  worst_trip=(l1,l3,tr2,k1)
  Dispatch: s1=3654  s2=3472  saving=182

  [layered_paper w=450 proxy=exposure] Solving Stage 1 (limit=300s)...
  [S1 w=450 round 1] budget=299s best=None ↓10668 ↓10500 ↓10122 ↓9786 ↓9688 ↓9576 ↓9562 ↓9450 ↓9408 ↓9282 ↓9240 ↓9226 ↓9114 ↓9002 ↓8960 ↓8834 ↓8792 ↓8624 ↓8498 ↓8386 ↓8374 ↓8358 ↓8330 ↓7422 ↓7308 ↓7280 ↓7196 ↓6750 ↓6316 ↓6302 ↓6162 ↓6008 ↓5950 ↓5838 ↓5810 ↓5770 ↓5320 ↓5306 ↓5194 ↓5166 ↓5082 ↓5012 ↓4844 ↓4830 ↓4788 ↓4760 ↓4718 ↓4634 ↓4522 ↓4508 ↓4480 ↓4410 ↓4382 ↓4354 ↓4270 ↓4242 ↓4214 ↓4074 ↓3990 ↓3948 ↓3892 ↓3822 ↓3808 ↓3794 ↓3780 ↓3724 ↓3682 ↓3668 ↓3654
  [S1 w=450 round 2] budget=255s best=3654
Stage 1: cost=3654  dominant=9  exposure=0  optimal=True
  R_TR=0.7  worst_arc=(l1,l3,tr2)

  [layered_paper w=450 s2=off_off] Solving Stage 2 (limit=300s)... ↓[]
  Stage 2: mono=16  conc=18  optimal=False
  R_1=0.75  worst_trip=(l1,l3,tr2,k2)
  Dispatch: s1=3654  s2=3066  saving=588

  [layered_paper w=450 s2=both] Solving Stage 2 (limit=300s)... ↓[16000, 14800] ↓[15000, 16800] ↓[15000, 15400] ↓[14000, 17400] ↓[14000, 16000] ↓[13000, 18000] ↓[7000, 11200] ↓[6000, 12800] ↓[6000, 11200] ↓[5000, 13800] ↓[5000, 13200] ↓[5000, 12600] ↓[5000, 11600] ↓[4000, 13800] ↓[4000, 12200] ↓[4000, 11200] ↓[3000, 15800] ↓[3000, 14800] ↓[3000, 13200] ↓[3000, 12800]
  Stage 2: mono=3  conc=16  optimal=False
  R_1=0.85  worst_trip=(l1,l3,tr2,k3)
  Dispatch: s1=3654  s2=3598  saving=56

  [layered_paper w=500 proxy=exposure] Solving Stage 1 (limit=300s)...
  [S1 w=500 round 1] budget=299s best=None ↓11018 ↓10850 ↓10472 ↓10136 ↓10038 ↓9926 ↓9912 ↓9800 ↓9758 ↓9632 ↓9590 ↓9576 ↓9464 ↓9352 ↓9310 ↓9184 ↓9142 ↓8974 ↓8848 ↓8658 ↓8438 ↓8424 ↓8368 ↓8344 ↓8256 ↓7748 ↓7182 ↓7084 ↓6972 ↓6860 ↓6496 ↓6338 ↓6282 ↓6170 ↓6118 ↓5418 ↓5222 ↓5054 ↓5036 ↓5012 ↓4984 ↓4914 ↓4858 ↓4830 ↓4802 ↓4690 ↓4634 ↓4522 ↓4494 ↓4438 ↓4424 ↓4420 ↓4364 ↓4298 ↓4200 ↓4102 ↓4088 ↓4060 ↓4018 ↓4004 ↓3976 ↓3934 ↓3836 ↓3822 ↓3794 ↓3766 ↓3724 ↓3682 ↓3668 ↓3654
  [S1 w=500 round 2] budget=268s best=3654
Stage 1: cost=3654  dominant=10  exposure=0  optimal=True
  R_TR=0.7  worst_arc=(l1,l4,tr2)

  [layered_paper w=500 s2=off_off] Solving Stage 2 (limit=300s)... ↓[]
  Stage 2: mono=12  conc=20  optimal=False
  R_1=0.75  worst_trip=(l1,l4,tr2,k3)
  Dispatch: s1=3654  s2=3164  saving=490

  [layered_paper w=500 s2=both] Solving Stage 2 (limit=300s)... ↓[12000, 16400] ↓[11000, 16400] ↓[11000, 16000] ↓[11000, 14800] ↓[10000, 15400] ↓[9000, 16000] ↓[5000, 11200] ↓[4000, 10600] ↓[3000, 13800] ↓[3000, 12800] ↓[2000, 12200] ↓[2000, 11800] ↓[2000, 11400] ↓[2000, 10800] ↓[2000, 10200] ↓[1000, 14400] ↓[1000, 12800] ↓[1000, 11200] ↓[1000, 10800]
  Stage 2: mono=1  conc=14  optimal=False
  R_1=0.85  worst_trip=(l1,l3,tr1,k1)
  Dispatch: s1=3654  s2=3598  saving=56

══════════════════════════════════════════════════════════════════════
  Instance: layered_small_seed1 (custom, seed=0)
══════════════════════════════════════════════════════════════════════
  Parsed: 2 parts, 17 routes

  [layered_small_seed1 w=0 proxy=exposure] Solving Stage 1 (limit=300s)...
  [S1 w=0 round 1] budget=299s best=None ↓35890 ↓35150 ↓34484 ↓32560 ↓30562 ↓29230 ↓28564 ↓27824 ↓27010 ↓26344 ↓25604 ↓25600 ↓25568 ↓25566 ↓25534 ↓25382 ↓25270 ↓25238 ↓25174 ↓25142 ↓25110 ↓25078 ↓25014 ↓24950 ↓24926 ↓24916 ↓24886 ↓24822 ↓24758 ↓24646 ↓24582 ↓24518 ↓24390 ↓24358 ↓24326 ↓24282 ↓24100 ↓24064 ↓23842 ↓23734 ↓23670 ↓23574 ↓23424 ↓23382 ↓23286 ↓23222 ↓23126 ↓23062 ↓22646 ↓22550 ↓22470 ↓22438 ↓22342 ↓22310 ↓22278 ↓22246 ↓22084 ↓22018 ↓21922 ↓21860 ↓21764 ↓21752 ↓21668 ↓21632 ↓21626 ↓21564 ↓21508 ↓21444 ↓21348 ↓21284 ↓21252 ↓21220 ↓21028 ↓21024 ↓20928 ↓20916 ↓20842 ↓20804 ↓20740 ↓20708 ↓20676 ↓20644 ↓20580 ↓20548 ↓20516 ↓20452 ↓20388 ↓20324 ↓20260 ↓20226 ↓20172 ↓20068 ↓20064 ↓20054 ↓20046 ↓20004 ↓19942 ↓19940 ↓19866 ↓19864 ↓19842 ↓19816 ↓19788 ↓19680 ↓19630 ↓19566 ↓19492 ↓19454 ↓19390 ↓19356 ↓19346 ↓19282 ↓19272 ↓19228 ↓19164 ↓19130 ↓19070 ↓19038 ↓19026 ↓18952 ↓18878 ↓18814 ↓18760 ↓18750 ↓18696 ↓18680 ↓18520 ↓18462 ↓18396 ↓18376 ↓18216 ↓18162 ↓18126 ↓18098 ↓18024 ↓17984 ↓17970 ↓17916 ↓17900 ↓17880 ↓17798 ↓17766 ↓17702 ↓17688 ↓17678 ↓17614 ↓17604 ↓17540 ↓17446 ↓17382 ↓17282 ↓17150 ↓17026 ↓17022 ↓16998 ↓16966 ↓16794 ↓16760 ↓16618 ↓16604 ↓16540 ↓16504 ↓16496 ↓16486 ↓16452 ↓16432 ↓16404 ↓16370 ↓16350 ↓16340 ↓16276 ↓16226 ↓16066 ↓16032 ↓15828 ↓15700 ↓15648 ↓15590 ↓15462 ↓15380 ↓15252 ↓15238 ↓15142 ↓15106 ↓14944 ↓14880 ↓14816 ↓14806 ↓14732 ↓14722 ↓14626 ↓14594 ↓14584 ↓14528 ↓14462 ↓14434 ↓14370 ↓14298 ↓14234 ↓14152 ↓14088 ↓14024 ↓13960 ↓13928 ↓13814 ↓13750 ↓13686 ↓13622 ↓13558 ↓13494 ↓13450 ↓13376 ↓13366 ↓13318 ↓13216 ↓12834 ↓12768 ↓12706 ↓12700 ↓12640 ↓12578 ↓12450 ↓12386 ↓12384 ↓12322 ↓12320 ↓12256 ↓12240 ↓12176 ↓12160 ↓12116 ↓12052 ↓12002 ↓11996 ↓11980 ↓11858 ↓11852 ↓11788 ↓11770 ↓11610 ↓11546 ↓11482 ↓11354 ↓11318 ↓11224 ↓11124 ↓11002 ↓10906 ↓10746 ↓10714 ↓10618 ↓10458 ↓10360 ↓10326 ↓10244 ↓10170 ↓10104 ↓10070 ↓10052 ↓10040 ↓9914 ↓9912 ↓9848 ↓9786 ↓9754 ↓9752 ↓9594 ↓9588 ↓9580 ↓9572 ↓9486 ↓9412 ↓9114 ↓8858 ↓8672 ↓8664 ↓8440 ↓8380 ↓8156 ↓7864 ↓7832 ↓7640 ↓7384 ↓7128 ↓7110 ↓7034 ↓6752 ↓6746 ↓6672 ↓6658 ↓6638 ↓6612 ↓6592 ↓6570 ↓6458 ↓6430 ↓6270 ↓6202 ↓6182 ↓6092 ↓6056 ↓5904 ↓5864 ↓5828 ↓5796 ↓5718 ↓5668 ↓5604 ↓5540 ↓5494 ↓5442 ↓5316 ↓5284 ↓5188 ↓5124 ↓5092 ↓5078 ↓4996 ↓4964 ↓4950 ↓4932 ↓4900 ↓4826 ↓4620 ↓4600 ↓4568 ↓4536 ↓4504 ↓4484 ↓4452 ↓4420 ↓4324 ↓4226 ↓4100 ↓4068 ↓4004 ↓3994 ↓3960 ↓3930 ↓3928 ↓3864 ↓3862 ↓3830 ↓3790 ↓3788 ↓3724 ↓3714 ↓3640 ↓3576 ↓3574 ↓3542 ↓3522 ↓3490 ↓3456
  [S1 w=0 round 2] budget=273s best=3456
Stage 1: cost=3456  dominant=7  exposure=6  optimal=True
  R_TR=0.3333  worst_arc=(l1,l3,tr2)

  [layered_small_seed1 w=0 s2=off_off] Solving Stage 2 (limit=300s)... ↓[]
  Stage 2: mono=14  conc=2  optimal=False
  R_1=0.8  worst_trip=(l2,l4,tr1,k6)
  Dispatch: s1=3456  s2=3392  saving=64

  [layered_small_seed1 w=0 s2=both] Solving Stage 2 (limit=300s)... ↓[14000, 1632] ↓[12000, 1632] ↓[11000, 1632] ↓[11000, 816] ↓[10000, 816] ↓[9000, 816] ↓[8000, 816] ↓[7000, 816] ↓[6000, 816] ↓[5000, 1632] ↓[5000, 816] ↓[4000, 816] ↓[3000, 816] ↓[2000, 816] ↓[1000, 816] ↓[0, 816]
  Stage 2: mono=0  conc=1  optimal=False
  R_1=0.8333  worst_trip=(l3,l5,tr1,k1)
  Dispatch: s1=3456  s2=3106  saving=350

  [layered_small_seed1 w=50 proxy=exposure] Solving Stage 1 (limit=300s)...
  [S1 w=50 round 1] budget=299s best=None ↓36090 ↓35350 ↓34684 ↓32760 ↓30762 ↓29430 ↓28764 ↓28024 ↓27210 ↓26544 ↓25804 ↓25752 ↓25732 ↓25700 ↓25690 ↓25678 ↓25668 ↓25658 ↓25626 ↓25580 ↓25530 ↓25516 ↓25484 ↓25482 ↓25450 ↓25366 ↓25356 ↓25354 ↓25322 ↓25312 ↓25270 ↓25238 ↓25216 ↓25190 ↓25162 ↓25140 ↓25102 ↓25086 ↓25056 ↓24960 ↓24934 ↓24858 ↓24844 ↓24836 ↓24832 ↓24822 ↓24796 ↓24752 ↓24738 ↓24712 ↓24700 ↓24668 ↓24636 ↓24628 ↓24604 ↓24590 ↓24536 ↓24494 ↓24468 ↓24446 ↓24424 ↓24416 ↓24374 ↓24358 ↓24354 ↓24322 ↓24312 ↓24284 ↓24252 ↓24232 ↓24222 ↓24220 ↓24206 ↓24142 ↓24128 ↓24118 ↓24086 ↓24012 ↓23998 ↓23972 ↓23948 ↓23938 ↓23890 ↓23874 ↓23860 ↓23828 ↓23806 ↓23766 ↓23752 ↓23744 ↓23730 ↓23698 ↓23640 ↓23632 ↓23618 ↓23568 ↓23538 ↓23484 ↓23480 ↓23462 ↓23428 ↓23412 ↓23398 ↓23366 ↓23344 ↓23328 ↓23282 ↓23160 ↓23110 ↓23096 ↓23064 ↓23022 ↓22954 ↓22944 ↓22880 ↓22822 ↓22806 ↓22732 ↓22658 ↓22584 ↓22574 ↓22554 ↓22510 ↓22416 ↓22126 ↓22062 ↓21998 ↓21924 ↓21908 ↓21888 ↓21844 ↓21740 ↓21518 ↓21390 ↓21296 ↓21232 ↓21230 ↓21166 ↓21164 ↓21156 ↓21008 ↓20942 ↓20934 ↓20918 ↓20868 ↓20836 ↓20284 ↓18854 ↓18336 ↓18270 ↓18256 ↓18138 ↓18040 ↓17990 ↓17670 ↓17620 ↓17474 ↓17464 ↓17332 ↓17268 ↓17094 ↓17020 ↓16954 ↓16732 ↓16650 ↓15820 ↓15746 ↓15524 ↓15302 ↓15154 ↓14978 ↓14932 ↓14858 ↓14784 ↓14710 ↓14636 ↓14414 ↓14398 ↓14324 ↓14152 ↓14150 ↓14074 ↓13994 ↓13854 ↓13742 ↓13486 ↓13436 ↓13372 ↓12810 ↓12632 ↓12582 ↓12376 ↓12326 ↓11996 ↓11842 ↓11586 ↓11554 ↓11522 ↓11382 ↓11308 ↓11234 ↓11184 ↓11162 ↓10790 ↓10740 ↓10690 ↓10674 ↓10670 ↓10596 ↓10558 ↓10448 ↓10370 ↓10274 ↓10226 ↓10002 ↓9986 ↓9858 ↓9796 ↓9762 ↓9708 ↓9634 ↓9606 ↓9564 ↓9540 ↓9490 ↓9466 ↓9416 ↓9244 ↓9228 ↓9194 ↓9162 ↓9074 ↓8990 ↓8918 ↓8844 ↓8734 ↓8584 ↓8552 ↓8550 ↓8478 ↓8328 ↓8072 ↓7560 ↓7372 ↓7298 ↓7190 ↓7042 ↓7020 ↓6888 ↓6854 ↓6822 ↓6780 ↓6674 ↓6632 ↓6600 ↓6598 ↓6558 ↓6524 ↓6484 ↓6410 ↓6376 ↓6228 ↓6154 ↓6030 ↓5908 ↓5886 ↓5864 ↓5834 ↓5812 ↓5770 ↓5762 ↓5742 ↓5730 ↓5712 ↓5706 ↓5656 ↓5652 ↓5634 ↓5628 ↓5606 ↓5602 ↓5588 ↓5586 ↓5560 ↓5514 ↓5490 ↓5458 ↓5456 ↓5382 ↓5328 ↓5276 ↓5262 ↓5254 ↓5204 ↓5182 ↓5154 ↓5132 ↓5120 ↓5096 ↓5078 ↓5062 ↓5056 ↓5036 ↓4996 ↓4962 ↓4960 ↓4932 ↓4910 ↓4906 ↓4842 ↓4836 ↓4784 ↓4742 ↓4678 ↓4654 ↓4630 ↓4608 ↓4562 ↓4556 ↓4524 ↓4512 ↓4484 ↓4442 ↓4394 ↓4392 ↓4388 ↓4338 ↓4288 ↓4246 ↓4224 ↓4206 ↓4178 ↓4128 ↓4096 ↓4078 ↓4046 ↓4014 ↓3982 ↓3976 ↓3944 ↓3878 ↓3830
Stage 1: cost=3830  dominant=7  exposure=6  optimal=False
  R_TR=0.3333  worst_arc=(l1,l3,tr2)

  [layered_small_seed1 w=50 s2=off_off] Solving Stage 2 (limit=300s)... ↓[]
  Stage 2: mono=8  conc=1  optimal=False
  R_1=0.8333  worst_trip=(l2,l4,tr1,k6)
  Dispatch: s1=3530  s2=3210  saving=320

  [layered_small_seed1 w=50 s2=both] Solving Stage 2 (limit=300s)... ↓[8000, 816] ↓[7000, 1632] ↓[7000, 816] ↓[6000, 1632] ↓[6000, 816] ↓[5000, 1632] ↓[5000, 816] ↓[4000, 816] ↓[3000, 816] ↓[2000, 816] ↓[1000, 1632] ↓[1000, 816] ↓[0, 816]
  Stage 2: mono=0  conc=1  optimal=False
  R_1=0.8333  worst_trip=(l2,l4,tr1,k1)
  Dispatch: s1=3530  s2=2850  saving=680

  [layered_small_seed1 w=100 proxy=exposure] Solving Stage 1 (limit=300s)...
  [S1 w=100 round 1] budget=299s best=None ↓36290 ↓35550 ↓34884 ↓32960 ↓30962 ↓29630 ↓28964 ↓28224 ↓27410 ↓26744 ↓26004 ↓25986 ↓25868 ↓25854 ↓25796 ↓25780 ↓25764 ↓25720 ↓25692 ↓25666 ↓25662 ↓25578 ↓25546 ↓25514 ↓25504 ↓25462 ↓25430 ↓25422 ↓25400 ↓25368 ↓25358 ↓25316 ↓25292 ↓25262 ↓25252 ↓25242 ↓25230 ↓25226 ↓25216 ↓25196 ↓25184 ↓25148 ↓25144 ↓25092 ↓25082 ↓25042 ↓24988 ↓24860 ↓24852 ↓24842 ↓24704 ↓24656 ↓24624 ↓24610 ↓24504 ↓24492 ↓24460 ↓24396 ↓24336 ↓24328 ↓24310 ↓24246 ↓24208 ↓24134 ↓24102 ↓24074 ↓24010 ↓23994 ↓23968 ↓23924 ↓23850 ↓23822 ↓23782 ↓23770 ↓23728 ↓23710 ↓23704 ↓23650 ↓23578 ↓23526 ↓23468 ↓23452 ↓23408 ↓23398 ↓23394 ↓23378 ↓23348 ↓23294 ↓23256 ↓23192 ↓23156 ↓23092 ↓23038 ↓23010 ↓22988 ↓22984 ↓22934 ↓22914 ↓22860 ↓22838 ↓22764 ↓22704 ↓22682 ↓22630 ↓22626 ↓22594 ↓22590 ↓22578 ↓22570 ↓22506 ↓22494 ↓22492 ↓22424 ↓22390 ↓22334 ↓22316 ↓22288 ↓22256 ↓22192 ↓22178 ↓22114 ↓22100 ↓22068 ↓22066 ↓22034 ↓21992 ↓21990 ↓21966 ↓21956 ↓21884 ↓21810 ↓21770 ↓21696 ↓21588 ↓21440 ↓21374 ↓21364 ↓21342 ↓21332 ↓20956 ↓20936 ↓19920 ↓19772 ↓19664 ↓19516 ↓19476 ↓19382 ↓19328 ↓19254 ↓19220 ↓19186 ↓19126 ↓18998 ↓18958 ↓18884 ↓18850 ↓18810 ↓18736 ↓18702 ↓18554 ↓18480 ↓18414 ↓18374 ↓17996 ↓17592 ↓17588 ↓17364 ↓17272 ↓15480 ↓15380 ↓15296 ↓15280 ↓15260 ↓15258 ↓15252 ↓14996 ↓14808 ↓14742 ↓14626 ↓14554 ↓14552 ↓14478 ↓14330 ↓14258 ↓14256 ↓14162 ↓14034 ↓13812 ↓13738 ↓13698 ↓13666 ↓13594 ↓13592 ↓13518 ↓13444 ↓13370 ↓13296 ↓13264 ↓13220 ↓13146 ↓13072 ↓13056 ↓12982 ↓12964 ↓12954 ↓12880 ↓12840 ↓12806 ↓12758 ↓12732 ↓12658 ↓12584 ↓12560 ↓12492 ↓12424 ↓12296 ↓12242 ↓12118 ↓12044 ↓12042 ↓11920 ↓11872 ↓11798 ↓11724 ↓11536 ↓11524 ↓11504 ↓11452 ↓11450 ↓11280 ↓11058 ↓10836 ↓10810 ↓10736 ↓10662 ↓10562 ↓10488 ↓10456 ↓10424 ↓10418 ↓10386 ↓10312 ↓10280 ↓10116 ↓10044 ↓9910 ↓9596 ↓9144 ↓8996 ↓8984 ↓8586 ↓8216 ↓8196 ↓8046 ↓7946 ↓7934 ↓7924 ↓7882 ↓7848 ↓7774 ↓7700 ↓7526 ↓7502 ↓7428 ↓7354 ↓7280 ↓7256 ↓7206 ↓7160 ↓7132 ↓7034 ↓6960 ↓6886 ↓6836 ↓6688 ↓6614 ↓6490 ↓6466 ↓6392 ↓6380 ↓6294 ↓6170 ↓6156 ↓6144 ↓6070 ↓6002 ↓5962 ↓5928 ↓5878 ↓5854 ↓5706 ↓5632 ↓5612 ↓5606 ↓5596 ↓5532 ↓5520 ↓5512 ↓5448 ↓5432 ↓5398 ↓5338 ↓5324 ↓5258 ↓5254 ↓5200 ↓5126 ↓5084 ↓5048 ↓5000 ↓4926 ↓4914 ↓4882 ↓4850 ↓4836 ↓4804 ↓4750 ↓4650 ↓4636 ↓4622 ↓4586 ↓4522 ↓4508 ↓4486 ↓4422 ↓4408 ↓4402 ↓4396 ↓4322 ↓4248 ↓4174 ↓4164 ↓4150 ↓4090 ↓4088 ↓4056
Stage 1: cost=4056  dominant=7  exposure=6  optimal=False
  R_TR=0.3333  worst_arc=(l1,l3,tr2)

  [layered_small_seed1 w=100 s2=off_off] Solving Stage 2 (limit=300s)... ↓[]
  Stage 2: mono=14  conc=2  optimal=False
  R_1=0.8  worst_trip=(l2,l4,tr1,k6)
  Dispatch: s1=3456  s2=3392  saving=64

  [layered_small_seed1 w=100 s2=both] Solving Stage 2 (limit=300s)... ↓[14000, 1632] ↓[12000, 1632] ↓[11000, 1632] ↓[11000, 816] ↓[10000, 816] ↓[9000, 816] ↓[8000, 816] ↓[7000, 816] ↓[6000, 816] ↓[5000, 1632] ↓[5000, 816] ↓[4000, 816] ↓[3000, 816] ↓[2000, 816] ↓[1000, 816] ↓[0, 816]
  Stage 2: mono=0  conc=1  optimal=False
  R_1=0.8333  worst_trip=(l3,l5,tr1,k1)
  Dispatch: s1=3456  s2=3106  saving=350

  [layered_small_seed1 w=150 proxy=exposure] Solving Stage 1 (limit=300s)...
  [S1 w=150 round 1] budget=299s best=None ↓36490 ↓35750 ↓35084 ↓33160 ↓31162 ↓29830 ↓29164 ↓28424 ↓27610 ↓26944 ↓26204 ↓26194 ↓26066 ↓26004 ↓25984 ↓25962 ↓25920 ↓25898 ↓25866 ↓25864 ↓25832 ↓25790 ↓25758 ↓25748 ↓25716 ↓25684 ↓25626 ↓25572 ↓25554 ↓25534 ↓25502 ↓25500 ↓25468 ↓25444 ↓25422 ↓25358 ↓25344 ↓25280 ↓25276 ↓25202 ↓25190 ↓25158 ↓25118 ↓25086 ↓24996 ↓24974 ↓24952 ↓24932 ↓24924 ↓24882 ↓24878 ↓24856 ↓24830 ↓24800 ↓24792 ↓24760 ↓24744 ↓24740 ↓24708 ↓24622 ↓24594 ↓24572 ↓24562 ↓24518 ↓24484 ↓24474 ↓24442 ↓24428 ↓24420 ↓24366 ↓24334 ↓24292 ↓24260 ↓24244 ↓24210 ↓24186 ↓24178 ↓24146 ↓24082 ↓24016 ↓23986 ↓23958 ↓23936 ↓23926 ↓23894 ↓23862 ↓23816 ↓23814 ↓23772 ↓23740 ↓23698 ↓23666 ↓23624 ↓23592 ↓23580 ↓23560 ↓23528 ↓23496 ↓23486 ↓23476 ↓23444 ↓23420 ↓23368 ↓23304 ↓23294 ↓23240 ↓23238 ↓23166 ↓23164 ↓23162 ↓23118 ↓23098 ↓23024 ↓22994 ↓22970 ↓22906 ↓22900 ↓22896 ↓22864 ↓22854 ↓22822 ↓22820 ↓22746 ↓22734 ↓22724 ↓22660 ↓22618 ↓22554 ↓22500 ↓22436 ↓22394 ↓22392 ↓22328 ↓22308 ↓22254 ↓22244 ↓22170 ↓22106 ↓22084 ↓22042 ↓21994 ↓21936 ↓21908 ↓21904 ↓21840 ↓21780 ↓21706 ↓21694 ↓21662 ↓21630 ↓21604 ↓21572 ↓21520 ↓21488 ↓21456 ↓21434 ↓21424 ↓21370 ↓21338 ↓21306 ↓21296 ↓21232 ↓21188 ↓21114 ↓21086 ↓21072 ↓21034 ↓21012 ↓21002 ↓20936 ↓20934 ↓20902 ↓20892 ↓20860 ↓20812 ↓20780 ↓20756 ↓20754 ↓20742 ↓20720 ↓20560 ↓20534 ↓20502 ↓20470 ↓20278 ↓20210 ↓20080 ↓20040 ↓20008 ↓19976 ↓19950 ↓19886 ↓19800 ↓19706 ↓19686 ↓19672 ↓19576 ↓19512 ↓19424 ↓19352 ↓19298 ↓19290 ↓19162 ↓19042 ↓19012 ↓18884 ↓18846 ↓18796 ↓18648 ↓18424 ↓18402 ↓18328 ↓18326 ↓18252 ↓18098 ↓18092 ↓17944 ↓17912 ↓17880 ↓17878 ↓17804 ↓17730 ↓17656 ↓17586 ↓17512 ↓17508 ↓17434 ↓17244 ↓17170 ↓17138 ↓17064 ↓17028 ↓17026 ↓16954 ↓16946 ↓16872 ↓16798 ↓16724 ↓16682 ↓16650 ↓16622 ↓16548 ↓16520 ↓16510 ↓16436 ↓16434 ↓16360 ↓16324 ↓16178 ↓16166 ↓16104 ↓16030 ↓15956 ↓15914 ↓15882 ↓15850 ↓15826 ↓15784 ↓15752 ↓15666 ↓15634 ↓15602 ↓15600 ↓15580 ↓15572 ↓15530 ↓15506 ↓15314 ↓15306 ↓15284 ↓14954 ↓14378 ↓14090 ↓14058 ↓13962 ↓13920 ↓13866 ↓13834 ↓13642 ↓13588 ↓13578 ↓13440 ↓13434 ↓13358 ↓13326 ↓13316 ↓13302 ↓13160 ↓13112 ↓13104 ↓13062 ↓13038 ↓13006 ↓12964 ↓12938 ↓12898 ↓12816 ↓12750 ↓12674 ↓12626 ↓12616 ↓12602 ↓12592 ↓12526 ↓12450 ↓12442 ↓12376 ↓12344 ↓12296 ↓12276 ↓11960 ↓11948 ↓11692 ↓11436 ↓11386 ↓11016 ↓10966 ↓10874 ↓10744 ↓10710 ↓10602 ↓10584 ↓10498 ↓10460 ↓10232 ↓10172 ↓10114 ↓10086 ↓10074 ↓10014 ↓9986 ↓9940 ↓9804 ↓9730 ↓9718 ↓9206 ↓8694 ↓8544 ↓8458 ↓8202 ↓8010 ↓7942 ↓7690 ↓7626 ↓7434 ↓7370 ↓7242 ↓7178 ↓7174 ↓7114 ↓7050 ↓6986 ↓6922 ↓6858 ↓6730 ↓6728 ↓6702 ↓6698 ↓6602 ↓6474 ↓6452 ↓6450 ↓6398 ↓6376 ↓6366 ↓6334 ↓6302 ↓6270 ↓6238 ↓6184 ↓6152 ↓6116 ↓6074 ↓6046 ↓6014 ↓5982 ↓5968 ↓5854 ↓5840 ↓5808 ↓5776 ↓5712 ↓5648 ↓5636 ↓5604 ↓5562 ↓5498 ↓5466 ↓5408 ↓5394 ↓5382 ↓5350 ↓5320 ↓5282 ↓5246 ↓5144 ↓5120 ↓5058 ↓5054 ↓5022 ↓5006 ↓5002 ↓4942 ↓4920 ↓4888 ↓4856 ↓4824 ↓4792 ↓4770 ↓4738 ↓4706 ↓4664 ↓4654 ↓4632 ↓4600 ↓4598 ↓4534 ↓4526 ↓4470 ↓4464 ↓4400 ↓4396 ↓4386 ↓4364 ↓4354 ↓4342 ↓4322 ↓4300
Stage 1: cost=4300  dominant=10  exposure=4  optimal=False
  R_TR=0.3333  worst_arc=(l3,l5,tr1)

  [layered_small_seed1 w=150 s2=off_off] Solving Stage 2 (limit=300s)... ↓[]
  Stage 2: mono=9  conc=9  optimal=False
  R_1=0.8333  worst_trip=(l2,l4,tr1,k4)
  Dispatch: s1=3700  s2=3242  saving=458

  [layered_small_seed1 w=150 s2=both] Solving Stage 2 (limit=300s)... ↓[15000, 6618] ↓[15000, 5802] ↓[14000, 5500] ↓[14000, 4986] ↓[14000, 4684] ↓[13000, 5500] ↓[13000, 4684] ↓[13000, 4382] ↓[12000, 4382] ↓[12000, 4080] ↓[7000, 4382] ↓[6000, 4684] ↓[6000, 4382] ↓[5000, 4684] ↓[5000, 4382] ↓[4000, 4684] ↓[4000, 4382] ↓[4000, 3868] ↓[4000, 3264] ↓[4000, 2750] ↓[4000, 2448] ↓[3000, 3566] ↓[3000, 3264] ↓[2000, 3264] ↓[2000, 2750] ↓[2000, 2448] ↓[1000, 2448]
  Stage 2: mono=1  conc=3  optimal=False
  R_1=0.8667  worst_trip=(l2,l3,tr2,k1)
  Dispatch: s1=3700  s2=3456  saving=244

  [layered_small_seed1 w=200 proxy=exposure] Solving Stage 1 (limit=300s)...
  [S1 w=200 round 1] budget=299s best=None ↓36690 ↓35950 ↓35284 ↓33360 ↓31362 ↓30030 ↓29364 ↓28624 ↓27810 ↓27144 ↓26404 ↓26376 ↓26324 ↓26318 ↓26294 ↓26288 ↓26264 ↓26232 ↓26230 ↓26134 ↓26108 ↓26084 ↓26014 ↓26008 ↓25954 ↓25900 ↓25890 ↓25826 ↓25806 ↓25798 ↓25766 ↓25702 ↓25668 ↓25648 ↓25616 ↓25584 ↓25570 ↓25496 ↓25488 ↓25456 ↓25448 ↓25372 ↓25324 ↓25296 ↓25224 ↓25200 ↓25196 ↓25164 ↓25114 ↓25052 ↓24968 ↓24928 ↓24918 ↓24898 ↓24878 ↓24870 ↓24864 ↓24800 ↓24782 ↓24708 ↓24704 ↓24630 ↓24598 ↓24596 ↓24568 ↓24566 ↓24536 ↓24504 ↓24496 ↓24442 ↓24398 ↓24384 ↓24356 ↓24324 ↓24282 ↓24230 ↓24202 ↓24180 ↓24158 ↓24118 ↓24104 ↓24050 ↓24040 ↓24014 ↓23982 ↓23944 ↓23920 ↓23846 ↓23836 ↓23764 ↓23752 ↓23732 ↓23644 ↓23628 ↓23616 ↓23584 ↓23554 ↓23526 ↓23510 ↓23500 ↓23488 ↓23468 ↓23436 ↓23388 ↓23372 ↓23340 ↓23316 ↓23314 ↓23284 ↓23244 ↓23234 ↓23160 ↓23134 ↓23118 ↓23084 ↓23070 ↓23024 ↓23012 ↓22948 ↓22902 ↓22848 ↓22804 ↓22770 ↓22706 ↓22676 ↓22648 ↓22634 ↓22624 ↓22570 ↓22548 ↓22520 ↓22512 ↓22480 ↓22456 ↓22424 ↓22418 ↓22386 ↓22358 ↓22314 ↓22298 ↓22234 ↓22226 ↓22162 ↓22146 ↓20906 ↓20888 ↓20814 ↓20810 ↓20778 ↓20752 ↓20686 ↓20618 ↓20592 ↓20528 ↓20460 ↓20438 ↓20368 ↓20302 ↓20238 ↓20206 ↓20172 ↓20140 ↓20082 ↓20052 ↓20020 ↓19828 ↓19804 ↓19604 ↓19602 ↓19528 ↓19380 ↓19358 ↓19272 ↓19248 ↓19232 ↓19184 ↓19166 ↓19100 ↓19078 ↓19066 ↓19056 ↓19026 ↓18980 ↓18960 ↓18934 ↓18786 ↓18738 ↓18728 ↓18546 ↓18486 ↓18476 ↓18458 ↓18442 ↓18394 ↓18324 ↓18102 ↓18032 ↓17978 ↓17968 ↓17954 ↓17944 ↓17876 ↓17812 ↓17480 ↓17384 ↓17306 ↓17064 ↓16944 ↓16574 ↓16278 ↓16204 ↓16132 ↓16018 ↓15986 ↓15762 ↓15464 ↓15444 ↓15296 ↓15102 ↓15052 ↓15000 ↓14950 ↓14906 ↓14702 ↓14332 ↓14320 ↓14246 ↓14140 ↓14062 ↓14012 ↓13960 ↓13956 ↓13892 ↓13842 ↓13808 ↓13766 ↓13744 ↓13734 ↓13670 ↓13652 ↓13642 ↓13586 ↓13570 ↓13544 ↓13520 ↓13506 ↓13462 ↓13442 ↓13428 ↓13408 ↓13366 ↓13322 ↓13214 ↓13210 ↓13198 ↓13134 ↓13130 ↓13100 ↓13052 ↓13042 ↓13040 ↓13002 ↓12968 ↓12946 ↓12906 ↓12686 ↓12672 ↓12472 ↓12384 ↓12270 ↓12122 ↓11900 ↓11678 ↓11456 ↓11188 ↓10932 ↓10676 ↓10334 ↓10310 ↓10072 ↓9850 ↓9826 ↓9820 ↓9332 ↓9308 ↓9278 ↓8988 ↓8766 ↓8650 ↓8646 ↓8628 ↓8504 ↓8482 ↓8454 ↓8300 ↓8242 ↓8210 ↓8188 ↓8178 ↓8176 ↓8124 ↓7964 ↓7922 ↓7852 ↓7850 ↓7848 ↓7820 ↓7792 ↓7548 ↓7474 ↓7452 ↓7400 ↓7380 ↓7356 ↓7348 ↓7200 ↓7180 ↓7158 ↓7156 ↓7138 ↓7114 ↓7092 ↓7090 ↓7086 ↓7052 ↓7032 ↓6978 ↓6956 ↓6938 ↓6914 ↓6912 ↓6892 ↓6890 ↓6864 ↓6738 ↓6724 ↓6716 ↓6694 ↓6672 ↓6652 ↓6630 ↓6628 ↓6606 ↓6604 ↓6558 ↓6550 ↓6302 ↓6272 ↓6218 ↓6154 ↓6112 ↓6080 ↓6048 ↓5984 ↓5980 ↓5948 ↓5928 ↓5874 ↓5864 ↓5800 ↓5796 ↓5788 ↓5778 ↓5754 ↓5736 ↓5724 ↓5698 ↓5668 ↓5666 ↓5644 ↓5604 ↓5568 ↓5556 ↓5536 ↓5524 ↓5504 ↓5496 ↓5458 ↓5438 ↓5416 ↓5372 ↓5350 ↓5342 ↓5322 ↓5304 ↓5290 ↓5278 ↓5214 ↓5172 ↓5124 ↓5122 ↓5112 ↓5090 ↓5082 ↓5046 ↓5018 ↓5006 ↓4984 ↓4954
Stage 1: cost=4954  dominant=14  exposure=1  optimal=False
  R_TR=0.5  worst_arc=(l2,l4,tr1)

  [layered_small_seed1 w=200 s2=off_off] Solving Stage 2 (limit=300s)... ↓[]
  Stage 2: mono=14  conc=11  optimal=False
  R_1=0.8  worst_trip=(l2,l4,tr1,k2)
  Dispatch: s1=4754  s2=4594  saving=160

  [layered_small_seed1 w=200 s2=both] Solving Stage 2 (limit=300s)... ↓[14000, 6406] ↓[13000, 6406] ↓[12000, 6406] ↓[11000, 6406] ↓[11000, 5802] ↓[11000, 5500] ↓[11000, 4986] ↓[10000, 5802] ↓[10000, 5500] ↓[9000, 5802] ↓[9000, 5500] ↓[8000, 5802] ↓[8000, 5500] ↓[8000, 5288] ↓[8000, 4986] ↓[7000, 6104] ↓[7000, 5802] ↓[7000, 4684] ↓[6000, 5500] ↓[6000, 4986] ↓[6000, 4684] ↓[5000, 5500] ↓[5000, 4684] ↓[4000, 5802] ↓[4000, 5288] ↓[4000, 4986] ↓[4000, 4684]
  Stage 2: mono=4  conc=7  optimal=False
  R_1=0.8333  worst_trip=(l2,l4,tr1,k5)
  Dispatch: s1=4754  s2=4274  saving=480

  [layered_small_seed1 w=250 proxy=exposure] Solving Stage 1 (limit=300s)...
  [S1 w=250 round 1] budget=299s best=None ↓36890 ↓36150 ↓35484 ↓33560 ↓31562 ↓30230 ↓29564 ↓28824 ↓28010 ↓27344 ↓26604 ↓26552 ↓26518 ↓26474 ↓26458 ↓26422 ↓26360 ↓26320 ↓26298 ↓26240 ↓26234 ↓26232 ↓26222 ↓26158 ↓26142 ↓26088 ↓26040 ↓26032 ↓26022 ↓25968 ↓25912 ↓25894 ↓25892 ↓25856 ↓25784 ↓25772 ↓25718 ↓25654 ↓25630 ↓25610 ↓25590 ↓25558 ↓25554 ↓25500 ↓25476 ↓25442 ↓25424 ↓25360 ↓25338 ↓25280 ↓25242 ↓25220 ↓25218 ↓25176 ↓25154 ↓25112 ↓25068 ↓25054 ↓25022 ↓24998 ↓24966 ↓24956 ↓24924 ↓24900 ↓24886 ↓24850 ↓24728 ↓24690 ↓24646 ↓24592 ↓24564 ↓24548 ↓24474 ↓24472 ↓24440 ↓24432 ↓24368 ↓24324 ↓24260 ↓24250 ↓24218 ↓24210 ↓24168 ↓24144 ↓24112 ↓24062 ↓24034 ↓24028 ↓24026 ↓23952 ↓23950 ↓23886 ↓23878 ↓23876 ↓23812 ↓23802 ↓23738 ↓23710 ↓23680 ↓23656 ↓23590 ↓23582 ↓23516 ↓23466 ↓23442 ↓23408 ↓23376 ↓23368 ↓23366 ↓23302 ↓23294 ↓23260 ↓23228 ↓22986 ↓22932 ↓22858 ↓22846 ↓22698 ↓22626 ↓22624 ↓22594 ↓22580 ↓22516 ↓22478 ↓22454 ↓22386 ↓22142 ↓22114 ↓21886 ↓21822 ↓21442 ↓21186 ↓21146 ↓21082 ↓21078 ↓21014 ↓20930 ↓20924 ↓20860 ↓20850 ↓20786 ↓20696 ↓20638 ↓20634 ↓20570 ↓20566 ↓20530 ↓20486 ↓20428 ↓20332 ↓20212 ↓20194 ↓20186 ↓19962 ↓19898 ↓19848 ↓19820 ↓19784 ↓19742 ↓19736 ↓19608 ↓19578 ↓19462 ↓19260 ↓19254 ↓19234 ↓19122 ↓18998 ↓18832 ↓18818 ↓18776 ↓18736 ↓18668 ↓18604 ↓18540 ↓18448 ↓18444 ↓18416 ↓18412 ↓18300 ↓18260 ↓18194 ↓18130 ↓18066 ↓18002 ↓17928 ↓17908 ↓17854 ↓17780 ↓17734 ↓17694 ↓17678 ↓17652 ↓17620 ↓17606 ↓17478 ↓17468 ↓17462 ↓17398 ↓17390 ↓17366 ↓17356 ↓17346 ↓17218 ↓17172 ↓17170 ↓17152 ↓17106 ↓17100 ↓17076 ↓17026 ↓17014 ↓17012 ↓16980 ↓16958 ↓16924 ↓16916 ↓16884 ↓16850 ↓16818 ↓16564 ↓16308 ↓16244 ↓16180 ↓16052 ↓15988 ↓15604 ↓15476 ↓15470 ↓15444 ↓15348 ↓15220 ↓15156 ↓15092 ↓15028 ↓14868 ↓14804 ↓14740 ↓14676 ↓14484 ↓14452 ↓14228 ↓14148 ↓14116 ↓14084 ↓13748 ↓13572 ↓13316 ↓13268 ↓13012 ↓12980 ↓12724 ↓12692 ↓12436 ↓12346 ↓12286 ↓12212 ↓12148 ↓12084 ↓11956 ↓11918 ↓11828 ↓11000 ↓10744 ↓10260 ↓10244 ↓9976 ↓9848 ↓9748 ↓9236 ↓9202 ↓9046 ↓8974 ↓8718 ↓8206 ↓8078 ↓7822 ↓7630 ↓7598 ↓7576 ↓7412 ↓7310 ↓7284 ↓7252 ↓7220 ↓7188 ↓7150 ↓7134 ↓6868 ↓6766 ↓6750 ↓6708 ↓6686 ↓6644 ↓6580 ↓6574 ↓6542 ↓6510 ↓6484 ↓6452 ↓6420 ↓6356 ↓6324 ↓6292 ↓6266 ↓6252 ↓6220 ↓6202 ↓6170 ↓6138 ↓6106 ↓6074 ↓6010 ↓5996 ↓5972 ↓5844 ↓5800 ↓5748 ↓5684 ↓5614 ↓5594 ↓5562 ↓5498 ↓5466 ↓5440 ↓5380 ↓5376 ↓5312 ↓5306 ↓5280 ↓5248 ↓5214 ↓5194 ↓5190 ↓5180 ↓5102 ↓5050 ↓5030 ↓5016 ↓4992 ↓4928 ↓4896 ↓4888 ↓4868 ↓4864 ↓4832 ↓4814 ↓4788 ↓4768 ↓4752 ↓4746 ↓4736 ↓4724 ↓4704 ↓4692 ↓4672 ↓4670 ↓4650 ↓4642 ↓4630
Stage 1: cost=4630  dominant=14  exposure=2  optimal=False
  R_TR=0.3667  worst_arc=(l3,l5,tr1)

  [layered_small_seed1 w=250 s2=off_off] Solving Stage 2 (limit=300s)... ↓[]
  Stage 2: mono=12  conc=11  optimal=False
  R_1=0.8  worst_trip=(l2,l4,tr1,k2)
  Dispatch: s1=4130  s2=3810  saving=320

  [layered_small_seed1 w=250 s2=both] Solving Stage 2 (limit=300s)... ↓[12000, 6920] ↓[12000, 6618] ↓[12000, 6316] ↓[12000, 6014] ↓[10000, 6316] ↓[10000, 6014] ↓[10000, 5198] ↓[9000, 5198] ↓[8000, 5198] ↓[7000, 5198] ↓[6000, 5198] ↓[5000, 5198] ↓[4000, 5198] ↓[3000, 5198] ↓[3000, 4986] ↓[3000, 4684] ↓[3000, 4382] ↓[3000, 4080]
  Stage 2: mono=3  conc=5  optimal=False
  R_1=0.8667  worst_trip=(l3,l5,tr1,k3)
  Dispatch: s1=4130  s2=3918  saving=212

  [layered_small_seed1 w=300 proxy=exposure] Solving Stage 1 (limit=300s)...
  [S1 w=300 round 1] budget=299s best=None ↓37090 ↓36350 ↓35684 ↓33760 ↓31762 ↓30430 ↓29764 ↓29024 ↓28210 ↓27544 ↓26804 ↓26772 ↓26748 ↓26734 ↓26718 ↓26712 ↓26650 ↓26646 ↓26636 ↓26612 ↓26608 ↓26590 ↓26558 ↓26526 ↓26454 ↓26392 ↓26380 ↓26366 ↓26344 ↓26334 ↓26310 ↓26202 ↓26176 ↓26168 ↓26130 ↓26040 ↓26018 ↓25994 ↓25980 ↓25970 ↓25948 ↓25908 ↓25866 ↓25748 ↓25716 ↓25696 ↓25664 ↓25662 ↓25598 ↓25592 ↓25542 ↓25522 ↓25490 ↓25458 ↓25432 ↓25428 ↓25426 ↓25416 ↓25352 ↓25334 ↓25274 ↓25180 ↓25162 ↓25098 ↓25076 ↓25056 ↓25002 ↓24966 ↓24894 ↓24832 ↓24760 ↓24698 ↓24666 ↓24636 ↓24612 ↓24582 ↓24530 ↓24488 ↓24456 ↓24432 ↓24410 ↓24398 ↓24376 ↓24352 ↓24350 ↓24318 ↓24260 ↓24250 ↓24240 ↓24148 ↓23972 ↓23962 ↓23818 ↓23530 ↓23450 ↓23438 ↓23396 ↓23372 ↓23306 ↓23226 ↓23214 ↓23140 ↓23084 ↓23010 ↓22788 ↓22714 ↓22704 ↓22548 ↓22426 ↓22266 ↓22192 ↓22160 ↓22096 ↓22042 ↓21968 ↓21946 ↓21936 ↓21904 ↓21840 ↓21808 ↓21678 ↓21668 ↓21632 ↓21604 ↓21594 ↓21464 ↓21224 ↓21160 ↓20864 ↓20420 ↓20346 ↓20272 ↓20040 ↓19976 ↓19966 ↓19902 ↓19892 ↓19828 ↓19752 ↓19688 ↓19678 ↓19614 ↓19604 ↓19540 ↓19508 ↓19400 ↓19372 ↓19340 ↓19308 ↓19264 ↓19244 ↓19190 ↓19116 ↓19084 ↓19020 ↓18828 ↓18700 ↓18636 ↓18604 ↓18572 ↓18540 ↓18508 ↓18476 ↓18472 ↓18412 ↓18380 ↓18360 ↓18252 ↓18188 ↓18124 ↓18104 ↓18028 ↓17848 ↓17720 ↓17496 ↓17432 ↓17324 ↓17228 ↓17176 ↓16856 ↓16802 ↓16738 ↓16674 ↓16620 ↓16568 ↓16556 ↓16440 ↓16376 ↓16312 ↓16248 ↓16216 ↓16196 ↓16122 ↓16120 ↓16112 ↓15894 ↓15574 ↓15420 ↓15164 ↓15132 ↓14876 ↓14812 ↓14748 ↓14556 ↓14538 ↓14466 ↓14442 ↓14384 ↓14310 ↓14236 ↓14230 ↓14158 ↓14084 ↓14010 ↓13936 ↓13934 ↓13860 ↓13490 ↓13316 ↓13170 ↓13074 ↓13010 ↓12850 ↓12818 ↓12690 ↓12626 ↓12530 ↓12338 ↓12274 ↓12082 ↓12018 ↓11992 ↓11672 ↓11608 ↓11576 ↓11544 ↓11480 ↓11448 ↓11416 ↓11414 ↓11382 ↓11378 ↓11356 ↓11318 ↓11254 ↓11220 ↓11212 ↓11148 ↓11112 ↓11108 ↓11064 ↓11048 ↓10672 ↓10558 ↓10540 ↓10412 ↓10380 ↓10326 ↓10226 ↓10166 ↓10116 ↓10066 ↓9906 ↓9832 ↓9746 ↓9672 ↓9558 ↓9458 ↓9174 ↓9110 ↓8964 ↓8914 ↓8900 ↓8850 ↓8754 ↓8690 ↓8616 ↓8612 ↓8538 ↓8526 ↓8342 ↓8242 ↓8182 ↓8178 ↓8146 ↓8142 ↓8110 ↓8104 ↓8100 ↓8040 ↓7940 ↓7932 ↓7922 ↓7912 ↓7848 ↓7784 ↓7720 ↓7688 ↓7656 ↓7624 ↓7592 ↓7582 ↓7574 ↓7568 ↓7560 ↓7486 ↓7454 ↓7410 ↓7284 ↓7230 ↓7210 ↓7190 ↓7164 ↓7136 ↓7082 ↓7072 ↓7034 ↓6984 ↓6982 ↓6932 ↓6852 ↓6848 ↓6824 ↓6752 ↓6688 ↓6618 ↓6610 ↓6556 ↓6536 ↓6482 ↓6472 ↓6450 ↓6418 ↓6388 ↓6306 ↓6260 ↓6220 ↓6216 ↓6194 ↓6158 ↓6124 ↓6096 ↓6076 ↓6036 ↓6024 ↓5888 ↓5874 ↓5810 ↓5760 ↓5746 ↓5714 ↓5712 ↓5680 ↓5632 ↓5588 ↓5556 ↓5524 ↓5504 ↓5472 ↓5376 ↓5344 ↓5338 ↓5242 ↓5210 ↓5146 ↓5082 ↓5018 ↓4986 ↓4984 ↓4974 ↓4920 ↓4888 ↓4886 ↓4870 ↓4822 ↓4812 ↓4780 ↓4758 ↓4694 ↓4656 ↓4654 ↓4634 ↓4602 ↓4596 ↓4590 ↓4558
Stage 1: cost=4558  dominant=13  exposure=1  optimal=False
  R_TR=0.3333  worst_arc=(l3,l5,tr1)

  [layered_small_seed1 w=300 s2=off_off] Solving Stage 2 (limit=300s)... ↓[]
  Stage 2: mono=16  conc=13  optimal=False
  R_1=0.8  worst_trip=(l2,l4,tr1,k2)
  Dispatch: s1=4258  s2=3800  saving=458

  [layered_small_seed1 w=300 s2=both] Solving Stage 2 (limit=300s)... ↓[16000, 9580] ↓[15000, 8764] ↓[15000, 8462] ↓[14000, 8462] ↓[13000, 9066] ↓[13000, 8764] ↓[13000, 8462] ↓[5000, 6014] ↓[5000, 4382] ↓[4000, 4382] ↓[3000, 4382] ↓[2000, 5198] ↓[2000, 4382] ↓[1000, 5198] ↓[1000, 4382]
  Stage 2: mono=1  conc=6  optimal=False
  R_1=0.8667  worst_trip=(l1,l3,tr1,k3)
  Dispatch: s1=4258  s2=4152  saving=106

  [layered_small_seed1 w=350 proxy=exposure] Solving Stage 1 (limit=300s)...
  [S1 w=350 round 1] budget=299s best=None ↓37290 ↓36550 ↓35884 ↓33960 ↓31962 ↓30630 ↓29964 ↓29224 ↓28410 ↓27744 ↓27004 ↓26954 ↓26948 ↓26842 ↓26828 ↓26806 ↓26764 ↓26728 ↓26696 ↓26688 ↓26656 ↓26644 ↓26612 ↓26594 ↓26530 ↓26520 ↓26502 ↓26472 ↓26432 ↓26412 ↓26338 ↓26310 ↓26282 ↓26242 ↓26192 ↓26178 ↓26124 ↓26060 ↓26050 ↓26018 ↓25980 ↓25974 ↓25912 ↓25870 ↓25848 ↓25826 ↓25792 ↓25714 ↓25682 ↓25596 ↓25582 ↓25578 ↓25576 ↓25546 ↓25514 ↓25494 ↓25420 ↓25378 ↓25332 ↓25262 ↓25234 ↓25226 ↓25208 ↓25146 ↓25130 ↓25098 ↓25076 ↓25036 ↓24978 ↓24956 ↓24950 ↓24886 ↓24864 ↓24832 ↓24800 ↓24740 ↓24724 ↓24700 ↓24678 ↓24646 ↓24582 ↓24538 ↓24526 ↓24492 ↓24484 ↓24452 ↓24406 ↓24392 ↓24318 ↓24286 ↓24266 ↓24264 ↓24242 ↓24232 ↓24202 ↓24138 ↓24126 ↓24124 ↓24092 ↓24070 ↓24060 ↓24038 ↓23974 ↓23956 ↓23924 ↓23908 ↓23834 ↓23766 ↓23558 ↓23334 ↓23332 ↓23260 ↓23186 ↓23078 ↓23038 ↓22822 ↓22782 ↓22526 ↓22504 ↓22452 ↓22378 ↓22312 ↓22252 ↓22244 ↓22178 ↓22148 ↓22146 ↓22082 ↓21540 ↓21220 ↓20930 ↓20900 ↓20740 ↓20708 ↓20580 ↓20290 ↓20194 ↓20164 ↓20152 ↓20034 ↓19938 ↓19540 ↓18800 ↓18480 ↓17840 ↓17520 ↓17200 ↓17036 ↓16324 ↓16260 ↓16228 ↓16132 ↓16068 ↓15908 ↓15812 ↓15780 ↓15776 ↓15622 ↓15492 ↓15428 ↓15332 ↓15268 ↓15236 ↓15214 ↓15202 ↓15138 ↓15106 ↓14882 ↓14786 ↓14754 ↓14722 ↓14626 ↓14594 ↓14530 ↓14498 ↓14466 ↓14360 ↓14190 ↓14144 ↓14092 ↓14042 ↓13856 ↓13736 ↓13542 ↓13344 ↓13024 ↓12640 ↓12512 ↓12468 ↓12458 ↓12384 ↓12286 ↓12094 ↓11774 ↓11710 ↓11678 ↓11476 ↓11394 ↓11308 ↓11052 ↓10796 ↓10540 ↓10284 ↓10056 ↓9914 ↓9872 ↓9828 ↓9572 ↓9316 ↓9060 ↓8804 ↓8764 ↓8594 ↓8544 ↓8444 ↓8334 ↓7964 ↓7878 ↓7804 ↓7674 ↓7484 ↓7450 ↓7438 ↓7382 ↓7354 ↓7268 ↓7186 ↓7160 ↓7134 ↓7116 ↓7104 ↓7094 ↓7054 ↓7028 ↓6858 ↓6844 ↓6840 ↓6778 ↓6730 ↓6660 ↓6648 ↓6598 ↓6582 ↓6574 ↓6524 ↓6510 ↓6502 ↓6490 ↓6480 ↓6396 ↓6342 ↓6300 ↓6278 ↓6248 ↓6174 ↓6160 ↓6150 ↓6040 ↓5990 ↓5968 ↓5928 ↓5898 ↓5860 ↓5766 ↓5606 ↓5566 ↓5536 ↓5472 ↓5446 ↓5384 ↓5376 ↓5338 ↓5328 ↓5318 ↓5264 ↓5262 ↓5240 ↓5228 ↓5134 ↓5104 ↓5098 ↓5068 ↓5066 ↓4970 ↓4906 ↓4876 ↓4874 ↓4844 ↓4842 ↓4836 ↓4814 ↓4784 ↓4748
Stage 1: cost=4748  dominant=15  exposure=0  optimal=False
  R_TR=0.6667  worst_arc=(l2,l4,tr1)

  [layered_small_seed1 w=350 s2=off_off] Solving Stage 2 (limit=300s)... ↓[]
  Stage 2: mono=14  conc=14  optimal=False
  R_1=0.8  worst_trip=(l1,l3,tr1,k1)
  Dispatch: s1=4748  s2=4524  saving=224

  [layered_small_seed1 w=350 s2=both] Solving Stage 2 (limit=300s)... ↓[17000, 9670] ↓[17000, 8854] ↓[17000, 8552] ↓[17000, 8250] ↓[11000, 6618] ↓[10000, 6618] ↓[10000, 5802] ↓[9000, 6618] ↓[9000, 5802] ↓[8000, 6618] ↓[8000, 6104] ↓[8000, 5802] ↓[7000, 7434] ↓[7000, 6618] ↓[7000, 5802] ↓[6000, 7434] ↓[6000, 6618] ↓[6000, 5802] ↓[5000, 8250] ↓[5000, 7434] ↓[5000, 6618] ↓[5000, 5802] ↓[5000, 4986] ↓[4000, 8250] ↓[4000, 7434] ↓[4000, 6618] ↓[4000, 5802] ↓[4000, 5500] ↓[4000, 4684]
  Stage 2: mono=4  conc=7  optimal=False
  R_1=0.8333  worst_trip=(l1,l3,tr1,k1)
  Dispatch: s1=4748  s2=4428  saving=320

  [layered_small_seed1 w=400 proxy=exposure] Solving Stage 1 (limit=300s)...
  [S1 w=400 round 1] budget=299s best=None ↓37490 ↓36750 ↓36084 ↓34160 ↓32162 ↓30830 ↓30164 ↓29424 ↓28610 ↓27944 ↓27204 ↓27172 ↓27140 ↓27134 ↓27124 ↓27122 ↓27092 ↓27090 ↓27070 ↓27060 ↓27038 ↓27014 ↓26982 ↓26926 ↓26918 ↓26854 ↓26836 ↓26778 ↓26722 ↓26628 ↓26586 ↓26556 ↓26552 ↓26512 ↓26480 ↓26456 ↓26436 ↓26426 ↓26404 ↓26372 ↓26362 ↓26340 ↓26308 ↓26298 ↓26292 ↓26270 ↓26238 ↓26172 ↓26098 ↓26078 ↓26072 ↓26032 ↓25986 ↓25964 ↓25952 ↓25942 ↓25878 ↓25858 ↓25834 ↓25814 ↓25794 ↓25760 ↓25718 ↓25712 ↓25680 ↓25648 ↓25638 ↓25630 ↓25620 ↓25590 ↓25562 ↓25544 ↓25534 ↓25502 ↓25416 ↓25394 ↓25384 ↓25366 ↓25344 ↓25336 ↓25316 ↓25284 ↓25262 ↓25258 ↓25256 ↓25224 ↓25192 ↓25166 ↓25146 ↓25144 ↓25124 ↓25102 ↓25086 ↓25066 ↓25012 ↓24970 ↓24944 ↓24922 ↓24900 ↓24892 ↓24844 ↓24746 ↓24718 ↓24698 ↓24688 ↓24644 ↓24634 ↓24614 ↓24528 ↓24490 ↓24416 ↓24406 ↓24384 ↓24378 ↓24346 ↓24324 ↓24278 ↓24276 ↓24224 ↓24210 ↓24142 ↓24046 ↓24014 ↓23982 ↓23906 ↓23758 ↓23750 ↓23602 ↓23538 ↓23462 ↓23388 ↓23314 ↓23298 ↓23236 ↓23230 ↓23156 ↓23142 ↓22994 ↓22966 ↓22900 ↓22834 ↓22802 ↓22738 ↓22590 ↓22588 ↓22530 ↓22522 ↓22456 ↓22390 ↓22264 ↓22236 ↓22030 ↓21906 ↓21832 ↓21536 ↓21462 ↓21388 ↓21384 ↓21160 ↓20920 ↓20820 ↓20804 ↓20750 ↓20720 ↓20718 ↓20466 ↓20438 ↓20256 ↓20192 ↓19968 ↓19958 ↓19776 ↓19702 ↓19520 ↓19296 ↓19072 ↓18998 ↓18816 ↓18742 ↓18560 ↓18486 ↓18476 ↓18348 ↓18326 ↓18324 ↓18252 ↓18178 ↓18176 ↓18126 ↓17978 ↓17958 ↓17814 ↓17748 ↓17558 ↓17492 ↓17424 ↓17358 ↓17350 ↓17276 ↓17210 ↓17148 ↓16990 ↓16922 ↓16848 ↓16826 ↓16818 ↓16806 ↓16752 ↓16734 ↓16478 ↓16412 ↓16404 ↓16330 ↓16264 ↓16228 ↓16186 ↓16138 ↓16112 ↓16072 ↓16036 ↓16004 ↓15856 ↓15818 ↓15814 ↓15794 ↓15686 ↓15632 ↓15538 ↓15510 ↓15476 ↓15474 ↓15346 ↓15338 ↓15268 ↓15194 ↓15184 ↓15036 ↓15012 ↓14736 ↓14716 ↓14636 ↓14572 ↓14480 ↓14424 ↓14282 ↓14222 ↓14078 ↓14044 ↓14038 ↓13994 ↓13782 ↓13748 ↓13600 ↓13526 ↓13482 ↓13436 ↓13214 ↓13026 ↓12968 ↓12842 ↓12830 ↓12746 ↓12720 ↓12622 ↓12400 ↓12336 ↓12302 ↓12202 ↓12166 ↓12104 ↓11882 ↓11654 ↓11626 ↓11592 ↓11370 ↓11348 ↓11246 ↓11192 ↓10994 ↓10772 ↓10550 ↓10482 ↓10458 ↓10294 ↓10260 ↓10038 ↓9768 ↓9572 ↓9528 ↓9228 ↓9128 ↓8808 ↓8562 ↓8340 ↓8018 ↓7994 ↓7698 ↓7618 ↓7426 ↓7298 ↓7292 ↓7280 ↓7274 ↓7220 ↓7214 ↓7160 ↓7130 ↓7076 ↓7046 ↓6972 ↓6898 ↓6878 ↓6824 ↓6798 ↓6732 ↓6706 ↓6684 ↓6630 ↓6618 ↓6590 ↓6546 ↓6468 ↓6440 ↓6432 ↓6412 ↓6394 ↓6356 ↓6350 ↓6316 ↓6242 ↓6178 ↓6130 ↓6066 ↓6002 ↓5992 ↓5928 ↓5922 ↓5912 ↓5888 ↓5866 ↓5826 ↓5784 ↓5722 ↓5656 ↓5618 ↓5554 ↓5536 ↓5516 ↓5402 ↓5372 ↓5362 ↓5358 ↓5312 ↓5272 ↓5230 ↓5146 ↓5082 ↓5080 ↓5016 ↓4970 ↓4962 ↓4942 ↓4938 ↓4906 ↓4898 ↓4876 ↓4846 ↓4844 ↓4834 ↓4802 ↓4752 ↓4740 ↓4718 ↓4708 ↓4654
Stage 1: cost=4654  dominant=14  exposure=0  optimal=False
  R_TR=0.6667  worst_arc=(l1,l3,tr2)

  [layered_small_seed1 w=400 s2=off_off] Solving Stage 2 (limit=300s)... ↓[]
  Stage 2: mono=7  conc=9  optimal=False
  R_1=0.8  worst_trip=(l3,l5,tr1,k4)
  Dispatch: s1=4654  s2=4590  saving=64

  [layered_small_seed1 w=400 s2=both] Solving Stage 2 (limit=300s)... ↓[7000, 6830] ↓[7000, 6014] ↓[6000, 6830] ↓[6000, 5198] ↓[5000, 5198] ↓[5000, 4896] ↓[4000, 5712] ↓[4000, 4896] ↓[3000, 6528] ↓[3000, 5712] ↓[3000, 4896] ↓[2000, 4896] ↓[2000, 4080] ↓[1000, 6014] ↓[1000, 5198] ↓[1000, 4896] ↓[1000, 4382] ↓[1000, 4080]
  Stage 2: mono=1  conc=5  optimal=False
  R_1=0.8667  worst_trip=(l1,l4,tr2,k1)
  Dispatch: s1=4654  s2=4580  saving=74

  [layered_small_seed1 w=450 proxy=exposure] Solving Stage 1 (limit=300s)...
  [S1 w=450 round 1] budget=299s best=None ↓37690 ↓36950 ↓36284 ↓34360 ↓32362 ↓31030 ↓30364 ↓29624 ↓28810 ↓28144 ↓27404 ↓27346 ↓27338 ↓27306 ↓27276 ↓27248 ↓27234 ↓27228 ↓27198 ↓27122 ↓27096 ↓26974 ↓26942 ↓26920 ↓26886 ↓26864 ↓26854 ↓26820 ↓26810 ↓26768 ↓26744 ↓26728 ↓26666 ↓26636 ↓26610 ↓26596 ↓26584 ↓26574 ↓26542 ↓26530 ↓26506 ↓26504 ↓26440 ↓26426 ↓26352 ↓26224 ↓26096 ↓26022 ↓26002 ↓25980 ↓25894 ↓25862 ↓25842 ↓25820 ↓25788 ↓25678 ↓25618 ↓25586 ↓25550 ↓25542 ↓25478 ↓25434 ↓25370 ↓25320 ↓25290 ↓25288 ↓25224 ↓25160 ↓25158 ↓25126 ↓25064 ↓24990 ↓24970 ↓24960 ↓24914 ↓24850 ↓24736 ↓24720 ↓24672 ↓24618 ↓24584 ↓24582 ↓24518 ↓24516 ↓24428 ↓24400 ↓24368 ↓24360 ↓24356 ↓24324 ↓24292 ↓24238 ↓24216 ↓24184 ↓24178 ↓24018 ↓23996 ↓23972 ↓23940 ↓23932 ↓23900 ↓23862 ↓23798 ↓23686 ↓23642 ↓23602 ↓23568 ↓23504 ↓23478 ↓23408 ↓23376 ↓23338 ↓23336 ↓23282 ↓23212 ↓23210 ↓23178 ↓23160 ↓23096 ↓23084 ↓23056 ↓22992 ↓22954 ↓22952 ↓22942 ↓22910 ↓22866 ↓22794 ↓22770 ↓22738 ↓22736 ↓22706 ↓22704 ↓22602 ↓22544 ↓22512 ↓22506 ↓22504 ↓22440 ↓22422 ↓22390 ↓22386 ↓22322 ↓22318 ↓22306 ↓22290 ↓22258 ↓22232 ↓22224 ↓22208 ↓22184 ↓22176 ↓22134 ↓22102 ↓22068 ↓22036 ↓21962 ↓21834 ↓21774 ↓21620 ↓21586 ↓21460 ↓21304 ↓21292 ↓21036 ↓21004 ↓20998 ↓20934 ↓20888 ↓20878 ↓20814 ↓20770 ↓20706 ↓20612 ↓20578 ↓20450 ↓20386 ↓20356 ↓20290 ↓20194 ↓20130 ↓20096 ↓20002 ↓19938 ↓19878 ↓19814 ↓19800 ↓19794 ↓19726 ↓19676 ↓19620 ↓19610 ↓19546 ↓19538 ↓19472 ↓19470 ↓19460 ↓19420 ↓19386 ↓19356 ↓19282 ↓19254 ↓19180 ↓19154 ↓19106 ↓19100 ↓19026 ↓18960 ↓18958 ↓18892 ↓18840 ↓18744 ↓18540 ↓18498 ↓18466 ↓18244 ↓18232 ↓18210 ↓18202 ↓18182 ↓18168 ↓18104 ↓18102 ↓18094 ↓18030 ↓18010 ↓17956 ↓17946 ↓17924 ↓17904 ↓17892 ↓17778 ↓17776 ↓17754 ↓17732 ↓17690 ↓17668 ↓17650 ↓17576 ↓17532 ↓17522 ↓17458 ↓17448 ↓17384 ↓17360 ↓17324 ↓17182 ↓17118 ↓16900 ↓16896 ↓16876 ↓16822 ↓16816 ↓16752 ↓16728 ↓16700 ↓16680 ↓16678 ↓16564 ↓16342 ↓16260 ↓16242 ↓16232 ↓16168 ↓16150 ↓16094 ↓16078 ↓15912 ↓15798 ↓15764 ↓15724 ↓15686 ↓15622 ↓15558 ↓15540 ↓15476 ↓15462 ↓15398 ↓15334 ↓15238 ↓15174 ↓15110 ↓15102 ↓15038 ↓14964 ↓14892 ↓14844 ↓14824 ↓14760 ↓14740 ↓14738 ↓14664 ↓14564 ↓14554 ↓14492 ↓14444 ↓14428 ↓14370 ↓14320 ↓14292 ↓14088 ↓14060 ↓14036 ↓14032 ↓13966 ↓13918 ↓13910 ↓13844 ↓13754 ↓13748 ↓13684 ↓13644 ↓13604 ↓13456 ↓13454 ↓13390 ↓13300 ↓13236 ↓13184 ↓13166 ↓13164 ↓13018 ↓12952 ↓12944 ↓12878 ↓12856 ↓12806 ↓12750 ↓12736 ↓12698 ↓12634 ↓12586 ↓12530 ↓12490 ↓12442 ↓12436 ↓12426 ↓12362 ↓12306 ↓12284 ↓12232 ↓12220 ↓12202 ↓12138 ↓12124 ↓12042 ↓12016 ↓11994 ↓11976 ↓11962 ↓11954 ↓11922 ↓11910 ↓11846 ↓11814 ↓11754 ↓11752 ↓11688 ↓11674 ↓11646 ↓11624 ↓11570 ↓11546 ↓11508 ↓11500 ↓11492 ↓11462 ↓11436 ↓11432 ↓11386 ↓11358 ↓11344 ↓11294 ↓11274 ↓11272 ↓11238 ↓11166 ↓11106 ↓11034 ↓11022 ↓10974 ↓10848 ↓10806 ↓10774 ↓10750 ↓10676 ↓10666 ↓10602 ↓10444 ↓10426 ↓10368 ↓10350 ↓10326 ↓10276 ↓10248 ↓10238 ↓10174 ↓10172 ↓10108 ↓10084 ↓10030 ↓9972 ↓9968 ↓9920 ↓9830 ↓9770 ↓9756 ↓9746 ↓9736 ↓9666 ↓9650 ↓9586 ↓9522 ↓9520 ↓9456 ↓9426 ↓9410 ↓9390 ↓9328 ↓9306 ↓9162 ↓9158 ↓9084 ↓9076 ↓9012 ↓8980 ↓8866 ↓8742 ↓8718 ↓8660 ↓8656 ↓8638 ↓8514 ↓8394 ↓8340 ↓8330 ↓8256 ↓8212 ↓8192 ↓8148 ↓8094 ↓8084 ↓8020 ↓7990 ↓7984 ↓7898 ↓7838 ↓7784 ↓7746 ↓7742 ↓7730 ↓7720 ↓7674 ↓7646 ↓7614 ↓7612 ↓7558 ↓7544 ↓7518 ↓7454 ↓7366 ↓7316 ↓7314 ↓7134 ↓7114 ↓7090 ↓7044 ↓7028 ↓7016 ↓7006 ↓7004 ↓6990 ↓6940 ↓6932 ↓6910 ↓6890 ↓6878 ↓6830 ↓6772 ↓6762 ↓6634 ↓6596 ↓6560 ↓6550 ↓6538 ↓6522 ↓6484 ↓6472 ↓6420 ↓6416 ↓6382 ↓6344 ↓6340 ↓6338 ↓6310 ↓6276 ↓6272 ↓6250 ↓6214 ↓6184 ↓6136 ↓6096 ↓6068 ↓6008 ↓6002 ↓5982 ↓5974 ↓5966 ↓5954 ↓5904 ↓5882 ↓5880 ↓5850
Stage 1: cost=5850  dominant=14  exposure=2  optimal=False
  R_TR=0.5333  worst_arc=(l1,l3,tr2)

  [layered_small_seed1 w=450 s2=off_off] Solving Stage 2 (limit=300s)... ↓[]
  Stage 2: mono=7  conc=15  optimal=False
  R_1=0.8  worst_trip=(l3,l6,tr1,k4)
  Dispatch: s1=4950  s2=4886  saving=64

  [layered_small_seed1 w=450 s2=both] Solving Stage 2 (limit=300s)... ↓[12000, 7010] ↓[12000, 6496] ↓[12000, 6194] ↓[10000, 6798] ↓[10000, 6496] ↓[10000, 6194] ↓[9000, 5680] ↓[9000, 5378] ↓[9000, 4260] ↓[9000, 3444] ↓[9000, 3142] ↓[9000, 2326] ↓[9000, 2024] ↓[8000, 3142] ↓[8000, 2326] ↓[8000, 2024] ↓[8000, 1722] ↓[7000, 6496] ↓[7000, 5378] ↓[7000, 4562] ↓[7000, 3746] ↓[7000, 3444] ↓[6000, 4260] ↓[6000, 3444] ↓[5000, 4562] ↓[5000, 4260] ↓[5000, 3444] ↓[5000, 3142] ↓[4000, 3142] ↓[4000, 2840] ↓[4000, 2326] ↓[4000, 2024] ↓[4000, 1722] ↓[3000, 4774] ↓[3000, 3958] ↓[3000, 3656] ↓[3000, 3142] ↓[3000, 2840] ↓[3000, 2326] ↓[3000, 2024] ↓[3000, 1722]
  Stage 2: mono=3  conc=4  optimal=False
  R_1=0.8333  worst_trip=(l3,l6,tr1,k2)
  Dispatch: s1=4950  s2=4812  saving=138

  [layered_small_seed1 w=500 proxy=exposure] Solving Stage 1 (limit=300s)...
  [S1 w=500 round 1] budget=299s best=None ↓37890 ↓37150 ↓36484 ↓34560 ↓32562 ↓31230 ↓30564 ↓29824 ↓29010 ↓28344 ↓27604 ↓27594 ↓27552 ↓27548 ↓27516 ↓27506 ↓27474 ↓27468 ↓27442 ↓27368 ↓27318 ↓27266 ↓27244 ↓27150 ↓27126 ↓27092 ↓27072 ↓27068 ↓27036 ↓27014 ↓26992 ↓26976 ↓26942 ↓26938 ↓26864 ↓26852 ↓26808 ↓26796 ↓26774 ↓26762 ↓26752 ↓26688 ↓26654 ↓26632 ↓26630 ↓26620 ↓26588 ↓26568 ↓26552 ↓26488 ↓26484 ↓26452 ↓26428 ↓26412 ↓26358 ↓26338 ↓26316 ↓26310 ↓26300 ↓26246 ↓26216 ↓26214 ↓26192 ↓26152 ↓26132 ↓26122 ↓26058 ↓26038 ↓25974 ↓25962 ↓25942 ↓25920 ↓25900 ↓25896 ↓25864 ↓25832 ↓25800 ↓25768 ↓25736 ↓25714 ↓25704 ↓25640 ↓25618 ↓25584 ↓25576 ↓25512 ↓25458 ↓25436 ↓25384 ↓25352 ↓25320 ↓25308 ↓25288 ↓25256 ↓25192 ↓25160 ↓25128 ↓25110 ↓25046 ↓25036 ↓24972 ↓24940 ↓24928 ↓24908 ↓24854 ↓24780 ↓24758 ↓24716 ↓24684 ↓24660 ↓24652 ↓24642 ↓24610 ↓24578 ↓24576 ↓24514 ↓24500 ↓24444 ↓24442 ↓24410 ↓24402 ↓24368 ↓24336 ↓24322 ↓24290 ↓24248 ↓24246 ↓24216 ↓24214 ↓24146 ↓24094 ↓24062 ↓24032 ↓23926 ↓23924 ↓23860 ↓23806 ↓23804 ↓23772 ↓23700 ↓23698 ↓23644 ↓23610 ↓23560 ↓23528 ↓23516 ↓23484 ↓23452 ↓23432 ↓23314 ↓23304 ↓23272 ↓23250 ↓23240 ↓23186 ↓23152 ↓23150 ↓23124 ↓23102 ↓23028 ↓22976 ↓22904 ↓22902 ↓22878 ↓22872 ↓22850 ↓22840 ↓22806 ↓22782 ↓22780 ↓22750 ↓22696 ↓22654 ↓22622 ↓22558 ↓22526 ↓22516 ↓22462 ↓22460 ↓22396 ↓22368 ↓22294 ↓22270 ↓22268 ↓22238 ↓22218 ↓22144 ↓22122 ↓22072 ↓22048 ↓22046 ↓21994 ↓21970 ↓21960 ↓21886 ↓21854 ↓21790 ↓21758 ↓21704 ↓21672 ↓21640 ↓21626 ↓21624 ↓21602 ↓21592 ↓21538 ↓21528 ↓21506 ↓21442 ↓21420 ↓21414 ↓21382 ↓21360 ↓21296 ↓21274 ↓21254 ↓21242 ↓21200 ↓21168 ↓21166 ↓21092 ↓21082 ↓21060 ↓20996 ↓20944 ↓20912 ↓20910 ↓20878 ↓20814 ↓20782 ↓20730 ↓20708 ↓20644 ↓20632 ↓20580 ↓20516 ↓20496 ↓20486 ↓20482 ↓20450 ↓20426 ↓20390 ↓20366 ↓20334 ↓20270 ↓20216 ↓20206 ↓20142 ↓20122 ↓20058 ↓20048 ↓20016 ↓19994 ↓19976 ↓19928 ↓19824 ↓19760 ↓19728 ↓19716 ↓19652 ↓19630 ↓19568 ↓19504 ↓19482 ↓19440 ↓19376 ↓19344 ↓19342 ↓19340 ↓19312 ↓19258 ↓19248 ↓19182 ↓19162 ↓19152 ↓19116 ↓19088 ↓19086 ↓19084 ↓19052 ↓19020 ↓18968 ↓18938 ↓18936 ↓18904 ↓18872 ↓18862 ↓18808 ↓18806 ↓18742 ↓18700 ↓18674 ↓18620 ↓18614 ↓18592 ↓18588 ↓18580 ↓18548 ↓18512 ↓18464 ↓18460 ↓18386 ↓18384 ↓18270 ↓18268 ↓18204 ↓18182 ↓18108 ↓18088 ↓18078 ↓18046 ↓18044 ↓18032 ↓18030 ↓18000 ↓17950 ↓17948 ↓17896 ↓17844 ↓17808 ↓17748 ↓17702 ↓17680 ↓17648 ↓17616 ↓17564 ↓17542 ↓17484 ↓17452 ↓17402 ↓17368 ↓17360 ↓17296 ↓17292 ↓17272 ↓17200 ↓17178 ↓17104 ↓17082 ↓17008 ↓16976 ↓16974 ↓16942 ↓16848 ↓16846 ↓16816 ↓16754 ↓16724 ↓16670 ↓16596 ↓16532 ↓16488 ↓16424 ↓16400 ↓16390 ↓16358 ↓16350 ↓16340 ↓16318 ↓16308 ↓16286 ↓16276 ↓16266 ↓16250 ↓16240 ↓16176 ↓16144 ↓16116 ↓16094 ↓16084 ↓16030 ↓16020 ↓16018 ↓15986 ↓15954 ↓15920 ↓15792 ↓15730 ↓15560 ↓15304 ↓14820 ↓14792 ↓14720 ↓14678 ↓14550 ↓14436 ↓14396 ↓14368 ↓14294 ↓14208 ↓14066 ↓13926 ↓13850 ↓13480 ↓13224 ↓13192 ↓12968 ↓12822 ↓12786 ↓12708 ↓12620 ↓12478 ↓12452 ↓12308 ↓12222 ↓12172 ↓12030 ↓11998 ↓11990 ↓11966 ↓11926 ↓11740 ↓11734 ↓11670 ↓11484 ↓11454 ↓11380 ↓11360 ↓11306 ↓11294 ↓11070 ↓11042 ↓11038 ↓10816 ↓10616 ↓10574 ↓10550 ↓10390 ↓10382 ↓10348 ↓10326 ↓10276 ↓10272 ↓10208 ↓10168 ↓10128 ↓10104 ↓10100 ↓10036 ↓9948 ↓9880 ↓9858 ↓9812 ↓9794 ↓9730 ↓9686 ↓9684 ↓9672 ↓9652 ↓9640 ↓9620 ↓9614 ↓9594 ↓9554 ↓9536 ↓9478 ↓9436 ↓9406 ↓9394 ↓9362 ↓9266 ↓9242 ↓9234 ↓9206 ↓9176 ↓9140 ↓9136 ↓9108 ↓9034 ↓9020 ↓9008 ↓8968 ↓8864 ↓8820 ↓8814 ↓8782 ↓8674 ↓8654 ↓8612 ↓8588 ↓8578 ↓8536 ↓8514 ↓8504 ↓8470 ↓8468 ↓8460 ↓8456 ↓8436 ↓8406 ↓8384 ↓8354 ↓8294 ↓8282 ↓8242 ↓8192 ↓8124 ↓8100 ↓8050 ↓8020 ↓8010 ↓7956 ↓7948 ↓7938 ↓7908 ↓7840 ↓7828 ↓7824 ↓7776 ↓7620 ↓7600 ↓7498 ↓7446 ↓7414 ↓7380 ↓7368 ↓7322 ↓7320 ↓7282 ↓7274 ↓7242 ↓7216 ↓7188 ↓7164 ↓7122 ↓7084 ↓7040 ↓6932 ↓6922 ↓6868 ↓6848 ↓6828 ↓6808 ↓6772 ↓6762 ↓6738 ↓6676 ↓6670 ↓6660 ↓6608 ↓6604 ↓6578 ↓6540 ↓6534 ↓6426 ↓6354 ↓6336 ↓6274 ↓6162 ↓6134 ↓6122 ↓6080 ↓6050 ↓6048 ↓6038 ↓6006 ↓5974 ↓5898 ↓5874 ↓5854 ↓5810 ↓5788 ↓5758 ↓5678 ↓5676 ↓5610 ↓5606 ↓5556 ↓5524 ↓5460 ↓5442 ↓5428 ↓5426 ↓5418 ↓5396 ↓5390 ↓5354 ↓5346 ↓5280 ↓5258 ↓5228 ↓5226 ↓5134 ↓5100 ↓5080 ↓5058 ↓5056 ↓5034 ↓5014 ↓4992 ↓4972 ↓4876 ↓4854 ↓4840 ↓4810
Stage 1: cost=4810  dominant=16  exposure=0  optimal=False
  R_TR=0.6667  worst_arc=(l1,l3,tr2)

  [layered_small_seed1 w=500 s2=off_off] Solving Stage 2 (limit=300s)... ↓[]
  Stage 2: mono=9  conc=20  optimal=False
  R_1=0.8  worst_trip=(l2,l4,tr1,k4)
  Dispatch: s1=4810  s2=4746  saving=64

  [layered_small_seed1 w=500 s2=both] Solving Stage 2 (limit=300s)... ↓[17000, 10666] ↓[17000, 10364] ↓[16000, 10878] ↓[16000, 10062] ↓[15000, 6104] ↓[15000, 5288] ↓[14000, 6104] ↓[14000, 5288] ↓[13000, 6104] ↓[13000, 5802] ↓[13000, 4986] ↓[13000, 4170] ↓[12000, 6104] ↓[12000, 5288] ↓[12000, 4986] ↓[12000, 4472] ↓[12000, 4170] ↓[11000, 6104] ↓[11000, 5288] ↓[11000, 4472] ↓[11000, 4170] ↓[10000, 6104] ↓[10000, 5288] ↓[10000, 4472] ↓[10000, 4170] ↓[9000, 6104] ↓[9000, 5288] ↓[9000, 4472] ↓[9000, 4170] ↓[8000, 6406] ↓[7000, 6406] ↓[7000, 6104] ↓[6000, 6104] ↓[6000, 5288] ↓[5000, 8038] ↓[5000, 7222] ↓[5000, 6406] ↓[5000, 6104] ↓[5000, 5288] ↓[5000, 4986] ↓[4000, 7736] ↓[4000, 6920] ↓[4000, 6104] ↓[4000, 5802] ↓[4000, 5288] ↓[4000, 4986] ↓[4000, 4774] ↓[4000, 4472] ↓[3000, 8038] ↓[3000, 7222] ↓[3000, 6406] ↓[3000, 6104] ↓[3000, 5590] ↓[3000, 5288] ↓[2000, 9156] ↓[2000, 8340] ↓[2000, 7524] ↓[2000, 7222] ↓[2000, 6708] ↓[2000, 6406] ↓[2000, 6104] ↓[1000, 9972] ↓[1000, 9156] ↓[1000, 8340] ↓[1000, 8038] ↓[1000, 7524] ↓[1000, 7222]
  Stage 2: mono=1  conc=12  optimal=False
  R_1=0.8333  worst_trip=(l3,l6,tr1,k2)
  Dispatch: s1=4810  s2=4406  saving=404

══════════════════════════════════════════════════════════════════════
  Instance: layered_small_seed2 (custom, seed=0)
══════════════════════════════════════════════════════════════════════
  Parsed: 2 parts, 22 routes

  [layered_small_seed2 w=0 proxy=exposure] Solving Stage 1 (limit=300s)...
  [S1 w=0 round 1] budget=299s best=None ↓45461 ↓44341 ↓44267 ↓44193 ↓44045 ↓44008 ↓43934 ↓43897 ↓43823 ↓43786 ↓43749 ↓43712 ↓43638 ↓43564 ↓43120 ↓42750 ↓39684 ↓39166 ↓39092 ↓38833 ↓38796 ↓38759 ↓38722 ↓38685 ↓38648 ↓38498 ↓38050 ↓36706 ↓36258 ↓34466 ↓33122 ↓32674 ↓32226 ↓31778 ↓31330 ↓31256 ↓31219 ↓31182 ↓31145 ↓31108 ↓31031 ↓30919 ↓30882 ↓30846 ↓30622 ↓30585 ↓30548 ↓30511 ↓30474 ↓30437 ↓26589 ↓26253 ↓25917 ↓25245 ↓25171 ↓25023 ↓24909 ↓24878 ↓24841 ↓24807 ↓24770 ↓24733 ↓24243 ↓24209 ↓24135 ↓24098 ↓24024 ↓23799 ↓23577 ↓23392 ↓23355 ↓23281 ↓23093 ↓22085 ↓21749 ↓21413 ↓21077 ↓20741 ↓20405 ↓20069 ↓19733 ↓19397 ↓19061 ↓18389 ↓18053 ↓18016 ↓17939 ↓17865 ↓17791 ↓17559 ↓17335 ↓17238 ↓17090 ↓16942 ↓16646 ↓16350 ↓16276 ↓16239 ↓15943 ↓15647 ↓15391 ↓13908 ↓13242 ↓12909 ↓12243 ↓11910 ↓11898 ↓11861 ↓11565 ↓11491 ↓11454 ↓9662 ↓8486 ↓8094 ↓7702 ↓7310 ↓6918 ↓6582 ↓6030 ↓5974 ↓5862 ↓5574 ↓5433 ↓5357 ↓5237 ↓4901 ↓4853 ↓4741 ↓4685 ↓4605 ↓4229 ↓4093 ↓3909 ↓3749 ↓3637 ↓3615 ↓3578 ↓3458 ↓3197 ↓3159 ↓3122 ↓2674 ↓2637 ↓2561 ↓2543 ↓2541 ↓2467 ↓2429 ↓2355 ↓2187
  [S1 w=0 round 2] budget=291s best=2187
Stage 1: cost=2187  dominant=7  exposure=2  optimal=True
  R_TR=0.5  worst_arc=(l1,l6,tr1)

  [layered_small_seed2 w=0 s2=off_off] Solving Stage 2 (limit=300s)... ↓[]
  Stage 2: mono=6  conc=5  optimal=False
  R_1=0.8  worst_trip=(l1,l6,tr1,k6)
  Dispatch: s1=2187  s2=2187  saving=0

  [layered_small_seed2 w=0 s2=both] Solving Stage 2 (limit=300s)... ↓[6000, 2661] ↓[6000, 2087] ↓[5000, 2087] ↓[4000, 2087] ↓[3000, 2661] ↓[3000, 2087] ↓[2000, 2087] ↓[1000, 2087] ↓[1000, 1513] ↓[0, 2087] ↓[0, 1513]
  Stage 2: mono=0  conc=3  optimal=False
  R_1=0.8333  worst_trip=(l2,l6,tr1,k1)
  Dispatch: s1=2187  s2=2057  saving=130

  [layered_small_seed2 w=50 proxy=exposure] Solving Stage 1 (limit=300s)...
  [S1 w=50 round 1] budget=299s best=None ↓45561 ↓44441 ↓44367 ↓44293 ↓44145 ↓44108 ↓44034 ↓43997 ↓43923 ↓43886 ↓43849 ↓43812 ↓43738 ↓43664 ↓43220 ↓42850 ↓39784 ↓39266 ↓39192 ↓38933 ↓38896 ↓38859 ↓38822 ↓38785 ↓38748 ↓38648 ↓38262 ↓38038 ↓37926 ↓37478 ↓37366 ↓36918 ↓36470 ↓34902 ↓34678 ↓34566 ↓34118 ↓33558 ↓32998 ↓32488 ↓32451 ↓32414 ↓32340 ↓32303 ↓32266 ↓32040 ↓31990 ↓31957 ↓31920 ↓31508 ↓31471 ↓31434 ↓31397 ↓31096 ↓27888 ↓27552 ↓27216 ↓26880 ↓26544 ↓26192 ↓26044 ↓25748 ↓25600 ↓25560 ↓25412 ↓25372 ↓25224 ↓25076 ↓24928 ↓24740 ↓24068 ↓23988 ↓23840 ↓23692 ↓23544 ↓23508 ↓23505 ↓23468 ↓23431 ↓23394 ↓23357 ↓23320 ↓23283 ↓23246 ↓23209 ↓23206 ↓23169 ↓23095 ↓23058 ↓23021 ↓21732 ↓21340 ↓20948 ↓20556 ↓20164 ↓19772 ↓19436 ↓19100 ↓18764 ↓18428 ↓18092 ↓17756 ↓17420 ↓17308 ↓17196 ↓17193 ↓17156 ↓17119 ↓17082 ↓17045 ↓17008 ↓16971 ↓16934 ↓16897 ↓16823 ↓16786 ↓16749 ↓16696 ↓16640 ↓16584 ↓16528 ↓16508 ↓16452 ↓16396 ↓16340 ↓16304 ↓16284 ↓16277 ↓16222 ↓16218 ↓16162 ↓16136 ↓16116 ↓16032 ↓15761 ↓15095 ↓14762 ↓14096 ↓14087 ↓14034 ↓13978 ↓13810 ↓13754 ↓13698 ↓13642 ↓13589 ↓13533 ↓13477 ↓13421 ↓13365 ↓13309 ↓13144 ↓13088 ↓13032 ↓12976 ↓12848 ↓12812 ↓12756 ↓12736 ↓12680 ↓12643 ↓12571 ↓12515 ↓12403 ↓12347 ↓12341 ↓12285 ↓12284 ↓12228 ↓12209 ↓12173 ↓12074 ↓12063 ↓12039 ↓11967 ↓11803 ↓11689 ↓11579 ↓11539 ↓11465 ↓11427 ↓11344 ↓11200 ↓11083 ↓10971 ↓10787 ↓10715 ↓10675 ↓10627 ↓10595 ↓10579 ↓10523 ↓10491 ↓10411 ↓10347 ↓10187 ↓9851 ↓9739 ↓9347 ↓9235 ↓9067 ↓8990 ↓8942 ↓8720 ↓8498 ↓8461 ↓8239 ↓7735 ↓7287 ↓7250 ↓7007 ↓6951 ↓6895 ↓6839 ↓6783 ↓6615 ↓6559 ↓6503 ↓6447 ↓6391 ↓6333 ↓6018 ↓6005 ↓5968 ↓5942 ↓5905 ↓5868 ↓5831 ↓5775 ↓5725 ↓5632 ↓5582 ↓5579 ↓5539 ↓5515 ↓5405 ↓5349 ↓5336 ↓5299 ↓5262 ↓5246 ↓5190 ↓5170 ↓5152 ↓5141 ↓5097 ↓5051 ↓5047 ↓4991 ↓4977 ↓4956 ↓4921 ↓4887 ↓4691 ↓4591 ↓4590 ↓4480 ↓4404 ↓4367 ↓4293 ↓4219 ↓4145 ↓4071 ↓4059 ↓3985 ↓3967 ↓3847 ↓3819 ↓3745 ↓3732 ↓3695 ↓3633 ↓3623 ↓3561 ↓3523 ↓3511 ↓3343 ↓3287 ↓3243 ↓3223 ↓3149 ↓3075 ↓3023 ↓3011 ↓2955 ↓2743 ↓2711 ↓2694 ↓2647 ↓2499 ↓2399 ↓2362 ↓2287
  [S1 w=50 round 2] budget=257s best=2287
Stage 1: cost=2287  dominant=7  exposure=2  optimal=True
  R_TR=0.5  worst_arc=(l1,l6,tr1)

  [layered_small_seed2 w=50 s2=off_off] Solving Stage 2 (limit=300s)... ↓[]
  Stage 2: mono=6  conc=5  optimal=False
  R_1=0.8  worst_trip=(l1,l6,tr1,k6)
  Dispatch: s1=2187  s2=2187  saving=0

  [layered_small_seed2 w=50 s2=both] Solving Stage 2 (limit=300s)... ↓[6000, 2661] ↓[6000, 2087] ↓[5000, 2087] ↓[4000, 2087] ↓[3000, 2661] ↓[3000, 2087] ↓[2000, 2087] ↓[1000, 2087] ↓[1000, 1513] ↓[0, 2087] ↓[0, 1513]
  Stage 2: mono=0  conc=3  optimal=False
  R_1=0.8333  worst_trip=(l2,l6,tr1,k1)
  Dispatch: s1=2187  s2=2057  saving=130

  [layered_small_seed2 w=100 proxy=exposure] Solving Stage 1 (limit=300s)...
  [S1 w=100 round 1] budget=299s best=None ↓45661 ↓44541 ↓44467 ↓44393 ↓44245 ↓44208 ↓44134 ↓44097 ↓44023 ↓43986 ↓43949 ↓43912 ↓43838 ↓43764 ↓43320 ↓42950 ↓39884 ↓39366 ↓39292 ↓39033 ↓38996 ↓38959 ↓38922 ↓38885 ↓38848 ↓38798 ↓37914 ↓37466 ↓37018 ↓36570 ↓36122 ↓35674 ↓35226 ↓34778 ↓34554 ↓34106 ↓33658 ↓33546 ↓33098 ↓33086 ↓32638 ↓32564 ↓32527 ↓32490 ↓32453 ↓32416 ↓32379 ↓32190 ↓31931 ↓31894 ↓31857 ↓31783 ↓30027 ↓29691 ↓29355 ↓28683 ↓28011 ↓27675 ↓27339 ↓27003 ↓26966 ↓26929 ↓26855 ↓26667 ↓26630 ↓26593 ↓26127 ↓25979 ↓25831 ↓25535 ↓25495 ↓25199 ↓25051 ↓24971 ↓24823 ↓24675 ↓24527 ↓24490 ↓24487 ↓24191 ↓24043 ↓24006 ↓23969 ↓23932 ↓23295 ↓22903 ↓22511 ↓22119 ↓21727 ↓21667 ↓21519 ↓21423 ↓21275 ↓21127 ↓20979 ↓20883 ↓20735 ↓20587 ↓20491 ↓20343 ↓20195 ↓20151 ↓20099 ↓19951 ↓19803 ↓19611 ↓19559 ↓19411 ↓19263 ↓18927 ↓18591 ↓18255 ↓18143 ↓17583 ↓17540 ↓17191 ↓17154 ↓17117 ↓17080 ↓17043 ↓17006 ↓16584 ↓15585 ↓14919 ↓14586 ↓14253 ↓13920 ↓13861 ↓13528 ↓13491 ↓13454 ↓13417 ↓13380 ↓13343 ↓13303 ↓13266 ↓13229 ↓13192 ↓13155 ↓13118 ↓13044 ↓12862 ↓12860 ↓12750 ↓12642 ↓12639 ↓12563 ↓12461 ↓12349 ↓12237 ↓12003 ↓11779 ↓11443 ↓10771 ↓10099 ↓9987 ↓9875 ↓9763 ↓9651 ↓9539 ↓9427 ↓9315 ↓9203 ↓8979 ↓8867 ↓8755 ↓8643 ↓8531 ↓8419 ↓8383 ↓8271 ↓8235 ↓8123 ↓8047 ↓8007 ↓7935 ↓7823 ↓7599 ↓7569 ↓7123 ↓7051 ↓6939 ↓6935 ↓6899 ↓6897 ↓6713 ↓6675 ↓6491 ↓6489 ↓6267 ↓6263 ↓6207 ↓6099 ↓6095 ↓6039 ↓5835 ↓5819 ↓5763 ↓5707 ↓5651 ↓5649 ↓5595 ↓5539 ↓5483 ↓5371 ↓5255 ↓5182 ↓5143 ↓5107 ↓5031 ↓4847 ↓4771 ↓4762 ↓4694 ↓4653 ↓4619 ↓4583 ↓4527 ↓4508 ↓4471 ↓4415 ↓4359 ↓4303 ↓4284 ↓4247 ↓4240 ↓4203 ↓4132 ↓4120 ↓4061 ↓4021 ↓4009 ↓3972 ↓3968 ↓3916 ↓3785 ↓3783 ↓3748 ↓3683 ↓3645 ↓3636 ↓3580 ↓3536 ↓3480 ↓3455 ↓3434 ↓3380 ↓3268 ↓3231 ↓3168 ↓3157 ↓3120 ↓3096 ↓3059 ↓2983 ↓2965 ↓2910 ↓2873 ↓2836 ↓2822 ↓2748 ↓2737 ↓2637 ↓2587 ↓2574 ↓2537 ↓2500 ↓2424 ↓2387
  [S1 w=100 round 2] budget=255s best=2387
Stage 1: cost=2387  dominant=7  exposure=2  optimal=True
  R_TR=0.5  worst_arc=(l1,l6,tr1)

  [layered_small_seed2 w=100 s2=off_off] Solving Stage 2 (limit=300s)... ↓[]
  Stage 2: mono=6  conc=5  optimal=False
  R_1=0.8  worst_trip=(l1,l6,tr1,k6)
  Dispatch: s1=2187  s2=2187  saving=0

  [layered_small_seed2 w=100 s2=both] Solving Stage 2 (limit=300s)... ↓[6000, 2661] ↓[6000, 2087] ↓[5000, 2087] ↓[4000, 2087] ↓[3000, 2661] ↓[3000, 2087] ↓[2000, 2087] ↓[1000, 2087] ↓[1000, 1513] ↓[0, 2087] ↓[0, 1513]
  Stage 2: mono=0  conc=3  optimal=False
  R_1=0.8333  worst_trip=(l2,l6,tr1,k1)
  Dispatch: s1=2187  s2=2057  saving=130

  [layered_small_seed2 w=150 proxy=exposure] Solving Stage 1 (limit=300s)...
  [S1 w=150 round 1] budget=299s best=None ↓45761 ↓44641 ↓44567 ↓44493 ↓44345 ↓44308 ↓44234 ↓44197 ↓44123 ↓44086 ↓44049 ↓44012 ↓43938 ↓43864 ↓43420 ↓43050 ↓39984 ↓39466 ↓39392 ↓39133 ↓39096 ↓39059 ↓39022 ↓38985 ↓38948 ↓38798 ↓38350 ↓37006 ↓36558 ↓32974 ↓32526 ↓32078 ↓31966 ↓31630 ↓31518 ↓31482 ↓31445 ↓31408 ↓31407 ↓31370 ↓31333 ↓31296 ↓31260 ↓31107 ↓31070 ↓30996 ↓30922 ↓30885 ↓30848 ↓30811 ↓30774 ↓30737 ↓30700 ↓28270 ↓27822 ↓27374 ↓27152 ↓26816 ↓26629 ↓26444 ↓26405 ↓26368 ↓26257 ↓26183 ↓26069 ↓25733 ↓25681 ↓25533 ↓25381 ↓25233 ↓25085 ↓25009 ↓24861 ↓24709 ↓24109 ↓23813 ↓23701 ↓23553 ↓23405 ↓23331 ↓23069 ↓22921 ↓22884 ↓22847 ↓22810 ↓22773 ↓22733 ↓22696 ↓22659 ↓22622 ↓22585 ↓22548 ↓22511 ↓22384 ↓22051 ↓21718 ↓21385 ↓21052 ↓20380 ↓20044 ↓19708 ↓19372 ↓19335 ↓19261 ↓19224 ↓19187 ↓19150 ↓18928 ↓18854 ↓18817 ↓18595 ↓18373 ↓18151 ↓18040 ↓17929 ↓17892 ↓17855 ↓17596 ↓17522 ↓15895 ↓14327 ↓13543 ↓13151 ↓12759 ↓12367 ↓11975 ↓11583 ↓11191 ↓10858 ↓10631 ↓10298 ↓10239 ↓10056 ↓9906 ↓7887 ↓7551 ↓7215 ↓6879 ↓6799 ↓6783 ↓6671 ↓6599 ↓6543 ↓6410 ↓6298 ↓6258 ↓6183 ↓6106 ↓6070 ↓6049 ↓5994 ↓5959 ↓5943 ↓5919 ↓5897 ↓5825 ↓5809 ↓5732 ↓5724 ↓5650 ↓5599 ↓5580 ↓5578 ↓5559 ↓5487 ↓5464 ↓5447 ↓5441 ↓5387 ↓5351 ↓5324 ↓5284 ↓5221 ↓5166 ↓5156 ↓5153 ↓5126 ↓5098 ↓5055 ↓5001 ↓4945 ↓4932 ↓4876 ↓4874 ↓4852 ↓4815 ↓4707 ↓4696 ↓4668 ↓4591 ↓4398 ↓4334 ↓4262 ↓4255 ↓4218 ↓3882 ↓3546 ↓3282 ↓3210 ↓3098 ↓3061 ↓3043 ↓2990 ↓2988 ↓2952 ↓2877 ↓2822 ↓2656 ↓2637 ↓2618 ↓2562 ↓2561 ↓2487
  [S1 w=150 round 2] budget=252s best=2487
Stage 1: cost=2487  dominant=7  exposure=2  optimal=True
  R_TR=0.5  worst_arc=(l1,l6,tr1)

  [layered_small_seed2 w=150 s2=off_off] Solving Stage 2 (limit=300s)... ↓[]
  Stage 2: mono=6  conc=5  optimal=False
  R_1=0.8  worst_trip=(l1,l6,tr1,k6)
  Dispatch: s1=2187  s2=2187  saving=0

  [layered_small_seed2 w=150 s2=both] Solving Stage 2 (limit=300s)... ↓[6000, 2661] ↓[6000, 2087] ↓[5000, 2087] ↓[4000, 2087] ↓[3000, 2661] ↓[3000, 2087] ↓[2000, 2087] ↓[1000, 2087] ↓[1000, 1513] ↓[0, 2087] ↓[0, 1513]
  Stage 2: mono=0  conc=3  optimal=False
  R_1=0.8333  worst_trip=(l2,l6,tr1,k1)
  Dispatch: s1=2187  s2=2057  saving=130

  [layered_small_seed2 w=200 proxy=exposure] Solving Stage 1 (limit=300s)...
  [S1 w=200 round 1] budget=299s best=None ↓45861 ↓44741 ↓44667 ↓44593 ↓44445 ↓44408 ↓44334 ↓44297 ↓44223 ↓44186 ↓44149 ↓44112 ↓44038 ↓43964 ↓43520 ↓43150 ↓40084 ↓39566 ↓39492 ↓39233 ↓39196 ↓39159 ↓39122 ↓39085 ↓39048 ↓38898 ↓38450 ↓37106 ↓36658 ↓34418 ↓33074 ↓32626 ↓32178 ↓32066 ↓31730 ↓31466 ↓31170 ↓31133 ↓31096 ↓31059 ↓31022 ↓30985 ↓30948 ↓30911 ↓30874 ↓30837 ↓30800 ↓30763 ↓30726 ↓28444 ↓27772 ↓27436 ↓27100 ↓26764 ↓26428 ↓26354 ↓26280 ↓26206 ↓26132 ↓26095 ↓26058 ↓26021 ↓25984 ↓25947 ↓25944 ↓25870 ↓25833 ↓25759 ↓25722 ↓25420 ↓25349 ↓25275 ↓25238 ↓25201 ↓25068 ↓24920 ↓24772 ↓24698 ↓24624 ↓24550 ↓24476 ↓24402 ↓24328 ↓24208 ↓24020 ↓23872 ↓23724 ↓23576 ↓23280 ↓23132 ↓23058 ↓22984 ↓22910 ↓22836 ↓22762 ↓22725 ↓22651 ↓22614 ↓19728 ↓19395 ↓19062 ↓19025 ↓18988 ↓18655 ↓18618 ↓18322 ↓18285 ↓18211 ↓17989 ↓17767 ↓17545 ↓17323 ↓17286 ↓16990 ↓16953 ↓16539 ↓13795 ↓13011 ↓12619 ↓12227 ↓11835 ↓11443 ↓11051 ↓10718 ↓10659 ↓10622 ↓10550 ↓10513 ↓10476 ↓10474 ↓10437 ↓10400 ↓10394 ↓10282 ↓10246 ↓10155 ↓10135 ↓9950 ↓9910 ↓9874 ↓9841 ↓9765 ↓9689 ↓9653 ↓9597 ↓9237 ↓9037 ↓8925 ↓7917 ↓7581 ↓7245 ↓7085 ↓6789 ↓6685 ↓6635 ↓6619 ↓6563 ↓6547 ↓6436 ↓6397 ↓6360 ↓6323 ↓6287 ↓6250 ↓6240 ↓6169 ↓6143 ↓6078 ↓6041 ↓6025 ↓5956 ↓5955 ↓5899 ↓5877 ↓5806 ↓5800 ↓5747 ↓5726 ↓5670 ↓5665 ↓5551 ↓5517 ↓5406 ↓5403 ↓5255 ↓5221 ↓5184 ↓4990 ↓4934 ↓4915 ↓4896 ↓4895 ↓4878 ↓4873 ↓4799 ↓4774 ↓4771 ↓4623 ↓4586 ↓4525 ↓4490 ↓4489 ↓4443 ↓4407 ↓4406 ↓4111 ↓4093 ↓4057 ↓3871 ↓3834 ↓3830 ↓3756 ↓3742 ↓3576 ↓3574 ↓3539 ↓3483 ↓3465 ↓3409 ↓3400 ↓3326 ↓3303 ↓3266 ↓3208 ↓3171 ↓3156 ↓3119 ↓3063 ↓3027 ↓2731 ↓2712 ↓2693 ↓2637 ↓2587 ↓2543
  [S1 w=200 round 2] budget=250s best=2543
Stage 1: cost=2543  dominant=11  exposure=0  optimal=True
  R_TR=0.6667  worst_arc=(l1,l6,tr1)

  [layered_small_seed2 w=200 s2=off_off] Solving Stage 2 (limit=300s)... ↓[]
  Stage 2: mono=9  conc=9  optimal=False
  R_1=0.8333  worst_trip=(l1,l4,tr2,k2)
  Dispatch: s1=2543  s2=2469  saving=74

  [layered_small_seed2 w=200 s2=both] Solving Stage 2 (limit=300s)... ↓[9000, 4539] ↓[8000, 4539] ↓[7000, 5113] ↓[6000, 5113] ↓[6000, 4539] ↓[5000, 5113] ↓[4000, 5687] ↓[3000, 6052] ↓[3000, 5687] ↓[2000, 5687] ↓[2000, 4539] ↓[1000, 6991] ↓[1000, 6626] ↓[1000, 6052] ↓[1000, 5687] ↓[0, 7565] ↓[0, 6626] ↓[0, 6261] ↓[0, 6052] ↓[0, 5687]
  Stage 2: mono=0  conc=11  optimal=False
  R_1=0.8333  worst_trip=(l2,l6,tr1,k1)
  Dispatch: s1=2543  s2=2431  saving=112

  [layered_small_seed2 w=250 proxy=exposure] Solving Stage 1 (limit=300s)...
  [S1 w=250 round 1] budget=299s best=None ↓45961 ↓44841 ↓44767 ↓44693 ↓44545 ↓44508 ↓44434 ↓44397 ↓44323 ↓44286 ↓44249 ↓44212 ↓44138 ↓44064 ↓43620 ↓43250 ↓40184 ↓39666 ↓39592 ↓39333 ↓39296 ↓39259 ↓39222 ↓39185 ↓39148 ↓38998 ↓38550 ↓37206 ↓36758 ↓34070 ↓33174 ↓32726 ↓32278 ↓32166 ↓31830 ↓31718 ↓31682 ↓31645 ↓31608 ↓31607 ↓31570 ↓31533 ↓31496 ↓31460 ↓31307 ↓31270 ↓31196 ↓31122 ↓31085 ↓31048 ↓31011 ↓30974 ↓30937 ↓30900 ↓29142 ↓28470 ↓28022 ↓27574 ↓27464 ↓27426 ↓27389 ↓27352 ↓27240 ↓27166 ↓27130 ↓27016 ↓26794 ↓26780 ↓26444 ↓26220 ↓26108 ↓25772 ↓25436 ↓25397 ↓25100 ↓24764 ↓24652 ↓23756 ↓23719 ↓23700 ↓23644 ↓23588 ↓23196 ↓23140 ↓22916 ↓22804 ↓22748 ↓22692 ↓22688 ↓22580 ↓22356 ↓22300 ↓21934 ↓21740 ↓21684 ↓21628 ↓21591 ↓21554 ↓21517 ↓19963 ↓19297 ↓18964 ↓18631 ↓18298 ↓17632 ↓17595 ↓17558 ↓17521 ↓16288 ↓14608 ↓14272 ↓13936 ↓13600 ↓13264 ↓13224 ↓13208 ↓13152 ↓13096 ↓13003 ↓12984 ↓12928 ↓12891 ↓12875 ↓12819 ↓12817 ↓12780 ↓12669 ↓12447 ↓12225 ↓12171 ↓12115 ↓12003 ↓11949 ↓11893 ↓11837 ↓11800 ↓11727 ↓11671 ↓7581 ↓7189 ↓6797 ↓6760 ↓6741 ↓6725 ↓6669 ↓6405 ↓6389 ↓6333 ↓6277 ↓6240 ↓6218 ↓6178 ↓6159 ↓6119 ↓6060 ↓6037 ↓5978 ↓5969 ↓5932 ↓5895 ↓5860 ↓5786 ↓5776 ↓5738 ↓5664 ↓5642 ↓5605 ↓5589 ↓5552 ↓5551 ↓5514 ↓5502 ↓5465 ↓5440 ↓5384 ↓5272 ↓5229 ↓5174 ↓5155 ↓5118 ↓5074 ↓5061 ↓5040 ↓4928 ↓4816 ↓4813 ↓4779 ↓4776 ↓4701 ↓4700 ↓4663 ↓4661 ↓4626 ↓4533 ↓4510 ↓4473 ↓4454 ↓4452 ↓4421 ↓4347 ↓4339 ↓4337 ↓4306 ↓4301 ↓4264 ↓4255 ↓4229 ↓4174 ↓4173 ↓4154 ↓4151 ↓4114 ↓4093 ↓4076 ↓4065 ↓4058 ↓4021 ↓3984 ↓3967 ↓3930 ↓3908 ↓3871 ↓3834 ↓3787 ↓3731 ↓3709 ↓3653 ↓3617 ↓3524 ↓3487 ↓3378 ↓3377 ↓3267 ↓3266 ↓3229 ↓3210 ↓3173 ↓3156 ↓3119 ↓3100 ↓3063 ↓3044 ↓3007 ↓2989 ↓2915 ↓2897 ↓2731 ↓2693 ↓2637 ↓2617 ↓2543
  [S1 w=250 round 2] budget=220s best=2543
Stage 1: cost=2543  dominant=11  exposure=0  optimal=True
  R_TR=0.6667  worst_arc=(l1,l6,tr1)

  [layered_small_seed2 w=250 s2=off_off] Solving Stage 2 (limit=300s)... ↓[]
  Stage 2: mono=9  conc=9  optimal=False
  R_1=0.8333  worst_trip=(l1,l4,tr2,k2)
  Dispatch: s1=2543  s2=2469  saving=74

  [layered_small_seed2 w=250 s2=both] Solving Stage 2 (limit=300s)... ↓[9000, 4539] ↓[8000, 4539] ↓[7000, 5113] ↓[6000, 5113] ↓[6000, 4539] ↓[5000, 5113] ↓[4000, 5687] ↓[3000, 6052] ↓[3000, 5687] ↓[2000, 5687] ↓[2000, 4539] ↓[1000, 6991] ↓[1000, 6626] ↓[1000, 6052] ↓[1000, 5687] ↓[0, 7565] ↓[0, 6626] ↓[0, 6261] ↓[0, 6052] ↓[0, 5687]
  Stage 2: mono=0  conc=11  optimal=False
  R_1=0.8333  worst_trip=(l2,l6,tr1,k1)
  Dispatch: s1=2543  s2=2431  saving=112

  [layered_small_seed2 w=300 proxy=exposure] Solving Stage 1 (limit=300s)...
  [S1 w=300 round 1] budget=299s best=None ↓46061 ↓44941 ↓44867 ↓44793 ↓44645 ↓44608 ↓44534 ↓44497 ↓44423 ↓44386 ↓44349 ↓44312 ↓44238 ↓44164 ↓43720 ↓43350 ↓40284 ↓39766 ↓39692 ↓39433 ↓39396 ↓39359 ↓39322 ↓39285 ↓39248 ↓39098 ↓38650 ↓37306 ↓36858 ↓34170 ↓33722 ↓33274 ↓32826 ↓32378 ↓32266 ↓31930 ↓31818 ↓31782 ↓31745 ↓31708 ↓31707 ↓31670 ↓31633 ↓31596 ↓31560 ↓31407 ↓31370 ↓31296 ↓31222 ↓31185 ↓31148 ↓31111 ↓31074 ↓31037 ↓31000 ↓28570 ↓28122 ↓27674 ↓27564 ↓27452 ↓27190 ↓26742 ↓26706 ↓26444 ↓26108 ↓26071 ↓25623 ↓25475 ↓25438 ↓24406 ↓23814 ↓23666 ↓23444 ↓23218 ↓23144 ↓23107 ↓23070 ↓23027 ↓22879 ↓22731 ↓22659 ↓22603 ↓22546 ↓22509 ↓22472 ↓22435 ↓22398 ↓22361 ↓22324 ↓22287 ↓22250 ↓22176 ↓22173 ↓22117 ↓21837 ↓21725 ↓21577 ↓21540 ↓21355 ↓21204 ↓21167 ↓21130 ↓19450 ↓18442 ↓18106 ↓18066 ↓17946 ↓17610 ↓17550 ↓17438 ↓17434 ↓17382 ↓17270 ↓17173 ↓17136 ↓17099 ↓17097 ↓17025 ↓16803 ↓16581 ↓16248 ↓16174 ↓15582 ↓15064 ↓14805 ↓14546 ↓14213 ↓14102 ↓14066 ↓13918 ↓13886 ↓13662 ↓13214 ↓13178 ↓13070 ↓12990 ↓12906 ↓12902 ↓12850 ↓12794 ↓12738 ↓12626 ↓12514 ↓12460 ↓11554 ↓10770 ↓9202 ↓8810 ↓8418 ↓8026 ↓7634 ↓7242 ↓6798 ↓6761 ↓6354 ↓6280 ↓6186 ↓6074 ↓6072 ↓5998 ↓5774 ↓5722 ↓5700 ↓5663 ↓5639 ↓5588 ↓5552 ↓5491 ↓5470 ↓5458 ↓5346 ↓5271 ↓5246 ↓5136 ↓5100 ↓5063 ↓5026 ↓4970 ↓4961 ↓4945 ↓4940 ↓4903 ↓4882 ↓4818 ↓4762 ↓4754 ↓4738 ↓4706 ↓4669 ↓4643 ↓4627 ↓4606 ↓4578 ↓4575 ↓4538 ↓4501 ↓4464 ↓4424 ↓4387 ↓4350 ↓4202 ↓4128 ↓3943 ↓3869 ↓3848 ↓3663 ↓3645 ↓3627 ↓3590 ↓3534 ↓3515 ↓3478 ↓3404 ↓3256 ↓3201 ↓3164 ↓3156 ↓3119 ↓3084 ↓3082 ↓3045 ↓2897 ↓2879 ↓2731 ↓2637 ↓2636 ↓2562 ↓2543
  [S1 w=300 round 2] budget=258s best=2543
Stage 1: cost=2543  dominant=11  exposure=0  optimal=True
  R_TR=0.6667  worst_arc=(l1,l6,tr1)

  [layered_small_seed2 w=300 s2=off_off] Solving Stage 2 (limit=300s)... ↓[]
  Stage 2: mono=9  conc=9  optimal=False
  R_1=0.8333  worst_trip=(l1,l4,tr2,k2)
  Dispatch: s1=2543  s2=2469  saving=74

  [layered_small_seed2 w=300 s2=both] Solving Stage 2 (limit=300s)... ↓[9000, 4539] ↓[8000, 4539] ↓[7000, 5113] ↓[6000, 5113] ↓[6000, 4539] ↓[5000, 5113] ↓[4000, 5687] ↓[3000, 6052] ↓[3000, 5687] ↓[2000, 5687] ↓[2000, 4539] ↓[1000, 6991] ↓[1000, 6626] ↓[1000, 6052] ↓[1000, 5687] ↓[0, 7565] ↓[0, 6626] ↓[0, 6261] ↓[0, 6052] ↓[0, 5687]
  Stage 2: mono=0  conc=11  optimal=False
  R_1=0.8333  worst_trip=(l2,l6,tr1,k1)
  Dispatch: s1=2543  s2=2431  saving=112

  [layered_small_seed2 w=350 proxy=exposure] Solving Stage 1 (limit=300s)...
  [S1 w=350 round 1] budget=299s best=None ↓46161 ↓45041 ↓44967 ↓44893 ↓44745 ↓44708 ↓44634 ↓44597 ↓44523 ↓44486 ↓44449 ↓44412 ↓44338 ↓44264 ↓43820 ↓43450 ↓40384 ↓39866 ↓39792 ↓39533 ↓39496 ↓39459 ↓39422 ↓39385 ↓39348 ↓39198 ↓38750 ↓37406 ↓36958 ↓34718 ↓33374 ↓32926 ↓32478 ↓32366 ↓32030 ↓31918 ↓31882 ↓31845 ↓31808 ↓31807 ↓31770 ↓31733 ↓31696 ↓31660 ↓31507 ↓31470 ↓31396 ↓31322 ↓31285 ↓31248 ↓31211 ↓31174 ↓31137 ↓31100 ↓28670 ↓28222 ↓27774 ↓27664 ↓27626 ↓27590 ↓27552 ↓27514 ↓27477 ↓27290 ↓27218 ↓27104 ↓26992 ↓26956 ↓26432 ↓26284 ↓26208 ↓26134 ↓25686 ↓25350 ↓25014 ↓24940 ↓24915 ↓24274 ↓22942 ↓22646 ↓22498 ↓22461 ↓20833 ↓19501 ↓19168 ↓18502 ↓18465 ↓18354 ↓18292 ↓18058 ↓17836 ↓17614 ↓17392 ↓17170 ↓17133 ↓14634 ↓14242 ↓13850 ↓13458 ↓12674 ↓12452 ↓11342 ↓10950 ↓10913 ↓10617 ↓10506 ↓10469 ↓10173 ↓10136 ↓9893 ↓9669 ↓9613 ↓9445 ↓9389 ↓9352 ↓6328 ↓5992 ↓5320 ↓4984 ↓4944 ↓4928 ↓4872 ↓4816 ↓4552 ↓4532 ↓4458 ↓4350 ↓4276 ↓4202 ↓4108 ↓3982 ↓3940 ↓3926 ↓3923 ↓3590 ↓3553 ↓3517 ↓3498 ↓3461 ↓3425 ↓3406 ↓3369 ↓3353 ↓3316 ↓3297 ↓3260 ↓3241 ↓3204 ↓3173 ↓3155 ↓3043 ↓2969 ↓2953 ↓2897 ↓2841 ↓2785 ↓2767 ↓2711 ↓2674 ↓2637 ↓2617 ↓2580 ↓2562 ↓2543
  [S1 w=350 round 2] budget=238s best=2543
Stage 1: cost=2543  dominant=11  exposure=0  optimal=True
  R_TR=0.6667  worst_arc=(l1,l6,tr1)

  [layered_small_seed2 w=350 s2=off_off] Solving Stage 2 (limit=300s)... ↓[]
  Stage 2: mono=9  conc=9  optimal=False
  R_1=0.8333  worst_trip=(l1,l4,tr2,k2)
  Dispatch: s1=2543  s2=2469  saving=74

  [layered_small_seed2 w=350 s2=both] Solving Stage 2 (limit=300s)... ↓[9000, 4539] ↓[8000, 4539] ↓[7000, 5113] ↓[6000, 5113] ↓[6000, 4539] ↓[5000, 5113] ↓[4000, 5687] ↓[3000, 6052] ↓[3000, 5687] ↓[2000, 5687] ↓[2000, 4539] ↓[1000, 6991] ↓[1000, 6626] ↓[1000, 6052] ↓[1000, 5687] ↓[0, 7565] ↓[0, 6626] ↓[0, 6261] ↓[0, 6052] ↓[0, 5687]
  Stage 2: mono=0  conc=11  optimal=False
  R_1=0.8333  worst_trip=(l2,l6,tr1,k1)
  Dispatch: s1=2543  s2=2431  saving=112

  [layered_small_seed2 w=400 proxy=exposure] Solving Stage 1 (limit=300s)...
  [S1 w=400 round 1] budget=299s best=None ↓46261 ↓45141 ↓45067 ↓44993 ↓44845 ↓44808 ↓44734 ↓44697 ↓44623 ↓44586 ↓44549 ↓44512 ↓44438 ↓44364 ↓43920 ↓43550 ↓40484 ↓39966 ↓39892 ↓39633 ↓39596 ↓39559 ↓39522 ↓39485 ↓39448 ↓39298 ↓38850 ↓37506 ↓37058 ↓33474 ↓33026 ↓32578 ↓32466 ↓32130 ↓31866 ↓31570 ↓31533 ↓31496 ↓31459 ↓31422 ↓31385 ↓31348 ↓31311 ↓31274 ↓31237 ↓31200 ↓31163 ↓31126 ↓27318 ↓26982 ↓26646 ↓26310 ↓26273 ↓26150 ↓25974 ↓25820 ↓25749 ↓25712 ↓25675 ↓25638 ↓25601 ↓25542 ↓24950 ↓24802 ↓24654 ↓24466 ↓24130 ↓23794 ↓23458 ↓22934 ↓22897 ↓22860 ↓22823 ↓22820 ↓22786 ↓22783 ↓22709 ↓22561 ↓22524 ↓22487 ↓22450 ↓22413 ↓21537 ↓21204 ↓20871 ↓20538 ↓19872 ↓19869 ↓19533 ↓19200 ↓18867 ↓18864 ↓18716 ↓18531 ↓18383 ↓18346 ↓18343 ↓18309 ↓18272 ↓18195 ↓18178 ↓18141 ↓18104 ↓17939 ↓17495 ↓17273 ↓17051 ↓16940 ↓14241 ↓14019 ↓13849 ↓12961 ↓12569 ↓11785 ↓11393 ↓11171 ↓11060 ↓11003 ↓11001 ↓10945 ↓10833 ↓10777 ↓10740 ↓10609 ↓10498 ↓10441 ↓10386 ↓10385 ↓10329 ↓10273 ↓10217 ↓9993 ↓9956 ↓9940 ↓9939 ↓9902 ↓9881 ↓9825 ↓9769 ↓9715 ↓9658 ↓9545 ↓9153 ↓8761 ↓8369 ↓8361 ↓7977 ↓7585 ↓7505 ↓7473 ↓7305 ↓7249 ↓7137 ↓7095 ↓6985 ↓6945 ↓6833 ↓6799 ↓6722 ↓6500 ↓6498 ↓6479 ↓6442 ↓6421 ↓6388 ↓6351 ↓6025 ↓6005 ↓5997 ↓5941 ↓5661 ↓5549 ↓5512 ↓5509 ↓5469 ↓5432 ↓5413 ↓5376 ↓5357 ↓5244 ↓5084 ↓4972 ↓4936 ↓4862 ↓4787 ↓4777 ↓4768 ↓4694 ↓4657 ↓4652 ↓4617 ↓4590 ↓4585 ↓4569 ↓4551 ↓4495 ↓4458 ↓4347 ↓4326 ↓4291 ↓4181 ↓4160 ↓4125 ↓4089 ↓4070 ↓4033 ↓4027 ↓4008 ↓4006 ↓3990 ↓3924 ↓3921 ↓3809 ↓3751 ↓3639 ↓3607 ↓3605 ↓3569 ↓3565 ↓3529 ↓3513 ↓3473 ↓3439 ↓3328 ↓3291 ↓3251 ↓3214 ↓3158 ↓3136 ↓3101 ↓3080 ↓3024 ↓3023 ↓2986 ↓2950 ↓2894 ↓2730 ↓2674 ↓2618 ↓2562 ↓2543
  [S1 w=400 round 2] budget=246s best=2543
Stage 1: cost=2543  dominant=11  exposure=0  optimal=True
  R_TR=0.6667  worst_arc=(l1,l6,tr1)

  [layered_small_seed2 w=400 s2=off_off] Solving Stage 2 (limit=300s)... ↓[]
  Stage 2: mono=9  conc=9  optimal=False
  R_1=0.8333  worst_trip=(l1,l4,tr2,k2)
  Dispatch: s1=2543  s2=2469  saving=74

  [layered_small_seed2 w=400 s2=both] Solving Stage 2 (limit=300s)... ↓[9000, 4539] ↓[8000, 4539] ↓[7000, 5113] ↓[6000, 5113] ↓[6000, 4539] ↓[5000, 5113] ↓[4000, 5687] ↓[3000, 6052] ↓[3000, 5687] ↓[2000, 5687] ↓[2000, 4539] ↓[1000, 6991] ↓[1000, 6626] ↓[1000, 6052] ↓[1000, 5687] ↓[0, 7565] ↓[0, 6626] ↓[0, 6261] ↓[0, 6052] ↓[0, 5687]
  Stage 2: mono=0  conc=11  optimal=False
  R_1=0.8333  worst_trip=(l2,l6,tr1,k1)
  Dispatch: s1=2543  s2=2431  saving=112

  [layered_small_seed2 w=450 proxy=exposure] Solving Stage 1 (limit=300s)...
  [S1 w=450 round 1] budget=299s best=None ↓46361 ↓45241 ↓45167 ↓45093 ↓44945 ↓44908 ↓44834 ↓44797 ↓44723 ↓44686 ↓44649 ↓44612 ↓44538 ↓44464 ↓44020 ↓43650 ↓40584 ↓40066 ↓39992 ↓39733 ↓39696 ↓39659 ↓39622 ↓39585 ↓39548 ↓39398 ↓38950 ↓37606 ↓37158 ↓35366 ↓34918 ↓34470 ↓33574 ↓33126 ↓32678 ↓32566 ↓32230 ↓32118 ↓32082 ↓32045 ↓32008 ↓32007 ↓31970 ↓31933 ↓31896 ↓31670 ↓31633 ↓31596 ↓31559 ↓31522 ↓31485 ↓31448 ↓31411 ↓31374 ↓31337 ↓31300 ↓31263 ↓31226 ↓31189 ↓31133 ↓31077 ↓31021 ↓30573 ↓30125 ↓29911 ↓29689 ↓29241 ↓28793 ↓28774 ↓28457 ↓28401 ↓27897 ↓27561 ↓27225 ↓27169 ↓26889 ↓26729 ↓26697 ↓26673 ↓26561 ↓26441 ↓26281 ↓26262 ↓26198 ↓26158 ↓26086 ↓26030 ↓25974 ↓25934 ↓25900 ↓25860 ↓25823 ↓25749 ↓24084 ↓23751 ↓23418 ↓22752 ↓21864 ↓21531 ↓21494 ↓21475 ↓20467 ↓19459 ↓19123 ↓18787 ↓17107 ↓16771 ↓16435 ↓16099 ↓15763 ↓15427 ↓15091 ↓14755 ↓13411 ↓13019 ↓12235 ↓11843 ↓11451 ↓11059 ↓10667 ↓10275 ↓9883 ↓9824 ↓9603 ↓9432 ↓9321 ↓8424 ↓8313 ↓8259 ↓8203 ↓8166 ↓7593 ↓7149 ↓7112 ↓6964 ↓6890 ↓6742 ↓6705 ↓6668 ↓6557 ↓6520 ↓6483 ↓6446 ↓6335 ↓6298 ↓6261 ↓6224 ↓6150 ↓6113 ↓6076 ↓5978 ↓5941 ↓5904 ↓5868 ↓5716 ↓5642 ↓5605 ↓5568 ↓5491 ↓5448 ↓5229 ↓5155 ↓5119 ↓5063 ↓4989 ↓4955 ↓4935 ↓4917 ↓4894 ↓4886 ↓4870 ↓4833 ↓4812 ↓4795 ↓4757 ↓4683 ↓4646 ↓4629 ↓4571 ↓4568 ↓4494 ↓4420 ↓4346 ↓4272 ↓3936 ↓3600 ↓3452 ↓3378 ↓3341 ↓3193 ↓3177 ↓3065 ↓3049 ↓2937 ↓2862 ↓2821 ↓2804 ↓2767 ↓2693 ↓2637 ↓2636 ↓2599 ↓2580 ↓2562 ↓2543
  [S1 w=450 round 2] budget=237s best=2543
Stage 1: cost=2543  dominant=11  exposure=0  optimal=True
  R_TR=0.6667  worst_arc=(l1,l6,tr1)

  [layered_small_seed2 w=450 s2=off_off] Solving Stage 2 (limit=300s)... ↓[]
  Stage 2: mono=9  conc=9  optimal=False
  R_1=0.8333  worst_trip=(l1,l4,tr2,k2)
  Dispatch: s1=2543  s2=2469  saving=74

  [layered_small_seed2 w=450 s2=both] Solving Stage 2 (limit=300s)... ↓[9000, 4539] ↓[8000, 4539] ↓[7000, 5113] ↓[6000, 5113] ↓[6000, 4539] ↓[5000, 5113] ↓[4000, 5687] ↓[3000, 6052] ↓[3000, 5687] ↓[2000, 5687] ↓[2000, 4539] ↓[1000, 6991] ↓[1000, 6626] ↓[1000, 6052] ↓[1000, 5687] ↓[0, 7565] ↓[0, 6626] ↓[0, 6261] ↓[0, 6052] ↓[0, 5687]
  Stage 2: mono=0  conc=11  optimal=False
  R_1=0.8333  worst_trip=(l2,l6,tr1,k1)
  Dispatch: s1=2543  s2=2431  saving=112

  [layered_small_seed2 w=500 proxy=exposure] Solving Stage 1 (limit=300s)...
  [S1 w=500 round 1] budget=299s best=None ↓46461 ↓45341 ↓45267 ↓45193 ↓45045 ↓45008 ↓44934 ↓44897 ↓44823 ↓44786 ↓44749 ↓44712 ↓44638 ↓44564 ↓44120 ↓43750 ↓40684 ↓40166 ↓40092 ↓39833 ↓39796 ↓39759 ↓39722 ↓39685 ↓39648 ↓39498 ↓39050 ↓37706 ↓37258 ↓35466 ↓35018 ↓34570 ↓33674 ↓33226 ↓32778 ↓32666 ↓32330 ↓32218 ↓32182 ↓32145 ↓32108 ↓32107 ↓32070 ↓32033 ↓31996 ↓31770 ↓31733 ↓31696 ↓31659 ↓31622 ↓31585 ↓31548 ↓31511 ↓31474 ↓31437 ↓31400 ↓31363 ↓31326 ↓31289 ↓31177 ↓30393 ↓30337 ↓30001 ↓27761 ↓26417 ↓25969 ↓25521 ↓25073 ↓24625 ↓24185 ↓23963 ↓23741 ↓23293 ↓20629 ↓20296 ↓19963 ↓19630 ↓19297 ↓18964 ↓16948 ↓15604 ↓14596 ↓14260 ↓13924 ↓13588 ↓13252 ↓12916 ↓12580 ↓12466 ↓12392 ↓12355 ↓12318 ↓12281 ↓12244 ↓12154 ↓12006 ↓11630 ↓11556 ↓11519 ↓9167 ↓8495 ↓8439 ↓8397 ↓8375 ↓8175 ↓8135 ↓7967 ↓7911 ↓7895 ↓7783 ↓7727 ↓7709 ↓7672 ↓7616 ↓7592 ↓7336 ↓7280 ↓7188 ↓7112 ↓7076 ↓7056 ↓7020 ↓7019 ↓6983 ↓6911 ↓6856 ↓6763 ↓6686 ↓6631 ↓6039 ↓5891 ↓5873 ↓5836 ↓5832 ↓5778 ↓5665 ↓5614 ↓5613 ↓5391 ↓5373 ↓5337 ↓5314 ↓5111 ↓5001 ↓4945 ↓4927 ↓4871 ↓4761 ↓4743 ↓4741 ↓4723 ↓4721 ↓4685 ↓4648 ↓4629 ↓4592 ↓4552 ↓4513 ↓4498 ↓4461 ↓4443 ↓4424 ↓4387 ↓4368 ↓4312 ↓4275 ↓4238 ↓4201 ↓4165 ↓4109 ↓4083 ↓4043 ↓4003 ↓3861 ↓3817 ↓3801 ↓3781 ↓3707 ↓3691 ↓3670 ↓3651 ↓3614 ↓3580 ↓3542 ↓3505 ↓3321 ↓3205 ↓3149 ↓3138 ↓3104 ↓3060 ↓3004 ↓2988 ↓2914 ↓2911 ↓2893 ↓2880 ↓2859 ↓2840 ↓2785 ↓2782 ↓2745 ↓2708 ↓2692 ↓2674 ↓2599 ↓2543
  [S1 w=500 round 2] budget=184s best=2543
Stage 1: cost=2543  dominant=11  exposure=0  optimal=True
  R_TR=0.6667  worst_arc=(l1,l6,tr1)

  [layered_small_seed2 w=500 s2=off_off] Solving Stage 2 (limit=300s)... ↓[]
  Stage 2: mono=9  conc=9  optimal=False
  R_1=0.8333  worst_trip=(l1,l4,tr2,k2)
  Dispatch: s1=2543  s2=2469  saving=74

  [layered_small_seed2 w=500 s2=both] Solving Stage 2 (limit=300s)... ↓[9000, 4539] ↓[8000, 4539] ↓[7000, 5113] ↓[6000, 5113] ↓[6000, 4539] ↓[5000, 5113] ↓[4000, 5687] ↓[3000, 6052] ↓[3000, 5687] ↓[2000, 5687] ↓[2000, 4539] ↓[1000, 6991] ↓[1000, 6626] ↓[1000, 6052] ↓[1000, 5687] ↓[0, 7565] ↓[0, 6626] ↓[0, 6261] ↓[0, 6052] ↓[0, 5687]
  Stage 2: mono=0  conc=11  optimal=False
  R_1=0.8333  worst_trip=(l2,l6,tr1,k1)
  Dispatch: s1=2543  s2=2431  saving=112

══════════════════════════════════════════════════════════════════════
  Instance: layered_small_seed3 (custom, seed=0)
══════════════════════════════════════════════════════════════════════
  Parsed: 2 parts, 17 routes

  [layered_small_seed3 w=0 proxy=exposure] Solving Stage 1 (limit=300s)...
  [S1 w=0 round 1] budget=299s best=None ↓12372 ↓11964 ↓11352 ↓11012 ↓10944 ↓10876 ↓10856 ↓10784 ↓10716 ↓10688 ↓10592 ↓10524 ↓10520 ↓10512 ↓10476 ↓10448 ↓10444 ↓10412 ↓10380 ↓10348 ↓10332 ↓10316 ↓10312 ↓10308 ↓10272 ↓10252 ↓10216 ↓10124 ↓10104 ↓10064 ↓10052 ↓9868 ↓9748 ↓9716 ↓9704 ↓9672 ↓9668 ↓9640 ↓9596 ↓9572 ↓9488 ↓9464 ↓9396 ↓9372 ↓9368 ↓9300 ↓9260 ↓9192 ↓9188 ↓9120 ↓9116 ↓8936 ↓8924 ↓8780 ↓8748 ↓8544 ↓8512 ↓8400 ↓8332 ↓8280 ↓8220 ↓8180 ↓8148 ↓8144 ↓8108 ↓8092 ↓8056 ↓8036 ↓7900 ↓7864 ↓7832 ↓7704 ↓7696 ↓7680 ↓7624 ↓7612 ↓7552 ↓7528 ↓7504 ↓7468 ↓7448 ↓7380 ↓7376 ↓7316 ↓7312 ↓7288 ↓7256 ↓7224 ↓7196 ↓7148 ↓7144 ↓7108 ↓7092 ↓7056 ↓7036 ↓7004 ↓7000 ↓6964 ↓6932 ↓6892 ↓6888 ↓6852 ↓6824 ↓6816 ↓6812 ↓6776 ↓6668 ↓6540 ↓6532 ↓6464 ↓6460 ↓6392 ↓6324 ↓6300 ↓6264 ↓6240 ↓6220 ↓6148 ↓6120 ↓6100 ↓6040 ↓5972 ↓5800 ↓5680 ↓5572 ↓5416
  [S1 w=0 round 2] budget=278s best=5416
Stage 1: cost=5416  dominant=8  exposure=6  optimal=True
  R_TR=0.4667  worst_arc=(l2,l4,tr2)

  [layered_small_seed3 w=0 s2=off_off] Solving Stage 2 (limit=300s)... ↓[]
  Stage 2: mono=21  conc=4  optimal=False
  R_1=0.8667  worst_trip=(l3,l6,tr1,k1)
  Dispatch: s1=5416  s2=5416  saving=0

  [layered_small_seed3 w=0 s2=both] Solving Stage 2 (limit=300s)... ↓[21000, 2304] ↓[21000, 1728] ↓[19000, 1152] ↓[18000, 1152] ↓[17000, 1728] ↓[16000, 2304] ↓[14000, 1152] ↓[13000, 1152] ↓[12000, 1152] ↓[11000, 1152] ↓[10000, 1152] ↓[9000, 2304] ↓[8000, 2304] ↓[7000, 2304] ↓[7000, 1728] ↓[6000, 2304] ↓[6000, 1728] ↓[5000, 2304] ↓[5000, 1728] ↓[4000, 2304] ↓[3000, 2304] ↓[3000, 1728] ↓[2000, 2304]
  Stage 2: mono=2  conc=4  optimal=False
  R_1=0.8667  worst_trip=(l2,l3,tr1,k3)
  Dispatch: s1=5416  s2=4608  saving=808

  [layered_small_seed3 w=50 proxy=exposure] Solving Stage 1 (limit=300s)...
  [S1 w=50 round 1] budget=299s best=None ↓12772 ↓12364 ↓11752 ↓11412 ↓11344 ↓11276 ↓11264 ↓11232 ↓11178 ↓11110 ↓11058 ↓11056 ↓10984 ↓10920 ↓10870 ↓10868 ↓10760 ↓10750 ↓10714 ↓10712 ↓10676 ↓10664 ↓10628 ↓10596 ↓10594 ↓10580 ↓10488 ↓10480 ↓10448 ↓10394 ↓10384 ↓10356 ↓10352 ↓10334 ↓10302 ↓10294 ↓10262 ↓10236 ↓10232 ↓10200 ↓10168 ↓10124 ↓10114 ↓10070 ↓10028 ↓9996 ↓9844 ↓9772 ↓9740 ↓9736 ↓9718 ↓9704 ↓9664 ↓9648 ↓9630 ↓9598 ↓9498 ↓9434 ↓9378 ↓9324 ↓9292 ↓9244 ↓9218 ↓8974 ↓8942 ↓8800 ↓8764 ↓8744 ↓8738 ↓8688 ↓8658 ↓8528 ↓8508 ↓8472 ↓8456 ↓8404 ↓8310 ↓8294 ↓8280 ↓8274 ↓8270 ↓8260 ↓8236 ↓8130 ↓8090 ↓8074 ↓8060 ↓8042 ↓8024 ↓8008 ↓7984 ↓7976 ↓7962 ↓7926 ↓7886 ↓7882 ↓7878 ↓7846 ↓7790 ↓7786 ↓7756 ↓7734 ↓7724 ↓7706 ↓7680 ↓7676 ↓7656 ↓7644 ↓7594 ↓7576 ↓7526 ↓7522 ↓7468 ↓7434 ↓7384 ↓7340 ↓7334 ↓7266 ↓7198 ↓7184 ↓7180 ↓7118 ↓6664 ↓6572 ↓6544 ↓6532 ↓6518 ↓6482 ↓6446 ↓6430 ↓6398 ↓6376 ↓6358 ↓6342 ↓6278 ↓6232 ↓6196 ↓6120 ↓6088 ↓6022 ↓6002 ↓5992 ↓5970 ↓5966 ↓5948 ↓5812 ↓5716
  [S1 w=50 round 2] budget=215s best=5716
Stage 1: cost=5716  dominant=8  exposure=6  optimal=True
  R_TR=0.4667  worst_arc=(l2,l4,tr2)

  [layered_small_seed3 w=50 s2=off_off] Solving Stage 2 (limit=300s)... ↓[]
  Stage 2: mono=21  conc=4  optimal=False
  R_1=0.8667  worst_trip=(l3,l6,tr1,k1)
  Dispatch: s1=5416  s2=5416  saving=0

  [layered_small_seed3 w=50 s2=both] Solving Stage 2 (limit=300s)... ↓[21000, 2304] ↓[21000, 1728] ↓[19000, 1152] ↓[18000, 1152] ↓[17000, 1728] ↓[16000, 2304] ↓[14000, 1152] ↓[13000, 1152] ↓[12000, 1152] ↓[11000, 1152] ↓[10000, 1152] ↓[9000, 2304] ↓[8000, 2304] ↓[7000, 2304] ↓[7000, 1728] ↓[6000, 2304] ↓[6000, 1728] ↓[5000, 2304] ↓[5000, 1728] ↓[4000, 2304] ↓[3000, 2304] ↓[3000, 1728] ↓[2000, 2304]
  Stage 2: mono=2  conc=4  optimal=False
  R_1=0.8667  worst_trip=(l2,l3,tr1,k3)
  Dispatch: s1=5416  s2=4608  saving=808

  [layered_small_seed3 w=100 proxy=exposure] Solving Stage 1 (limit=300s)...
  [S1 w=100 round 1] budget=299s best=None ↓13172 ↓12764 ↓12152 ↓11812 ↓11744 ↓11676 ↓11660 ↓11624 ↓11556 ↓11548 ↓11540 ↓11512 ↓11468 ↓11456 ↓11420 ↓11400 ↓11388 ↓11356 ↓11320 ↓11260 ↓11256 ↓11220 ↓11208 ↓11156 ↓11124 ↓11104 ↓11056 ↓11044 ↓11040 ↓11016 ↓10976 ↓10952 ↓10916 ↓10884 ↓10864 ↓10848 ↓10572 ↓10548 ↓10520 ↓10472 ↓10444 ↓10436 ↓10400 ↓10344 ↓10336 ↓10280 ↓9908 ↓9900 ↓9896 ↓9828 ↓9804 ↓9796 ↓9752 ↓9728 ↓9716 ↓9688 ↓9676 ↓9660 ↓9624 ↓9604 ↓9568 ↓9564 ↓9532 ↓9528 ↓9524 ↓9492 ↓9472 ↓9444 ↓9428 ↓9392 ↓9360 ↓9356 ↓9292 ↓9288 ↓9252 ↓9228 ↓9224 ↓9192 ↓9148 ↓9116 ↓9068 ↓9052 ↓9032 ↓9000 ↓8992 ↓8952 ↓8944 ↓8912 ↓8888 ↓8864 ↓8856 ↓8832 ↓8808 ↓8780 ↓8776 ↓8744 ↓8700 ↓8616 ↓8540 ↓8512 ↓8476 ↓8464 ↓8428 ↓8396 ↓8228 ↓8144 ↓8132 ↓8104 ↓8100 ↓8064 ↓8048 ↓7980 ↓7892 ↓7784 ↓7756 ↓7708 ↓7696 ↓7648 ↓7592 ↓7532 ↓7196 ↓7128 ↓7020 ↓6980 ↓6976 ↓6940 ↓6908 ↓6900 ↓6876 ↓6836 ↓6772 ↓6740 ↓6708 ↓6664 ↓6640 ↓6624 ↓6564 ↓6432 ↓6400 ↓6360 ↓6356 ↓6352 ↓6344 ↓6332 ↓6308 ↓6272 ↓6056 ↓6016 ↓6012
  [S1 w=100 round 2] budget=101s best=6012
Stage 1: cost=6012  dominant=10  exposure=4  optimal=True
  R_TR=0.5  worst_arc=(l2,l4,tr2)

  [layered_small_seed3 w=100 s2=off_off] Solving Stage 2 (limit=300s)... ↓[]
  Stage 2: mono=28  conc=5  optimal=False
  R_1=0.8667  worst_trip=(l2,l3,tr1,k2)
  Dispatch: s1=5612  s2=4940  saving=672

  [layered_small_seed3 w=100 s2=both] Solving Stage 2 (limit=300s)... ↓[28000, 3267] ↓[27000, 3267] ↓[26000, 3267] ↓[25000, 3267] ↓[24000, 3267] ↓[17000, 2502] ↓[17000, 2115] ↓[16000, 3654] ↓[16000, 3078] ↓[16000, 2502] ↓[15000, 3078] ↓[15000, 2502] ↓[14000, 3078] ↓[14000, 2115] ↓[13000, 2502] ↓[12000, 2502] ↓[12000, 2115] ↓[11000, 3654] ↓[11000, 3078] ↓[10000, 3078] ↓[9000, 3078] ↓[9000, 1539] ↓[8000, 1539] ↓[7000, 1539] ↓[6000, 1539] ↓[5000, 3078] ↓[4000, 3654] ↓[4000, 3078] ↓[3000, 3654] ↓[3000, 3078] ↓[2000, 3654] ↓[2000, 3078]
  Stage 2: mono=2  conc=4  optimal=False
  R_1=0.8667  worst_trip=(l3,l6,tr1,k1)
  Dispatch: s1=5612  s2=4804  saving=808

  [layered_small_seed3 w=150 proxy=exposure] Solving Stage 1 (limit=300s)...
  [S1 w=150 round 1] budget=299s best=None ↓13572 ↓13164 ↓12552 ↓12212 ↓12144 ↓12076 ↓12004 ↓11974 ↓11950 ↓11914 ↓11882 ↓11854 ↓11786 ↓11678 ↓11666 ↓11564 ↓11504 ↓11478 ↓11158 ↓11150 ↓11146 ↓11104 ↓11078 ↓11046 ↓11040 ↓11012 ↓11008 ↓10978 ↓10966 ↓10964 ↓10896 ↓10886 ↓10872 ↓10856 ↓10832 ↓10806 ↓10758 ↓10752 ↓10680 ↓10608 ↓10602 ↓10576 ↓10564 ↓10534 ↓10528 ↓10516 ↓10480 ↓10446 ↓10426 ↓10412 ↓10408 ↓10332 ↓10278 ↓10266 ↓10050 ↓10020 ↓9998 ↓9972 ↓9906 ↓9862 ↓9830 ↓9808 ↓9758 ↓9748 ↓9680 ↓9654 ↓9618 ↓9616 ↓9606 ↓9568 ↓9524 ↓9470 ↓9410 ↓9298 ↓9290 ↓9254 ↓9192 ↓9160 ↓9138 ↓9102 ↓9068 ↓9036 ↓8976 ↓8958 ↓8948 ↓8944 ↓8876 ↓8844 ↓8772 ↓8762 ↓8726 ↓8690 ↓8680 ↓8612 ↓8604 ↓8536 ↓8474 ↓8454 ↓8450 ↓8414 ↓8396 ↓8360 ↓8264 ↓8260 ↓8254 ↓8246 ↓8182 ↓8166 ↓8150 ↓8122 ↓7948 ↓7942 ↓7902 ↓7834 ↓7812 ↓7766 ↓7732 ↓7728 ↓7692 ↓7668 ↓7632 ↓7616 ↓7604 ↓7600 ↓7568 ↓7510 ↓7490 ↓7474 ↓7418 ↓7416 ↓7392 ↓7328 ↓7324 ↓7302 ↓7274 ↓7264 ↓7242 ↓7206 ↓7170 ↓7144 ↓7124 ↓7112 ↓7076 ↓7046 ↓6990 ↓6964 ↓6942 ↓6920 ↓6900 ↓6878 ↓6846 ↓6844 ↓6736 ↓6726 ↓6688 ↓6620 ↓6598 ↓6448 ↓6424 ↓6418 ↓6382 ↓6326 ↓6290 ↓6256 ↓6212
Stage 1: cost=6212  dominant=10  exposure=4  optimal=False
  R_TR=0.5  worst_arc=(l2,l4,tr2)

  [layered_small_seed3 w=150 s2=off_off] Solving Stage 2 (limit=300s)... ↓[]
  Stage 2: mono=28  conc=5  optimal=False
  R_1=0.8667  worst_trip=(l2,l3,tr1,k2)
  Dispatch: s1=5612  s2=4940  saving=672

  [layered_small_seed3 w=150 s2=both] Solving Stage 2 (limit=300s)... ↓[28000, 3267] ↓[27000, 3267] ↓[26000, 3267] ↓[25000, 3267] ↓[24000, 3267] ↓[17000, 2502] ↓[17000, 2115] ↓[16000, 3654] ↓[16000, 3078] ↓[16000, 2502] ↓[15000, 3078] ↓[15000, 2502] ↓[14000, 3078] ↓[14000, 2115] ↓[13000, 2502] ↓[12000, 2502] ↓[12000, 2115] ↓[11000, 3654] ↓[11000, 3078] ↓[10000, 3078] ↓[9000, 3078] ↓[9000, 1539] ↓[8000, 1539] ↓[7000, 1539] ↓[6000, 1539] ↓[5000, 3078] ↓[4000, 3654] ↓[4000, 3078] ↓[3000, 3654] ↓[3000, 3078] ↓[2000, 3654] ↓[2000, 3078]
  Stage 2: mono=2  conc=4  optimal=False
  R_1=0.8667  worst_trip=(l3,l6,tr1,k1)
  Dispatch: s1=5612  s2=4804  saving=808

  [layered_small_seed3 w=200 proxy=exposure] Solving Stage 1 (limit=300s)...
  [S1 w=200 round 1] budget=299s best=None ↓13972 ↓13564 ↓12952 ↓12612 ↓12544 ↓12476 ↓12384 ↓12352 ↓12324 ↓12296 ↓12264 ↓12260 ↓12228 ↓12196 ↓12128 ↓12092 ↓12088 ↓12056 ↓12052 ↓11980 ↓11968 ↓11896 ↓11888 ↓11872 ↓11836 ↓11764 ↓11728 ↓11724 ↓11720 ↓11652 ↓11636 ↓11564 ↓11496 ↓11464 ↓11428 ↓11412 ↓11372 ↓11368 ↓11312 ↓11304 ↓11300 ↓11264 ↓11248 ↓11232 ↓11228 ↓11192 ↓11172 ↓11124 ↓11096 ↓11072 ↓11052 ↓11032 ↓11004 ↓10984 ↓10944 ↓10916 ↓10912 ↓10904 ↓10884 ↓10872 ↓10856 ↓10852 ↓10820 ↓10788 ↓10784 ↓10716 ↓10696 ↓10680 ↓10648 ↓10620 ↓10588 ↓10560 ↓10524 ↓10520 ↓10496 ↓10464 ↓10460 ↓10424 ↓10412 ↓10376 ↓10352 ↓10280 ↓10272 ↓10268 ↓10132 ↓10108 ↓10072 ↓10016 ↓9996 ↓9976 ↓9940 ↓9932 ↓9900 ↓9896 ↓9872 ↓9864 ↓9832 ↓9808 ↓9772 ↓9652 ↓9596 ↓9592 ↓9500 ↓9496 ↓9436 ↓9384 ↓9380 ↓9312 ↓9292 ↓9256 ↓9224 ↓9184 ↓9172 ↓9124 ↓9116 ↓9092 ↓9080 ↓9056 ↓9052 ↓9040 ↓9028 ↓9024 ↓9004 ↓9000 ↓8988 ↓8920 ↓8908 ↓8888 ↓8796 ↓8636 ↓8596 ↓8528 ↓8496 ↓8472 ↓8344 ↓8340 ↓8272 ↓8248 ↓8176 ↓8144 ↓8132 ↓8108 ↓8080 ↓8056 ↓8040 ↓8020 ↓7888 ↓7864 ↓7812 ↓7776 ↓7708 ↓7692 ↓7656 ↓7636 ↓7620 ↓7588 ↓7568 ↓7456 ↓7452 ↓7416 ↓7272 ↓7256 ↓7248 ↓7216 ↓7144 ↓7020 ↓6964 ↓6784 ↓6760 ↓6720 ↓6684 ↓6616 ↓6580 ↓6544 ↓6540 ↓6504 ↓6476 ↓6452 ↓6444 ↓6404 ↓6396 ↓6372
Stage 1: cost=6372  dominant=12  exposure=1  optimal=False
  R_TR=0.5  worst_arc=(l4,l5,tr2)

  [layered_small_seed3 w=200 s2=off_off] Solving Stage 2 (limit=300s)... ↓[]
  Stage 2: mono=28  conc=11  optimal=False
  R_1=0.8667  worst_trip=(l2,l3,tr1,k2)
  Dispatch: s1=6172  s2=5320  saving=852

  [layered_small_seed3 w=200 s2=both] Solving Stage 2 (limit=300s)... ↓[28000, 8271] ↓[21000, 7695] ↓[20000, 7695] ↓[20000, 6732] ↓[19000, 8847] ↓[19000, 8271] ↓[19000, 7308] ↓[18000, 9810] ↓[18000, 9234] ↓[18000, 8271] ↓[17000, 9810] ↓[17000, 5193] ↓[17000, 4230] ↓[16000, 7119] ↓[16000, 6156] ↓[16000, 5193] ↓[15000, 7119] ↓[15000, 6156] ↓[15000, 5193] ↓[14000, 7119] ↓[14000, 5193] ↓[14000, 4617] ↓[13000, 6543] ↓[13000, 5580] ↓[12000, 7119] ↓[12000, 5193] ↓[12000, 4617] ↓[11000, 5580] ↓[11000, 4617] ↓[11000, 4230] ↓[10000, 6156] ↓[10000, 5193] ↓[10000, 4617] ↓[10000, 4230] ↓[9000, 7119] ↓[9000, 6156] ↓[9000, 5193] ↓[9000, 4230] ↓[9000, 3654] ↓[8000, 6156] ↓[8000, 5193] ↓[8000, 4617] ↓[8000, 3654] ↓[7000, 6156] ↓[6000, 7695] ↓[6000, 6732] ↓[5000, 7695] ↓[5000, 6732] ↓[5000, 5769] ↓[4000, 7695] ↓[4000, 7119] ↓[4000, 6156] ↓[4000, 5193] ↓[4000, 4617] ↓[4000, 4230] ↓[3000, 7119] ↓[3000, 6156] ↓[3000, 5193] ↓[3000, 4230] ↓[2000, 7119] ↓[2000, 6156] ↓[2000, 5193] ↓[1000, 7695] ↓[1000, 6732] ↓[1000, 6156] ↓[1000, 5193] ↓[0, 7695] ↓[0, 7119] ↓[0, 6156] ↓[0, 5193]
  Stage 2: mono=0  conc=7  optimal=False
  R_1=0.9  worst_trip=(l2,l3,tr1,k6)
  Dispatch: s1=6172  s2=5652  saving=520

  [layered_small_seed3 w=250 proxy=exposure] Solving Stage 1 (limit=300s)...
  [S1 w=250 round 1] budget=299s best=None ↓14372 ↓13964 ↓13352 ↓13012 ↓12944 ↓12876 ↓12862 ↓12728 ↓12722 ↓12688 ↓12658 ↓12622 ↓12566 ↓12556 ↓12520 ↓12452 ↓12402 ↓12392 ↓12384 ↓12316 ↓12312 ↓12280 ↓12276 ↓12252 ↓12184 ↓12176 ↓12172 ↓12108 ↓12092 ↓12076 ↓12040 ↓12016 ↓12000 ↓11958 ↓11930 ↓11918 ↓11886 ↓11884 ↓11854 ↓11848 ↓11838 ↓11770 ↓11740 ↓11736 ↓11582 ↓11560 ↓11524 ↓11514 ↓11446 ↓11308 ↓11244 ↓11212 ↓11184 ↓11100 ↓11046 ↓10942 ↓10938 ↓10902 ↓10838 ↓10824 ↓10788 ↓10680 ↓10674 ↓10648 ↓10616 ↓10588 ↓10584 ↓10568 ↓10500 ↓10486 ↓10444 ↓10424 ↓10416 ↓10368 ↓10348 ↓10324 ↓10312 ↓10192 ↓10090 ↓10024 ↓9964 ↓9958 ↓9850 ↓9838 ↓9814 ↓9782 ↓9768 ↓9720 ↓9704 ↓9688 ↓9668 ↓9666 ↓9628 ↓9618 ↓9592 ↓9586 ↓9550 ↓9542 ↓9540 ↓9504 ↓9486 ↓9484 ↓9468 ↓9426 ↓9374 ↓9352 ↓9324 ↓9256 ↓9184 ↓9168 ↓9132 ↓9100 ↓9096 ↓9068 ↓9064 ↓9032 ↓8940 ↓8908 ↓8896 ↓8886 ↓8882 ↓8850 ↓8750 ↓8714 ↓8694 ↓8638 ↓8604 ↓8568 ↓8556 ↓8484 ↓8426 ↓8356 ↓8324 ↓8108 ↓8080 ↓8072 ↓8040 ↓8020 ↓7988 ↓7916 ↓7890 ↓7870 ↓7868 ↓7826 ↓7690 ↓7678 ↓7644 ↓7634 ↓7624 ↓7614 ↓7578 ↓7576 ↓7540 ↓7514 ↓7502 ↓7466 ↓7362 ↓7294 ↓7172 ↓7094 ↓7062 ↓7056 ↓7020 ↓6988 ↓6952 ↓6942 ↓6912 ↓6870 ↓6834 ↓6832 ↓6800 ↓6794 ↓6762 ↓6752 ↓6716 ↓6688 ↓6628 ↓6592 ↓6560 ↓6524 ↓6476 ↓6462 ↓6432 ↓6396
Stage 1: cost=6396  dominant=11  exposure=0  optimal=False
  R_TR=0.6667  worst_arc=(l1,l6,tr2)

  [layered_small_seed3 w=250 s2=off_off] Solving Stage 2 (limit=300s)... ↓[]
  Stage 2: mono=24  conc=8  optimal=False
  R_1=0.8667  worst_trip=(l2,l3,tr1,k4)
  Dispatch: s1=6396  s2=5520  saving=876

  [layered_small_seed3 w=250 s2=both] Solving Stage 2 (limit=300s)... ↓[24000, 6543] ↓[24000, 5580] ↓[23000, 6543] ↓[23000, 5580] ↓[22000, 6543] ↓[22000, 5580] ↓[21000, 6543] ↓[21000, 5580] ↓[20000, 5580] ↓[19000, 5580] ↓[14000, 6354] ↓[13000, 5391] ↓[12000, 5391] ↓[11000, 6930] ↓[11000, 5391] ↓[11000, 4428] ↓[10000, 5391] ↓[10000, 4428] ↓[9000, 5391] ↓[9000, 5004] ↓[9000, 4428] ↓[8000, 5391] ↓[7000, 5580] ↓[6000, 6543] ↓[6000, 5967] ↓[5000, 6930] ↓[5000, 6543] ↓[5000, 4041] ↓[4000, 6930] ↓[4000, 5391] ↓[4000, 5004] ↓[3000, 5967] ↓[3000, 5580] ↓[3000, 5004] ↓[2000, 5967] ↓[1000, 6930] ↓[1000, 5967] ↓[0, 6930]
  Stage 2: mono=0  conc=8  optimal=False
  R_1=0.8667  worst_trip=(l3,l5,tr1,k2)
  Dispatch: s1=6396  s2=5384  saving=1012

  [layered_small_seed3 w=300 proxy=exposure] Solving Stage 1 (limit=300s)...
  [S1 w=300 round 1] budget=299s best=None ↓14772 ↓14364 ↓13752 ↓13412 ↓13344 ↓13276 ↓13248 ↓13244 ↓13216 ↓13200 ↓13188 ↓13164 ↓13100 ↓12956 ↓12940 ↓12900 ↓12896 ↓12864 ↓12724 ↓12692 ↓12660 ↓12644 ↓12640 ↓12572 ↓12540 ↓12340 ↓12324 ↓12316 ↓12292 ↓12268 ↓12232 ↓12208 ↓12172 ↓12152 ↓12136 ↓12100 ↓12088 ↓12052 ↓12020 ↓11984 ↓11972 ↓11968 ↓11960 ↓11924 ↓11892 ↓11856 ↓11848 ↓11840 ↓11816 ↓11780 ↓11732 ↓11708 ↓11700 ↓11632 ↓11624 ↓11556 ↓11540 ↓11524 ↓11492 ↓11484 ↓11480 ↓11448 ↓11416 ↓11384 ↓11360 ↓11340 ↓11328 ↓11292 ↓11260 ↓11240 ↓11236 ↓11200 ↓11172 ↓11148 ↓11104 ↓11080 ↓11064 ↓11032 ↓11020 ↓11016 ↓10992 ↓10960 ↓10932 ↓10920 ↓10872 ↓10840 ↓10812 ↓10796 ↓10764 ↓10744 ↓10684 ↓10648 ↓10640 ↓10636 ↓10604 ↓10596 ↓10564 ↓10476 ↓10396 ↓10300 ↓10280 ↓10256 ↓10224 ↓10184 ↓10168 ↓10164 ↓10132 ↓10092 ↓10068 ↓10056 ↓10048 ↓10044 ↓10012 ↓9948 ↓9936 ↓9900 ↓9828 ↓9796 ↓9760 ↓9740 ↓9672 ↓9648 ↓9620 ↓9452 ↓9428 ↓9424 ↓9400 ↓9376 ↓9312 ↓9292 ↓9244 ↓9220 ↓9120 ↓9084 ↓9056 ↓9044 ↓9008 ↓8940 ↓8892 ↓8884 ↓8784 ↓8764 ↓8732 ↓8708 ↓8684 ↓8652 ↓8632 ↓8620 ↓8488 ↓8476 ↓8456 ↓8448 ↓8432 ↓8368 ↓8356 ↓8320 ↓8288 ↓8256 ↓8244 ↓8220 ↓8204 ↓8172 ↓8136 ↓8104 ↓8072 ↓8052 ↓8028 ↓8004 ↓7940 ↓7924 ↓7892 ↓7888 ↓7852 ↓7812 ↓7796 ↓7792 ↓7720 ↓7716 ↓7648 ↓7644 ↓7612 ↓7584 ↓7548 ↓7480 ↓7444 ↓7424 ↓7404 ↓7364 ↓7340 ↓7272 ↓7236 ↓7232 ↓7196 ↓7184 ↓7168 ↓7136 ↓7096 ↓7048 ↓6980 ↓6976 ↓6940 ↓6932 ↓6908 ↓6872 ↓6864 ↓6796 ↓6728 ↓6716 ↓6692 ↓6684 ↓6656 ↓6588 ↓6584 ↓6552 ↓6500 ↓6432 ↓6396
Stage 1: cost=6396  dominant=12  exposure=0  optimal=False
  R_TR=0.6667  worst_arc=(l1,l6,tr2)

  [layered_small_seed3 w=300 s2=off_off] Solving Stage 2 (limit=300s)... ↓[]
  Stage 2: mono=13  conc=11  optimal=False
  R_1=0.9  worst_trip=(l2,l3,tr1,k3)
  Dispatch: s1=6396  s2=6216  saving=180

  [layered_small_seed3 w=300 s2=both] Solving Stage 2 (limit=300s)... ↓[13000, 9819] ↓[12000, 9819] ↓[10000, 9819] ↓[10000, 5580] ↓[10000, 5004] ↓[9000, 6930] ↓[9000, 5004] ↓[8000, 5004] ↓[7000, 5004] ↓[6000, 5391] ↓[5000, 6354] ↓[4000, 7893] ↓[4000, 7506] ↓[4000, 6543] ↓[3000, 8856] ↓[3000, 7893] ↓[3000, 6543] ↓[2000, 7506] ↓[2000, 6930] ↓[1000, 8856] ↓[1000, 7893]
  Stage 2: mono=1  conc=9  optimal=False
  R_1=0.9  worst_trip=(l2,l3,tr1,k6)
  Dispatch: s1=6396  s2=5564  saving=832

  [layered_small_seed3 w=350 proxy=exposure] Solving Stage 1 (limit=300s)...
  [S1 w=350 round 1] budget=299s best=None ↓15172 ↓14764 ↓14152 ↓13812 ↓13744 ↓13676 ↓13670 ↓13638 ↓13602 ↓13568 ↓13536 ↓13220 ↓13100 ↓13090 ↓13054 ↓13024 ↓12992 ↓12988 ↓12920 ↓12868 ↓12836 ↓12768 ↓12752 ↓12716 ↓12680 ↓12664 ↓12628 ↓12366 ↓12320 ↓12290 ↓12278 ↓12274 ↓12242 ↓12224 ↓12208 ↓12172 ↓12036 ↓12012 ↓11938 ↓11802 ↓11762 ↓11638 ↓11544 ↓11476 ↓11412 ↓11232 ↓11230 ↓11178 ↓11156 ↓11096 ↓10996 ↓10840 ↓10812 ↓10778 ↓10502 ↓10418 ↓10394 ↓10326 ↓10048 ↓10000 ↓9974 ↓9854 ↓9826 ↓9774 ↓9718 ↓9694 ↓9514 ↓9446 ↓9426 ↓9246 ↓9234 ↓9224 ↓9156 ↓9132 ↓9126 ↓9118 ↓9050 ↓8918 ↓8854 ↓8850 ↓8782 ↓8674 ↓8594 ↓8570 ↓8458 ↓8322 ↓8298 ↓8118 ↓8058 ↓8042 ↓7982 ↓7938 ↓7870 ↓7802 ↓7794 ↓7722 ↓7710 ↓7706 ↓7674 ↓7634 ↓7598 ↓7594 ↓7566 ↓7530 ↓7526 ↓7502 ↓7478 ↓7332 ↓7264 ↓7074 ↓7064 ↓7060 ↓7056 ↓6988 ↓6944 ↓6940 ↓6904 ↓6836 ↓6792 ↓6724 ↓6720 ↓6700 ↓6564 ↓6500 ↓6408 ↓6396
Stage 1: cost=6396  dominant=12  exposure=0  optimal=False
  R_TR=0.6667  worst_arc=(l1,l6,tr2)

  [layered_small_seed3 w=350 s2=off_off] Solving Stage 2 (limit=300s)... ↓[]
  Stage 2: mono=30  conc=8  optimal=False
  R_1=0.8667  worst_trip=(l3,l5,tr1,k1)
  Dispatch: s1=6396  s2=5520  saving=876

  [layered_small_seed3 w=350 s2=both] Solving Stage 2 (limit=300s)... ↓[30000, 6156] ↓[29000, 6156] ↓[26000, 6156] ↓[13000, 5580] ↓[12000, 5193] ↓[10000, 5193] ↓[10000, 5004] ↓[10000, 4617] ↓[9000, 4617] ↓[8000, 5580] ↓[8000, 4617] ↓[7000, 6156] ↓[6000, 6156] ↓[5000, 6156] ↓[4000, 6156] ↓[3000, 7695] ↓[3000, 7119] ↓[3000, 6156] ↓[3000, 5193] ↓[2000, 7119] ↓[2000, 6156] ↓[1000, 7119] ↓[1000, 6156]
  Stage 2: mono=1  conc=8  optimal=False
  R_1=0.9  worst_trip=(l2,l3,tr1,k5)
  Dispatch: s1=6396  s2=5672  saving=724

  [layered_small_seed3 w=400 proxy=exposure] Solving Stage 1 (limit=300s)...
  [S1 w=400 round 1] budget=299s best=None ↓15572 ↓15164 ↓14552 ↓14212 ↓14144 ↓14076 ↓14064 ↓14028 ↓13988 ↓13940 ↓13908 ↓13840 ↓13820 ↓13752 ↓13740 ↓13672 ↓13576 ↓13552 ↓13544 ↓13500 ↓13472 ↓13460 ↓13404 ↓13392 ↓13256 ↓13208 ↓13156 ↓13124 ↓13056 ↓12976 ↓12936 ↓12904 ↓12872 ↓12868 ↓12824 ↓12796 ↓12688 ↓12684 ↓12644 ↓12612 ↓12520 ↓12484 ↓12416 ↓12368 ↓12344 ↓12312 ↓12300 ↓12276 ↓12204 ↓12192 ↓12156 ↓12092 ↓12084 ↓12052 ↓12036 ↓11992 ↓11924 ↓11900 ↓11888 ↓11852 ↓11800 ↓11728 ↓11680 ↓11664 ↓11660 ↓11628 ↓11624 ↓11596 ↓11504 ↓11488 ↓11368 ↓11260 ↓11248 ↓11244 ↓11176 ↓11144 ↓11120 ↓11088 ↓11052 ↓11044 ↓11016 ↓10976 ↓10968 ↓10940 ↓10916 ↓10888 ↓10728 ↓10716 ↓10648 ↓10636 ↓10612 ↓10608 ↓10540 ↓10420 ↓10388 ↓10320 ↓10260 ↓10228 ↓10204 ↓10172 ↓10140 ↓10104 ↓10100 ↓10064 ↓10004 ↓9948 ↓9944 ↓9836 ↓9816 ↓9800 ↓9768 ↓9748 ↓9716 ↓9672 ↓9656 ↓9612 ↓9508 ↓9480 ↓9468 ↓9436 ↓9400 ↓9396 ↓9360 ↓9356 ↓9332 ↓9296 ↓9236 ↓9208 ↓9164 ↓9152 ↓9116 ↓9108 ↓9092 ↓9080 ↓8976 ↓8868 ↓8836 ↓8812 ↓8808 ↓8780 ↓8776 ↓8748 ↓8716 ↓8708 ↓8676 ↓8656 ↓8640 ↓8572 ↓8500 ↓8404 ↓8396 ↓8360 ↓8344 ↓8232 ↓8072 ↓7960 ↓7888 ↓7876 ↓7844 ↓7808 ↓7776 ↓7760 ↓7732 ↓7700 ↓7656 ↓7620 ↓7440 ↓7372 ↓7304 ↓7276 ↓7272 ↓7240 ↓7184 ↓7172 ↓7100 ↓7072 ↓7024 ↓6956 ↓6940 ↓6904 ↓6868 ↓6808 ↓6772 ↓6704 ↓6636 ↓6632 ↓6612 ↓6464 ↓6456 ↓6444 ↓6408 ↓6396
Stage 1: cost=6396  dominant=12  exposure=0  optimal=False
  R_TR=0.6667  worst_arc=(l1,l6,tr2)

  [layered_small_seed3 w=400 s2=off_off] Solving Stage 2 (limit=300s)... ↓[]
  Stage 2: mono=30  conc=8  optimal=False
  R_1=0.8667  worst_trip=(l3,l5,tr1,k1)
  Dispatch: s1=6396  s2=5520  saving=876

  [layered_small_seed3 w=400 s2=both] Solving Stage 2 (limit=300s)... ↓[30000, 6156] ↓[29000, 6156] ↓[26000, 6156] ↓[13000, 5580] ↓[12000, 5193] ↓[10000, 5193] ↓[10000, 5004] ↓[10000, 4617] ↓[9000, 4617] ↓[8000, 5580] ↓[8000, 4617] ↓[7000, 6156] ↓[6000, 6156] ↓[5000, 6156] ↓[4000, 6156] ↓[3000, 7695] ↓[3000, 7119] ↓[3000, 6156] ↓[3000, 5193] ↓[2000, 7119] ↓[2000, 6156] ↓[1000, 7119] ↓[1000, 6156]
  Stage 2: mono=1  conc=8  optimal=False
  R_1=0.9  worst_trip=(l2,l3,tr1,k5)
  Dispatch: s1=6396  s2=5672  saving=724

  [layered_small_seed3 w=450 proxy=exposure] Solving Stage 1 (limit=300s)...
  [S1 w=450 round 1] budget=299s best=None ↓15972 ↓15564 ↓14952 ↓14612 ↓14544 ↓14476 ↓14428 ↓14348 ↓14316 ↓14280 ↓14240 ↓14224 ↓14164 ↓14136 ↓14068 ↓14056 ↓14024 ↓13996 ↓13924 ↓13886 ↓13854 ↓13818 ↓13786 ↓13718 ↓13674 ↓13672 ↓13640 ↓13616 ↓13580 ↓13550 ↓13546 ↓13526 ↓13458 ↓13390 ↓13340 ↓13336 ↓13156 ↓13042 ↓12992 ↓12932 ↓12908 ↓12832 ↓12744 ↓12708 ↓12636 ↓12608 ↓12584 ↓12404 ↓12306 ↓12248 ↓12236 ↓12212 ↓12200 ↓12196 ↓12166 ↓12148 ↓12112 ↓12052 ↓12034 ↓12002 ↓11982 ↓11946 ↓11924 ↓11908 ↓11866 ↓11798 ↓11730 ↓11728 ↓11646 ↓11584 ↓11502 ↓11480 ↓11448 ↓11422 ↓11396 ↓11346 ↓11330 ↓11238 ↓11166 ↓11036 ↓11032 ↓11012 ↓11004 ↓10968 ↓10940 ↓10872 ↓10804 ↓10776 ↓10748 ↓10644 ↓10608 ↓10576 ↓10524 ↓10516 ↓10484 ↓10480 ↓10448 ↓10442 ↓10410 ↓10374 ↓10356 ↓10354 ↓10286 ↓10278 ↓10248 ↓10228 ↓10216 ↓10204 ↓10184 ↓10152 ↓10120 ↓10112 ↓10104 ↓10068 ↓10052 ↓10026 ↓9960 ↓9904 ↓9892 ↓9812 ↓9792 ↓9790 ↓9778 ↓9774 ↓9738 ↓9686 ↓9642 ↓9622 ↓9618 ↓9586 ↓9550 ↓9438 ↓9406 ↓9378 ↓9354 ↓9310 ↓9286 ↓9186 ↓9110 ↓9042 ↓9038 ↓8966 ↓8948 ↓8920 ↓8852 ↓8808 ↓8782 ↓8778 ↓8758 ↓8754 ↓8746 ↓8678 ↓8592 ↓8572 ↓8532 ↓8528 ↓8456 ↓8388 ↓8368 ↓8332 ↓8270 ↓8266 ↓8194 ↓8116 ↓8080 ↓8074 ↓8006 ↓7972 ↓7950 ↓7886 ↓7842 ↓7824 ↓7788 ↓7676 ↓7672 ↓7656 ↓7588 ↓7564 ↓7548 ↓7524 ↓7452 ↓7388 ↓7356 ↓7328 ↓7216 ↓7180 ↓7152 ↓7080 ↓7076 ↓7012 ↓6980 ↓6972 ↓6932 ↓6900 ↓6864 ↓6860 ↓6792 ↓6784 ↓6748 ↓6712 ↓6688 ↓6672 ↓6636 ↓6604 ↓6600 ↓6580 ↓6544 ↓6532 ↓6396
Stage 1: cost=6396  dominant=12  exposure=0  optimal=False
  R_TR=0.6667  worst_arc=(l1,l6,tr2)

  [layered_small_seed3 w=450 s2=off_off] Solving Stage 2 (limit=300s)... ↓[]
  Stage 2: mono=13  conc=11  optimal=False
  R_1=0.9  worst_trip=(l2,l3,tr1,k3)
  Dispatch: s1=6396  s2=6216  saving=180

  [layered_small_seed3 w=450 s2=both] Solving Stage 2 (limit=300s)... ↓[13000, 9819] ↓[12000, 9819] ↓[10000, 9819] ↓[10000, 5580] ↓[10000, 5004] ↓[9000, 6930] ↓[9000, 5004] ↓[8000, 5004] ↓[7000, 5004] ↓[6000, 5391] ↓[5000, 6354] ↓[4000, 7893] ↓[4000, 7506] ↓[4000, 6543] ↓[3000, 8856] ↓[3000, 7893] ↓[3000, 6543] ↓[2000, 7506] ↓[2000, 6930] ↓[1000, 8856] ↓[1000, 7893]
  Stage 2: mono=1  conc=9  optimal=False
  R_1=0.9  worst_trip=(l2,l3,tr1,k6)
  Dispatch: s1=6396  s2=5564  saving=832

  [layered_small_seed3 w=500 proxy=exposure] Solving Stage 1 (limit=300s)...
  [S1 w=500 round 1] budget=299s best=None ↓16372 ↓15964 ↓15352 ↓15012 ↓14944 ↓14876 ↓14788 ↓14624 ↓14268 ↓14216 ↓14212 ↓14144 ↓14056 ↓14048 ↓14044 ↓14036 ↓14024 ↓14020 ↓13984 ↓13960 ↓13928 ↓13720 ↓13652 ↓13584 ↓13516 ↓13428 ↓13400 ↓13116 ↓13104 ↓13020 ↓12976 ↓12936 ↓12932 ↓12900 ↓12872 ↓12868 ↓12800 ↓12776 ↓12708 ↓12700 ↓12656 ↓12600 ↓12568 ↓12480 ↓12384 ↓12372 ↓12344 ↓12252 ↓12220 ↓12188 ↓12184 ↓12148 ↓12092 ↓12004 ↓11992 ↓11976 ↓11960 ↓11924 ↓11904 ↓11872 ↓11840 ↓11804 ↓11780 ↓11744 ↓11700 ↓11688 ↓11664 ↓11640 ↓11548 ↓11516 ↓11496 ↓11464 ↓11460 ↓11392 ↓11380 ↓11316 ↓11284 ↓11248 ↓11228 ↓11052 ↓11044 ↓10976 ↓10896 ↓10860 ↓10852 ↓10784 ↓10780 ↓10744 ↓10708 ↓10700 ↓10632 ↓10564 ↓10544 ↓10472 ↓10440 ↓10376 ↓10356 ↓10320 ↓10260 ↓10256 ↓10220 ↓10208 ↓10140 ↓10132 ↓10108 ↓9832 ↓9800 ↓9788 ↓9720 ↓9684 ↓9652 ↓9616 ↓9544 ↓9488 ↓9456 ↓9308 ↓9192 ↓9152 ↓9120 ↓9056 ↓9052 ↓8996 ↓8984 ↓8948 ↓8876 ↓8848 ↓8800 ↓8768 ↓8756 ↓8720 ↓8716 ↓8684 ↓8644 ↓8552 ↓8540 ↓8516 ↓8488 ↓8456 ↓8424 ↓8420 ↓8416 ↓8380 ↓8368 ↓8352 ↓8284 ↓8272 ↓8208 ↓8144 ↓8140 ↓8080 ↓8068 ↓8032 ↓8012 ↓7996 ↓7964 ↓7960 ↓7928 ↓7920 ↓7896 ↓7828 ↓7792 ↓7780 ↓7600 ↓7564 ↓7540 ↓7512 ↓7496 ↓7464 ↓7428 ↓7392 ↓7388 ↓7352 ↓7328 ↓7304 ↓7296 ↓7260 ↓7236 ↓7152 ↓7148 ↓7108 ↓7100 ↓7064 ↓7048 ↓7012 ↓6988 ↓6952 ↓6948 ↓6916 ↓6880 ↓6864 ↓6828 ↓6824 ↓6812 ↓6704 ↓6656 ↓6636 ↓6576 ↓6548 ↓6528 ↓6524 ↓6456 ↓6408 ↓6396
  [S1 w=500 round 2] budget=74s best=6396
Stage 1: cost=6396  dominant=11  exposure=0  optimal=True
  R_TR=0.6667  worst_arc=(l1,l6,tr2)

  [layered_small_seed3 w=500 s2=off_off] Solving Stage 2 (limit=300s)... ↓[]
  Stage 2: mono=24  conc=8  optimal=False
  R_1=0.8667  worst_trip=(l2,l3,tr1,k4)
  Dispatch: s1=6396  s2=5520  saving=876

  [layered_small_seed3 w=500 s2=both] Solving Stage 2 (limit=300s)... ↓[24000, 6543] ↓[24000, 5580] ↓[23000, 6543] ↓[23000, 5580] ↓[22000, 6543] ↓[22000, 5580] ↓[21000, 6543] ↓[21000, 5580] ↓[20000, 5580] ↓[19000, 5580] ↓[14000, 6354] ↓[13000, 5391] ↓[12000, 5391] ↓[11000, 6930] ↓[11000, 5391] ↓[11000, 4428] ↓[10000, 5391] ↓[10000, 4428] ↓[9000, 5391] ↓[9000, 5004] ↓[9000, 4428] ↓[8000, 5391] ↓[7000, 5580] ↓[6000, 6543] ↓[6000, 5967] ↓[5000, 6930] ↓[5000, 6543] ↓[5000, 4041] ↓[4000, 6930] ↓[4000, 5391] ↓[4000, 5004] ↓[3000, 5967] ↓[3000, 5580] ↓[3000, 5004] ↓[2000, 5967] ↓[1000, 6930] ↓[1000, 5967] ↓[0, 6930]
  Stage 2: mono=0  conc=8  optimal=False
  R_1=0.8667  worst_trip=(l3,l5,tr1,k2)
  Dispatch: s1=6396  s2=5384  saving=1012

══════════════════════════════════════════════════════════════════════
  COMPLETE: 220 rows in 35126.1s
  Results → results/layered__w0-500x11__proxy_exposure_n3__s2_off_off_both.csv
══════════════════════════════════════════════════════════════════════
