======================================================================
  TWO-STAGE RESILIENCE EXPERIMENT
  S1 encoding:  stage_1_clingcon_flow.lp
  S2 encoding:  stage_2_packing.lp
  Instances:    5
  Lambdas:      [0.0, 0.1, 0.25, 0.5, 1.0, 2.0, 4.0, 8.0]  (relative: weight = lambda x mean trip cost at w=0)
  Exposure N:   3
  S2 configs:   ['baseline', 'mixed', 'even', 'full']
  Threads:      [4]
  Configurations: ['many']
  Total runs:   160
  Output:       /Users/racqueldennison/Documents/Masters/realdeal_masters/combined_encodings/new_code/src/multibatch/experiments/twostage/results/experiment_rel_small.csv
  Resuming:     67 rows done
======================================================================
  Instance: layered_small_seed1  
  Properties: 6 locs, 2 parts, 17 routes, density=0.283, tightness=1.336
  [relative] normalizer (mean trip cost at w=0) = 108.16
  [relative] lambda=0.1 -> weight=11
  [relative] lambda=0.25 -> weight=27
  [relative] lambda=0.5 -> weight=54
  [relative] lambda=1 -> weight=108

  [layered_small_seed1 w=108] Stage 1 (limit=600s)...
  Stage 1: cost=4570  routes=8  optimal=True
{('l1', 'l3', 'tr1', 'p1'): 4, ('l1', 'l3', 'tr1', 'p2'): 3, ('l1', 'l3', 'tr2', 'p1'): 10, ('l1', 'l3', 'tr2', 'p2'): 8, ('l2', 'l3', 'tr1', 'p1'): 6, ('l2', 'l3', 'tr1', 'p2'): 5, ('l2', 'l3', 'tr2', 'p2'): 6, ('l2', 'l4', 'tr1', 'p1'): 10, ('l2', 'l4', 'tr1', 'p2'): 8, ('l3', 'l5', 'tr1', 'p1'): 18, ('l3', 'l5', 'tr1', 'p2'): 21, ('l3', 'l6', 'tr1', 'p1'): 2, ('l3', 'l6', 'tr1', 'p2'): 1, ('l4', 'l6', 'tr1', 'p1'): 10, ('l4', 'l6', 'tr1', 'p2'): 8}
  R_TR=0.3  worst_arc=(l3,l5,tr1)

  [layered_small_seed1 w=108 s2=baseline] Stage 2...
  mono=2  conc=35  optimal=True
{('l1', 'l3', 'tr1', 'p1', 1): 2, ('l1', 'l3', 'tr1', 'p1', 2): 2, ('l1', 'l3', 'tr1', 'p2', 2): 3, ('l2', 'l3', 'tr1', 'p1', 1): 1, ('l2', 'l3', 'tr1', 'p2', 1): 2, ('l2', 'l3', 'tr1', 'p1', 2): 4, ('l2', 'l3', 'tr1', 'p2', 2): 1, ('l2', 'l3', 'tr1', 'p1', 3): 1, ('l2', 'l3', 'tr1', 'p2', 3): 2, ('l2', 'l4', 'tr1', 'p1', 1): 3, ('l2', 'l4', 'tr1', 'p2', 1): 2, ('l2', 'l4', 'tr1', 'p1', 2): 3, ('l2', 'l4', 'tr1', 'p2', 2): 2, ('l2', 'l4', 'tr1', 'p1', 3): 1, ('l2', 'l4', 'tr1', 'p2', 3): 2, ('l2', 'l4', 'tr1', 'p1', 5): 3, ('l2', 'l4', 'tr1', 'p2', 5): 2, ('l3', 'l5', 'tr1', 'p1', 1): 2, ('l3', 'l5', 'tr1', 'p2', 1): 3, ('l3', 'l5', 'tr1', 'p1', 2): 1, ('l3', 'l5', 'tr1', 'p2', 2): 4, ('l3', 'l5', 'tr1', 'p1', 3): 3, ('l3', 'l5', 'tr1', 'p2', 3): 2, ('l3', 'l5', 'tr1', 'p1', 6): 4, ('l3', 'l5', 'tr1', 'p2', 6): 1, ('l3', 'l5', 'tr1', 'p1', 7): 3, ('l3', 'l5', 'tr1', 'p2', 7): 2, ('l3', 'l5', 'tr1', 'p2', 8): 6, ('l3', 'l5', 'tr1', 'p1', 9): 4, ('l3', 'l5', 'tr1', 'p2', 9): 1, ('l3', 'l5', 'tr1', 'p1', 10): 1, ('l3', 'l5', 'tr1', 'p2', 10): 2, ('l3', 'l6', 'tr1', 'p1', 1): 2, ('l3', 'l6', 'tr1', 'p2', 1): 1, ('l4', 'l6', 'tr1', 'p1', 1): 2, ('l4', 'l6', 'tr1', 'p2', 1): 2, ('l4', 'l6', 'tr1', 'p1', 2): 4, ('l4', 'l6', 'tr1', 'p2', 2): 1, ('l4', 'l6', 'tr1', 'p1', 3): 3, ('l4', 'l6', 'tr1', 'p2', 3): 1, ('l4', 'l6', 'tr1', 'p1', 5): 1, ('l4', 'l6', 'tr1', 'p2', 5): 4, ('l1', 'l3', 'tr2', 'p1', 1): 2, ('l1', 'l3', 'tr2', 'p2', 1): 1, ('l1', 'l3', 'tr2', 'p1', 2): 2, ('l1', 'l3', 'tr2', 'p2', 2): 2, ('l1', 'l3', 'tr2', 'p1', 4): 2, ('l1', 'l3', 'tr2', 'p2', 4): 2, ('l1', 'l3', 'tr2', 'p1', 6): 2, ('l1', 'l3', 'tr2', 'p2', 6): 2, ('l1', 'l3', 'tr2', 'p1', 7): 2, ('l1', 'l3', 'tr2', 'p2', 7): 1, ('l2', 'l3', 'tr2', 'p2', 1): 4, ('l2', 'l3', 'tr2', 'p2', 2): 2}
  Verification: PASS
  R_1=0.8
  K_1=0.8

  [layered_small_seed1 w=108 s2=mixed] Stage 2...
  mono=0  conc=33  optimal=True
{('l1', 'l3', 'tr1', 'p1', 1): 2, ('l1', 'l3', 'tr1', 'p2', 1): 2, ('l1', 'l3', 'tr1', 'p1', 2): 2, ('l1', 'l3', 'tr1', 'p2', 2): 1, ('l2', 'l3', 'tr1', 'p1', 1): 1, ('l2', 'l3', 'tr1', 'p2', 1): 2, ('l2', 'l3', 'tr1', 'p1', 2): 2, ('l2', 'l3', 'tr1', 'p2', 2): 1, ('l2', 'l3', 'tr1', 'p1', 3): 3, ('l2', 'l3', 'tr1', 'p2', 3): 2, ('l2', 'l4', 'tr1', 'p1', 1): 4, ('l2', 'l4', 'tr1', 'p2', 1): 1, ('l2', 'l4', 'tr1', 'p1', 2): 1, ('l2', 'l4', 'tr1', 'p2', 2): 5, ('l2', 'l4', 'tr1', 'p1', 4): 1, ('l2', 'l4', 'tr1', 'p2', 4): 1, ('l2', 'l4', 'tr1', 'p1', 5): 4, ('l2', 'l4', 'tr1', 'p2', 5): 1, ('l3', 'l5', 'tr1', 'p1', 1): 2, ('l3', 'l5', 'tr1', 'p2', 1): 3, ('l3', 'l5', 'tr1', 'p1', 2): 1, ('l3', 'l5', 'tr1', 'p2', 2): 5, ('l3', 'l5', 'tr1', 'p1', 3): 2, ('l3', 'l5', 'tr1', 'p2', 3): 3, ('l3', 'l5', 'tr1', 'p1', 6): 3, ('l3', 'l5', 'tr1', 'p2', 6): 2, ('l3', 'l5', 'tr1', 'p1', 7): 3, ('l3', 'l5', 'tr1', 'p2', 7): 2, ('l3', 'l5', 'tr1', 'p1', 8): 1, ('l3', 'l5', 'tr1', 'p2', 8): 4, ('l3', 'l5', 'tr1', 'p1', 10): 4, ('l3', 'l5', 'tr1', 'p2', 10): 1, ('l3', 'l5', 'tr1', 'p1', 11): 2, ('l3', 'l5', 'tr1', 'p2', 11): 1, ('l3', 'l6', 'tr1', 'p1', 1): 2, ('l3', 'l6', 'tr1', 'p2', 1): 1, ('l4', 'l6', 'tr1', 'p1', 1): 3, ('l4', 'l6', 'tr1', 'p2', 1): 1, ('l4', 'l6', 'tr1', 'p1', 2): 3, ('l4', 'l6', 'tr1', 'p2', 2): 1, ('l4', 'l6', 'tr1', 'p1', 4): 1, ('l4', 'l6', 'tr1', 'p2', 4): 4, ('l4', 'l6', 'tr1', 'p1', 5): 3, ('l4', 'l6', 'tr1', 'p2', 5): 2, ('l1', 'l3', 'tr2', 'p1', 2): 2, ('l1', 'l3', 'tr2', 'p2', 2): 2, ('l1', 'l3', 'tr2', 'p1', 3): 2, ('l1', 'l3', 'tr2', 'p2', 3): 1, ('l1', 'l3', 'tr2', 'p1', 4): 2, ('l1', 'l3', 'tr2', 'p2', 4): 2, ('l1', 'l3', 'tr2', 'p1', 5): 2, ('l1', 'l3', 'tr2', 'p2', 5): 2, ('l1', 'l3', 'tr2', 'p1', 7): 2, ('l1', 'l3', 'tr2', 'p2', 7): 1, ('l2', 'l3', 'tr2', 'p2', 1): 4, ('l2', 'l3', 'tr2', 'p2', 2): 2}
  Verification: PASS
  R_1=0.8333
  K_1=0.8333

  [layered_small_seed1 w=108 s2=even] Stage 2...
  mono=6  conc=14  optimal=True
{('l1', 'l3', 'tr1', 'p1', 1): 2, ('l1', 'l3', 'tr1', 'p2', 1): 3, ('l1', 'l3', 'tr1', 'p1', 2): 2, ('l2', 'l3', 'tr1', 'p1', 1): 2, ('l2', 'l3', 'tr1', 'p2', 1): 3, ('l2', 'l3', 'tr1', 'p1', 2): 2, ('l2', 'l3', 'tr1', 'p2', 2): 1, ('l2', 'l3', 'tr1', 'p1', 3): 2, ('l2', 'l3', 'tr1', 'p2', 3): 1, ('l2', 'l4', 'tr1', 'p1', 1): 2, ('l2', 'l4', 'tr1', 'p2', 1): 1, ('l2', 'l4', 'tr1', 'p1', 2): 2, ('l2', 'l4', 'tr1', 'p2', 2): 1, ('l2', 'l4', 'tr1', 'p1', 3): 1, ('l2', 'l4', 'tr1', 'p2', 3): 4, ('l2', 'l4', 'tr1', 'p1', 4): 4, ('l2', 'l4', 'tr1', 'p2', 4): 1, ('l2', 'l4', 'tr1', 'p1', 5): 1, ('l2', 'l4', 'tr1', 'p2', 5): 1, ('l3', 'l5', 'tr1', 'p1', 1): 1, ('l3', 'l5', 'tr1', 'p2', 1): 1, ('l3', 'l5', 'tr1', 'p1', 2): 1, ('l3', 'l5', 'tr1', 'p2', 2): 1, ('l3', 'l5', 'tr1', 'p1', 3): 1, ('l3', 'l5', 'tr1', 'p2', 3): 1, ('l3', 'l5', 'tr1', 'p1', 4): 1, ('l3', 'l5', 'tr1', 'p2', 4): 1, ('l3', 'l5', 'tr1', 'p1', 5): 4, ('l3', 'l5', 'tr1', 'p2', 5): 1, ('l3', 'l5', 'tr1', 'p2', 6): 6, ('l3', 'l5', 'tr1', 'p1', 7): 4, ('l3', 'l5', 'tr1', 'p2', 7): 1, ('l3', 'l5', 'tr1', 'p1', 8): 1, ('l3', 'l5', 'tr1', 'p2', 8): 1, ('l3', 'l5', 'tr1', 'p2', 9): 6, ('l3', 'l5', 'tr1', 'p1', 10): 1, ('l3', 'l5', 'tr1', 'p2', 10): 1, ('l3', 'l5', 'tr1', 'p1', 11): 4, ('l3', 'l5', 'tr1', 'p2', 11): 1, ('l3', 'l6', 'tr1', 'p1', 1): 2, ('l3', 'l6', 'tr1', 'p2', 1): 1, ('l4', 'l6', 'tr1', 'p1', 1): 1, ('l4', 'l6', 'tr1', 'p2', 1): 4, ('l4', 'l6', 'tr1', 'p1', 2): 4, ('l4', 'l6', 'tr1', 'p2', 2): 1, ('l4', 'l6', 'tr1', 'p1', 3): 2, ('l4', 'l6', 'tr1', 'p2', 3): 1, ('l4', 'l6', 'tr1', 'p1', 4): 1, ('l4', 'l6', 'tr1', 'p2', 4): 1, ('l4', 'l6', 'tr1', 'p1', 5): 2, ('l4', 'l6', 'tr1', 'p2', 5): 1, ('l1', 'l3', 'tr2', 'p1', 1): 3, ('l1', 'l3', 'tr2', 'p1', 2): 3, ('l1', 'l3', 'tr2', 'p1', 3): 1, ('l1', 'l3', 'tr2', 'p2', 3): 1, ('l1', 'l3', 'tr2', 'p1', 4): 1, ('l1', 'l3', 'tr2', 'p2', 4): 1, ('l1', 'l3', 'tr2', 'p1', 5): 1, ('l1', 'l3', 'tr2', 'p2', 5): 1, ('l1', 'l3', 'tr2', 'p1', 6): 1, ('l1', 'l3', 'tr2', 'p2', 6): 1, ('l1', 'l3', 'tr2', 'p2', 7): 4, ('l2', 'l3', 'tr2', 'p2', 1): 3, ('l2', 'l3', 'tr2', 'p2', 2): 3}
  Verification: PASS
  R_1=0.8
  K_1=0.8

  [layered_small_seed1 w=108 s2=full] Stage 2...
  mono=3  conc=14  optimal=True
{('l1', 'l3', 'tr1', 'p1', 1): 2, ('l1', 'l3', 'tr1', 'p2', 1): 1, ('l1', 'l3', 'tr1', 'p1', 2): 2, ('l1', 'l3', 'tr1', 'p2', 2): 2, ('l2', 'l3', 'tr1', 'p1', 1): 2, ('l2', 'l3', 'tr1', 'p2', 1): 1, ('l2', 'l3', 'tr1', 'p1', 2): 2, ('l2', 'l3', 'tr1', 'p2', 2): 3, ('l2', 'l3', 'tr1', 'p1', 3): 2, ('l2', 'l3', 'tr1', 'p2', 3): 1, ('l2', 'l4', 'tr1', 'p1', 1): 2, ('l2', 'l4', 'tr1', 'p2', 1): 1, ('l2', 'l4', 'tr1', 'p1', 2): 2, ('l2', 'l4', 'tr1', 'p2', 2): 1, ('l2', 'l4', 'tr1', 'p1', 3): 3, ('l2', 'l4', 'tr1', 'p2', 3): 1, ('l2', 'l4', 'tr1', 'p1', 4): 2, ('l2', 'l4', 'tr1', 'p2', 4): 1, ('l2', 'l4', 'tr1', 'p1', 5): 1, ('l2', 'l4', 'tr1', 'p2', 5): 4, ('l3', 'l5', 'tr1', 'p1', 1): 1, ('l3', 'l5', 'tr1', 'p2', 1): 1, ('l3', 'l5', 'tr1', 'p1', 2): 1, ('l3', 'l5', 'tr1', 'p2', 2): 1, ('l3', 'l5', 'tr1', 'p2', 3): 6, ('l3', 'l5', 'tr1', 'p1', 4): 1, ('l3', 'l5', 'tr1', 'p2', 4): 1, ('l3', 'l5', 'tr1', 'p1', 5): 1, ('l3', 'l5', 'tr1', 'p2', 5): 1, ('l3', 'l5', 'tr1', 'p1', 6): 4, ('l3', 'l5', 'tr1', 'p2', 6): 1, ('l3', 'l5', 'tr1', 'p1', 7): 4, ('l3', 'l5', 'tr1', 'p2', 7): 1, ('l3', 'l5', 'tr1', 'p1', 8): 1, ('l3', 'l5', 'tr1', 'p2', 8): 1, ('l3', 'l5', 'tr1', 'p1', 9): 4, ('l3', 'l5', 'tr1', 'p2', 9): 1, ('l3', 'l5', 'tr1', 'p2', 10): 6, ('l3', 'l5', 'tr1', 'p1', 11): 1, ('l3', 'l5', 'tr1', 'p2', 11): 1, ('l3', 'l6', 'tr1', 'p1', 1): 2, ('l3', 'l6', 'tr1', 'p2', 1): 1, ('l4', 'l6', 'tr1', 'p1', 1): 1, ('l4', 'l6', 'tr1', 'p2', 1): 4, ('l4', 'l6', 'tr1', 'p1', 2): 3, ('l4', 'l6', 'tr1', 'p2', 2): 1, ('l4', 'l6', 'tr1', 'p1', 3): 2, ('l4', 'l6', 'tr1', 'p2', 3): 1, ('l4', 'l6', 'tr1', 'p1', 4): 2, ('l4', 'l6', 'tr1', 'p2', 4): 1, ('l4', 'l6', 'tr1', 'p1', 5): 2, ('l4', 'l6', 'tr1', 'p2', 5): 1, ('l1', 'l3', 'tr2', 'p1', 1): 2, ('l1', 'l3', 'tr2', 'p2', 1): 1, ('l1', 'l3', 'tr2', 'p1', 2): 3, ('l1', 'l3', 'tr2', 'p1', 3): 1, ('l1', 'l3', 'tr2', 'p2', 3): 1, ('l1', 'l3', 'tr2', 'p1', 4): 1, ('l1', 'l3', 'tr2', 'p2', 4): 1, ('l1', 'l3', 'tr2', 'p1', 5): 1, ('l1', 'l3', 'tr2', 'p2', 5): 1, ('l1', 'l3', 'tr2', 'p1', 6): 1, ('l1', 'l3', 'tr2', 'p2', 6): 3, ('l1', 'l3', 'tr2', 'p1', 7): 1, ('l1', 'l3', 'tr2', 'p2', 7): 1, ('l2', 'l3', 'tr2', 'p2', 1): 3, ('l2', 'l3', 'tr2', 'p2', 2): 3}
  Verification: PASS
  R_1=0.8
  K_1=0.8
  [relative] lambda=2 -> weight=216

  [layered_small_seed1 w=216] Stage 1 (limit=600s)...
  Stage 1: cost=4786  routes=8  optimal=True
{('l1', 'l3', 'tr1', 'p1'): 5, ('l1', 'l3', 'tr1', 'p2'): 1, ('l1', 'l3', 'tr2', 'p1'): 9, ('l1', 'l3', 'tr2', 'p2'): 10, ('l2', 'l3', 'tr1', 'p1'): 6, ('l2', 'l3', 'tr1', 'p2'): 5, ('l2', 'l3', 'tr2', 'p1'): 1, ('l2', 'l3', 'tr2', 'p2'): 5, ('l2', 'l4', 'tr1', 'p1'): 9, ('l2', 'l4', 'tr1', 'p2'): 9, ('l3', 'l5', 'tr1', 'p1'): 18, ('l3', 'l5', 'tr1', 'p2'): 21, ('l3', 'l6', 'tr1', 'p1'): 3, ('l4', 'l6', 'tr1', 'p1'): 9, ('l4', 'l6', 'tr1', 'p2'): 9}
  R_TR=0.3  worst_arc=(l3,l5,tr1)

  [layered_small_seed1 w=216 s2=baseline] Stage 2...
  mono=5  conc=33  optimal=True
{('l1', 'l3', 'tr1', 'p1', 1): 3, ('l1', 'l3', 'tr1', 'p2', 1): 1, ('l1', 'l3', 'tr1', 'p1', 2): 2, ('l2', 'l3', 'tr1', 'p1', 1): 1, ('l2', 'l3', 'tr1', 'p2', 1): 2, ('l2', 'l3', 'tr1', 'p1', 2): 4, ('l2', 'l3', 'tr1', 'p2', 2): 1, ('l2', 'l3', 'tr1', 'p1', 3): 1, ('l2', 'l3', 'tr1', 'p2', 3): 2, ('l2', 'l4', 'tr1', 'p2', 2): 6, ('l2', 'l4', 'tr1', 'p1', 3): 3, ('l2', 'l4', 'tr1', 'p2', 3): 1, ('l2', 'l4', 'tr1', 'p1', 4): 3, ('l2', 'l4', 'tr1', 'p1', 5): 3, ('l2', 'l4', 'tr1', 'p2', 5): 2, ('l3', 'l5', 'tr1', 'p1', 2): 1, ('l3', 'l5', 'tr1', 'p2', 2): 5, ('l3', 'l5', 'tr1', 'p1', 5): 4, ('l3', 'l5', 'tr1', 'p2', 5): 1, ('l3', 'l5', 'tr1', 'p1', 6): 3, ('l3', 'l5', 'tr1', 'p2', 6): 1, ('l3', 'l5', 'tr1', 'p1', 7): 2, ('l3', 'l5', 'tr1', 'p2', 7): 3, ('l3', 'l5', 'tr1', 'p1', 8): 1, ('l3', 'l5', 'tr1', 'p2', 8): 4, ('l3', 'l5', 'tr1', 'p1', 9): 1, ('l3', 'l5', 'tr1', 'p2', 9): 4, ('l3', 'l5', 'tr1', 'p1', 10): 4, ('l3', 'l5', 'tr1', 'p2', 10): 1, ('l3', 'l5', 'tr1', 'p1', 11): 2, ('l3', 'l5', 'tr1', 'p2', 11): 2, ('l3', 'l6', 'tr1', 'p1', 1): 3, ('l4', 'l6', 'tr1', 'p2', 2): 6, ('l4', 'l6', 'tr1', 'p1', 3): 1, ('l4', 'l6', 'tr1', 'p2', 3): 1, ('l4', 'l6', 'tr1', 'p1', 4): 4, ('l4', 'l6', 'tr1', 'p2', 4): 1, ('l4', 'l6', 'tr1', 'p1', 5): 4, ('l4', 'l6', 'tr1', 'p2', 5): 1, ('l1', 'l3', 'tr2', 'p1', 1): 2, ('l1', 'l3', 'tr2', 'p2', 1): 2, ('l1', 'l3', 'tr2', 'p1', 2): 1, ('l1', 'l3', 'tr2', 'p2', 2): 3, ('l1', 'l3', 'tr2', 'p1', 3): 2, ('l1', 'l3', 'tr2', 'p2', 3): 2, ('l1', 'l3', 'tr2', 'p1', 4): 2, ('l1', 'l3', 'tr2', 'p2', 4): 2, ('l1', 'l3', 'tr2', 'p1', 7): 2, ('l1', 'l3', 'tr2', 'p2', 7): 1, ('l2', 'l3', 'tr2', 'p2', 1): 2, ('l2', 'l3', 'tr2', 'p1', 2): 1, ('l2', 'l3', 'tr2', 'p2', 2): 3}
  Verification: PASS
  R_1=0.8
  K_1=0.8

  [layered_small_seed1 w=216 s2=mixed] Stage 2...
  mono=2  conc=41  optimal=True
{('l1', 'l3', 'tr1', 'p1', 1): 2, ('l1', 'l3', 'tr1', 'p1', 2): 3, ('l1', 'l3', 'tr1', 'p2', 2): 1, ('l2', 'l3', 'tr1', 'p1', 1): 1, ('l2', 'l3', 'tr1', 'p2', 1): 1, ('l2', 'l3', 'tr1', 'p1', 2): 4, ('l2', 'l3', 'tr1', 'p2', 2): 1, ('l2', 'l3', 'tr1', 'p1', 3): 1, ('l2', 'l3', 'tr1', 'p2', 3): 3, ('l2', 'l4', 'tr1', 'p1', 1): 3, ('l2', 'l4', 'tr1', 'p2', 1): 2, ('l2', 'l4', 'tr1', 'p1', 2): 2, ('l2', 'l4', 'tr1', 'p2', 2): 2, ('l2', 'l4', 'tr1', 'p1', 3): 1, ('l2', 'l4', 'tr1', 'p2', 3): 3, ('l2', 'l4', 'tr1', 'p1', 5): 3, ('l2', 'l4', 'tr1', 'p2', 5): 2, ('l3', 'l5', 'tr1', 'p1', 1): 2, ('l3', 'l5', 'tr1', 'p2', 1): 3, ('l3', 'l5', 'tr1', 'p1', 2): 2, ('l3', 'l5', 'tr1', 'p2', 2): 2, ('l3', 'l5', 'tr1', 'p1', 3): 4, ('l3', 'l5', 'tr1', 'p2', 3): 1, ('l3', 'l5', 'tr1', 'p1', 4): 2, ('l3', 'l5', 'tr1', 'p2', 4): 3, ('l3', 'l5', 'tr1', 'p1', 5): 2, ('l3', 'l5', 'tr1', 'p2', 5): 3, ('l3', 'l5', 'tr1', 'p1', 6): 2, ('l3', 'l5', 'tr1', 'p2', 6): 3, ('l3', 'l5', 'tr1', 'p1', 7): 2, ('l3', 'l5', 'tr1', 'p2', 7): 3, ('l3', 'l5', 'tr1', 'p1', 8): 2, ('l3', 'l5', 'tr1', 'p2', 8): 3, ('l3', 'l6', 'tr1', 'p1', 1): 3, ('l4', 'l6', 'tr1', 'p1', 1): 1, ('l4', 'l6', 'tr1', 'p2', 1): 1, ('l4', 'l6', 'tr1', 'p1', 3): 1, ('l4', 'l6', 'tr1', 'p2', 3): 5, ('l4', 'l6', 'tr1', 'p1', 4): 4, ('l4', 'l6', 'tr1', 'p2', 4): 1, ('l4', 'l6', 'tr1', 'p1', 5): 3, ('l4', 'l6', 'tr1', 'p2', 5): 2, ('l1', 'l3', 'tr2', 'p1', 1): 2, ('l1', 'l3', 'tr2', 'p2', 1): 2, ('l1', 'l3', 'tr2', 'p1', 2): 2, ('l1', 'l3', 'tr2', 'p2', 2): 2, ('l1', 'l3', 'tr2', 'p1', 3): 2, ('l1', 'l3', 'tr2', 'p2', 3): 2, ('l1', 'l3', 'tr2', 'p1', 4): 2, ('l1', 'l3', 'tr2', 'p2', 4): 2, ('l1', 'l3', 'tr2', 'p1', 5): 1, ('l1', 'l3', 'tr2', 'p2', 5): 2, ('l2', 'l3', 'tr2', 'p2', 1): 3, ('l2', 'l3', 'tr2', 'p1', 2): 1, ('l2', 'l3', 'tr2', 'p2', 2): 2}
  Verification: PASS
  R_1=0.8333
  K_1=0.8333

  [layered_small_seed1 w=216 s2=even] Stage 2...
  mono=7  conc=20  optimal=True
{('l1', 'l3', 'tr1', 'p1', 1): 2, ('l1', 'l3', 'tr1', 'p2', 1): 1, ('l1', 'l3', 'tr1', 'p1', 2): 3, ('l2', 'l3', 'tr1', 'p1', 1): 2, ('l2', 'l3', 'tr1', 'p2', 1): 3, ('l2', 'l3', 'tr1', 'p1', 2): 2, ('l2', 'l3', 'tr1', 'p2', 2): 1, ('l2', 'l3', 'tr1', 'p1', 3): 2, ('l2', 'l3', 'tr1', 'p2', 3): 1, ('l2', 'l4', 'tr1', 'p1', 1): 4, ('l2', 'l4', 'tr1', 'p2', 1): 1, ('l2', 'l4', 'tr1', 'p2', 2): 6, ('l2', 'l4', 'tr1', 'p1', 3): 4, ('l2', 'l4', 'tr1', 'p2', 3): 1, ('l2', 'l4', 'tr1', 'p1', 4): 1, ('l2', 'l4', 'tr1', 'p2', 4): 1, ('l3', 'l5', 'tr1', 'p1', 1): 1, ('l3', 'l5', 'tr1', 'p2', 1): 1, ('l3', 'l5', 'tr1', 'p1', 2): 4, ('l3', 'l5', 'tr1', 'p2', 2): 1, ('l3', 'l5', 'tr1', 'p2', 3): 6, ('l3', 'l5', 'tr1', 'p2', 4): 6, ('l3', 'l5', 'tr1', 'p1', 5): 1, ('l3', 'l5', 'tr1', 'p2', 5): 1, ('l3', 'l5', 'tr1', 'p1', 6): 1, ('l3', 'l5', 'tr1', 'p2', 6): 1, ('l3', 'l5', 'tr1', 'p1', 7): 4, ('l3', 'l5', 'tr1', 'p2', 7): 1, ('l3', 'l5', 'tr1', 'p1', 8): 1, ('l3', 'l5', 'tr1', 'p2', 8): 1, ('l3', 'l5', 'tr1', 'p1', 9): 4, ('l3', 'l5', 'tr1', 'p2', 9): 1, ('l3', 'l5', 'tr1', 'p1', 10): 1, ('l3', 'l5', 'tr1', 'p2', 10): 1, ('l3', 'l5', 'tr1', 'p1', 11): 1, ('l3', 'l5', 'tr1', 'p2', 11): 1, ('l3', 'l6', 'tr1', 'p1', 1): 3, ('l4', 'l6', 'tr1', 'p1', 2): 4, ('l4', 'l6', 'tr1', 'p2', 2): 1, ('l4', 'l6', 'tr1', 'p1', 3): 4, ('l4', 'l6', 'tr1', 'p2', 3): 1, ('l4', 'l6', 'tr1', 'p1', 4): 1, ('l4', 'l6', 'tr1', 'p2', 4): 1, ('l4', 'l6', 'tr1', 'p2', 5): 6, ('l1', 'l3', 'tr2', 'p2', 1): 4, ('l1', 'l3', 'tr2', 'p1', 2): 2, ('l1', 'l3', 'tr2', 'p2', 2): 1, ('l1', 'l3', 'tr2', 'p1', 3): 2, ('l1', 'l3', 'tr2', 'p2', 3): 1, ('l1', 'l3', 'tr2', 'p1', 4): 2, ('l1', 'l3', 'tr2', 'p2', 4): 1, ('l1', 'l3', 'tr2', 'p1', 5): 1, ('l1', 'l3', 'tr2', 'p2', 5): 1, ('l1', 'l3', 'tr2', 'p1', 6): 1, ('l1', 'l3', 'tr2', 'p2', 6): 1, ('l1', 'l3', 'tr2', 'p1', 7): 1, ('l1', 'l3', 'tr2', 'p2', 7): 1, ('l2', 'l3', 'tr2', 'p1', 1): 1, ('l2', 'l3', 'tr2', 'p2', 1): 2, ('l2', 'l3', 'tr2', 'p2', 2): 3}
  Verification: PASS
  R_1=0.8
  K_1=0.8

  [layered_small_seed1 w=216 s2=full] Stage 2...
  mono=5  conc=20  optimal=True
{('l1', 'l3', 'tr1', 'p1', 1): 2, ('l1', 'l3', 'tr1', 'p2', 1): 1, ('l1', 'l3', 'tr1', 'p1', 2): 3, ('l2', 'l3', 'tr1', 'p1', 1): 2, ('l2', 'l3', 'tr1', 'p2', 1): 1, ('l2', 'l3', 'tr1', 'p1', 2): 2, ('l2', 'l3', 'tr1', 'p2', 2): 3, ('l2', 'l3', 'tr1', 'p1', 3): 2, ('l2', 'l3', 'tr1', 'p2', 3): 1, ('l2', 'l4', 'tr1', 'p1', 1): 3, ('l2', 'l4', 'tr1', 'p2', 1): 1, ('l2', 'l4', 'tr1', 'p1', 2): 1, ('l2', 'l4', 'tr1', 'p2', 2): 1, ('l2', 'l4', 'tr1', 'p1', 3): 3, ('l2', 'l4', 'tr1', 'p2', 3): 1, ('l2', 'l4', 'tr1', 'p1', 4): 1, ('l2', 'l4', 'tr1', 'p2', 4): 5, ('l2', 'l4', 'tr1', 'p1', 5): 1, ('l2', 'l4', 'tr1', 'p2', 5): 1, ('l3', 'l5', 'tr1', 'p1', 1): 4, ('l3', 'l5', 'tr1', 'p2', 1): 1, ('l3', 'l5', 'tr1', 'p2', 2): 6, ('l3', 'l5', 'tr1', 'p2', 3): 6, ('l3', 'l5', 'tr1', 'p1', 4): 1, ('l3', 'l5', 'tr1', 'p2', 4): 1, ('l3', 'l5', 'tr1', 'p1', 5): 1, ('l3', 'l5', 'tr1', 'p2', 5): 1, ('l3', 'l5', 'tr1', 'p1', 6): 1, ('l3', 'l5', 'tr1', 'p2', 6): 1, ('l3', 'l5', 'tr1', 'p1', 7): 4, ('l3', 'l5', 'tr1', 'p2', 7): 1, ('l3', 'l5', 'tr1', 'p1', 8): 4, ('l3', 'l5', 'tr1', 'p2', 8): 1, ('l3', 'l5', 'tr1', 'p1', 9): 1, ('l3', 'l5', 'tr1', 'p2', 9): 1, ('l3', 'l5', 'tr1', 'p1', 10): 1, ('l3', 'l5', 'tr1', 'p2', 10): 1, ('l3', 'l5', 'tr1', 'p1', 11): 1, ('l3', 'l5', 'tr1', 'p2', 11): 1, ('l3', 'l6', 'tr1', 'p1', 1): 3, ('l4', 'l6', 'tr1', 'p1', 1): 3, ('l4', 'l6', 'tr1', 'p2', 1): 1, ('l4', 'l6', 'tr1', 'p1', 2): 1, ('l4', 'l6', 'tr1', 'p2', 2): 1, ('l4', 'l6', 'tr1', 'p1', 3): 1, ('l4', 'l6', 'tr1', 'p2', 3): 1, ('l4', 'l6', 'tr1', 'p1', 4): 3, ('l4', 'l6', 'tr1', 'p2', 4): 1, ('l4', 'l6', 'tr1', 'p1', 5): 1, ('l4', 'l6', 'tr1', 'p2', 5): 5, ('l1', 'l3', 'tr2', 'p1', 1): 1, ('l1', 'l3', 'tr2', 'p2', 1): 1, ('l1', 'l3', 'tr2', 'p1', 2): 1, ('l1', 'l3', 'tr2', 'p2', 2): 1, ('l1', 'l3', 'tr2', 'p1', 3): 2, ('l1', 'l3', 'tr2', 'p2', 3): 1, ('l1', 'l3', 'tr2', 'p1', 4): 2, ('l1', 'l3', 'tr2', 'p2', 4): 1, ('l1', 'l3', 'tr2', 'p1', 5): 1, ('l1', 'l3', 'tr2', 'p2', 5): 1, ('l1', 'l3', 'tr2', 'p2', 6): 4, ('l1', 'l3', 'tr2', 'p1', 7): 2, ('l1', 'l3', 'tr2', 'p2', 7): 1, ('l2', 'l3', 'tr2', 'p1', 1): 1, ('l2', 'l3', 'tr2', 'p2', 1): 2, ('l2', 'l3', 'tr2', 'p2', 2): 3}
  Verification: PASS
  R_1=0.8
  K_1=0.8
  [relative] lambda=4 -> weight=433

  [layered_small_seed1 w=433] Stage 1 (limit=600s)...
  Stage 1: cost=5072  routes=9  optimal=True
{('l1', 'l3', 'tr2', 'p1'): 10, ('l1', 'l3', 'tr2', 'p2'): 6, ('l1', 'l4', 'tr2', 'p1'): 3, ('l1', 'l4', 'tr2', 'p2'): 2, ('l1', 'l5', 'tr1', 'p1'): 1, ('l1', 'l5', 'tr1', 'p2'): 3, ('l2', 'l3', 'tr1', 'p1'): 6, ('l2', 'l3', 'tr1', 'p2'): 9, ('l2', 'l4', 'tr1', 'p1'): 10, ('l2', 'l4', 'tr1', 'p2'): 10, ('l3', 'l5', 'tr1', 'p1'): 10, ('l3', 'l5', 'tr1', 'p2'): 10, ('l3', 'l6', 'tr1', 'p1'): 6, ('l3', 'l6', 'tr1', 'p2'): 5, ('l4', 'l5', 'tr1', 'p1'): 7, ('l4', 'l5', 'tr1', 'p2'): 8, ('l4', 'l6', 'tr1', 'p1'): 6, ('l4', 'l6', 'tr1', 'p2'): 4}
  R_TR=0.6667  worst_arc=(l1,l3,tr2)

  [layered_small_seed1 w=433 s2=baseline] Stage 2...
  mono=4  conc=31  optimal=True
{('l1', 'l5', 'tr1', 'p1', 1): 1, ('l1', 'l5', 'tr1', 'p2', 1): 3, ('l2', 'l3', 'tr1', 'p1', 1): 4, ('l2', 'l3', 'tr1', 'p2', 1): 1, ('l2', 'l3', 'tr1', 'p1', 2): 1, ('l2', 'l3', 'tr1', 'p2', 2): 3, ('l2', 'l3', 'tr1', 'p1', 4): 1, ('l2', 'l3', 'tr1', 'p2', 4): 5, ('l2', 'l4', 'tr1', 'p1', 1): 3, ('l2', 'l4', 'tr1', 'p2', 1): 2, ('l2', 'l4', 'tr1', 'p1', 3): 1, ('l2', 'l4', 'tr1', 'p2', 3): 4, ('l2', 'l4', 'tr1', 'p1', 5): 3, ('l2', 'l4', 'tr1', 'p2', 5): 2, ('l2', 'l4', 'tr1', 'p1', 6): 3, ('l2', 'l4', 'tr1', 'p2', 6): 2, ('l3', 'l5', 'tr1', 'p1', 1): 1, ('l3', 'l5', 'tr1', 'p2', 1): 4, ('l3', 'l5', 'tr1', 'p1', 2): 3, ('l3', 'l5', 'tr1', 'p2', 2): 2, ('l3', 'l5', 'tr1', 'p1', 5): 4, ('l3', 'l5', 'tr1', 'p2', 5): 1, ('l3', 'l5', 'tr1', 'p1', 6): 2, ('l3', 'l5', 'tr1', 'p2', 6): 3, ('l3', 'l6', 'tr1', 'p1', 1): 4, ('l3', 'l6', 'tr1', 'p2', 1): 1, ('l3', 'l6', 'tr1', 'p1', 2): 1, ('l3', 'l6', 'tr1', 'p2', 2): 1, ('l3', 'l6', 'tr1', 'p1', 3): 1, ('l3', 'l6', 'tr1', 'p2', 3): 3, ('l4', 'l5', 'tr1', 'p1', 1): 3, ('l4', 'l5', 'tr1', 'p2', 1): 2, ('l4', 'l5', 'tr1', 'p1', 2): 1, ('l4', 'l5', 'tr1', 'p2', 2): 4, ('l4', 'l5', 'tr1', 'p1', 4): 3, ('l4', 'l5', 'tr1', 'p2', 4): 2, ('l4', 'l6', 'tr1', 'p1', 1): 2, ('l4', 'l6', 'tr1', 'p2', 1): 3, ('l4', 'l6', 'tr1', 'p1', 3): 4, ('l4', 'l6', 'tr1', 'p2', 3): 1, ('l1', 'l3', 'tr2', 'p1', 1): 3, ('l1', 'l3', 'tr2', 'p1', 2): 1, ('l1', 'l3', 'tr2', 'p2', 2): 2, ('l1', 'l3', 'tr2', 'p1', 3): 1, ('l1', 'l3', 'tr2', 'p2', 3): 2, ('l1', 'l3', 'tr2', 'p1', 5): 3, ('l1', 'l3', 'tr2', 'p1', 6): 2, ('l1', 'l3', 'tr2', 'p2', 6): 2, ('l1', 'l4', 'tr2', 'p2', 1): 2, ('l1', 'l4', 'tr2', 'p1', 2): 3}
  Verification: PASS
  R_1=0.8333
  K_1=0.8333

  [layered_small_seed1 w=433 s2=mixed] Stage 2...
  mono=0  conc=32  optimal=True
{('l1', 'l5', 'tr1', 'p1', 1): 1, ('l1', 'l5', 'tr1', 'p2', 1): 3, ('l2', 'l3', 'tr1', 'p1', 1): 1, ('l2', 'l3', 'tr1', 'p2', 1): 3, ('l2', 'l3', 'tr1', 'p1', 3): 4, ('l2', 'l3', 'tr1', 'p2', 3): 1, ('l2', 'l3', 'tr1', 'p1', 4): 1, ('l2', 'l3', 'tr1', 'p2', 4): 5, ('l2', 'l4', 'tr1', 'p1', 1): 3, ('l2', 'l4', 'tr1', 'p2', 1): 2, ('l2', 'l4', 'tr1', 'p1', 2): 2, ('l2', 'l4', 'tr1', 'p2', 2): 3, ('l2', 'l4', 'tr1', 'p1', 4): 2, ('l2', 'l4', 'tr1', 'p2', 4): 3, ('l2', 'l4', 'tr1', 'p1', 5): 3, ('l2', 'l4', 'tr1', 'p2', 5): 2, ('l3', 'l5', 'tr1', 'p1', 1): 4, ('l3', 'l5', 'tr1', 'p2', 1): 1, ('l3', 'l5', 'tr1', 'p1', 3): 2, ('l3', 'l5', 'tr1', 'p2', 3): 3, ('l3', 'l5', 'tr1', 'p1', 4): 2, ('l3', 'l5', 'tr1', 'p2', 4): 3, ('l3', 'l5', 'tr1', 'p1', 5): 2, ('l3', 'l5', 'tr1', 'p2', 5): 3, ('l3', 'l6', 'tr1', 'p1', 1): 1, ('l3', 'l6', 'tr1', 'p2', 1): 1, ('l3', 'l6', 'tr1', 'p1', 2): 4, ('l3', 'l6', 'tr1', 'p2', 2): 1, ('l3', 'l6', 'tr1', 'p1', 3): 1, ('l3', 'l6', 'tr1', 'p2', 3): 3, ('l4', 'l5', 'tr1', 'p1', 1): 1, ('l4', 'l5', 'tr1', 'p2', 1): 5, ('l4', 'l5', 'tr1', 'p1', 2): 3, ('l4', 'l5', 'tr1', 'p2', 2): 2, ('l4', 'l5', 'tr1', 'p1', 3): 3, ('l4', 'l5', 'tr1', 'p2', 3): 1, ('l4', 'l6', 'tr1', 'p1', 2): 2, ('l4', 'l6', 'tr1', 'p2', 2): 3, ('l4', 'l6', 'tr1', 'p1', 3): 4, ('l4', 'l6', 'tr1', 'p2', 3): 1, ('l1', 'l3', 'tr2', 'p1', 1): 2, ('l1', 'l3', 'tr2', 'p2', 1): 1, ('l1', 'l3', 'tr2', 'p1', 2): 2, ('l1', 'l3', 'tr2', 'p2', 2): 1, ('l1', 'l3', 'tr2', 'p1', 4): 2, ('l1', 'l3', 'tr2', 'p2', 4): 1, ('l1', 'l3', 'tr2', 'p1', 5): 2, ('l1', 'l3', 'tr2', 'p2', 5): 1, ('l1', 'l3', 'tr2', 'p1', 6): 2, ('l1', 'l3', 'tr2', 'p2', 6): 2, ('l1', 'l4', 'tr2', 'p1', 1): 2, ('l1', 'l4', 'tr2', 'p2', 1): 1, ('l1', 'l4', 'tr2', 'p1', 2): 1, ('l1', 'l4', 'tr2', 'p2', 2): 1}
  Verification: PASS
  R_1=0.8333
  K_1=0.8333

  [layered_small_seed1 w=433 s2=even] Stage 2...
  mono=2  conc=17  optimal=True
{('l1', 'l5', 'tr1', 'p1', 1): 1, ('l1', 'l5', 'tr1', 'p2', 1): 3, ('l2', 'l3', 'tr1', 'p1', 1): 1, ('l2', 'l3', 'tr1', 'p2', 1): 1, ('l2', 'l3', 'tr1', 'p1', 2): 1, ('l2', 'l3', 'tr1', 'p2', 2): 2, ('l2', 'l3', 'tr1', 'p1', 3): 1, ('l2', 'l3', 'tr1', 'p2', 3): 4, ('l2', 'l3', 'tr1', 'p1', 4): 3, ('l2', 'l3', 'tr1', 'p2', 4): 2, ('l2', 'l4', 'tr1', 'p1', 1): 1, ('l2', 'l4', 'tr1', 'p2', 1): 1, ('l2', 'l4', 'tr1', 'p2', 2): 6, ('l2', 'l4', 'tr1', 'p1', 4): 4, ('l2', 'l4', 'tr1', 'p2', 4): 1, ('l2', 'l4', 'tr1', 'p1', 5): 1, ('l2', 'l4', 'tr1', 'p2', 5): 1, ('l2', 'l4', 'tr1', 'p1', 6): 4, ('l2', 'l4', 'tr1', 'p2', 6): 1, ('l3', 'l5', 'tr1', 'p1', 1): 1, ('l3', 'l5', 'tr1', 'p2', 1): 1, ('l3', 'l5', 'tr1', 'p1', 3): 4, ('l3', 'l5', 'tr1', 'p2', 3): 1, ('l3', 'l5', 'tr1', 'p1', 4): 4, ('l3', 'l5', 'tr1', 'p2', 4): 1, ('l3', 'l5', 'tr1', 'p2', 5): 6, ('l3', 'l5', 'tr1', 'p1', 6): 1, ('l3', 'l5', 'tr1', 'p2', 6): 1, ('l3', 'l6', 'tr1', 'p1', 1): 2, ('l3', 'l6', 'tr1', 'p2', 1): 1, ('l3', 'l6', 'tr1', 'p1', 2): 2, ('l3', 'l6', 'tr1', 'p2', 2): 3, ('l3', 'l6', 'tr1', 'p1', 3): 2, ('l3', 'l6', 'tr1', 'p2', 3): 1, ('l4', 'l5', 'tr1', 'p1', 1): 3, ('l4', 'l5', 'tr1', 'p2', 1): 2, ('l4', 'l5', 'tr1', 'p1', 2): 1, ('l4', 'l5', 'tr1', 'p2', 2): 2, ('l4', 'l5', 'tr1', 'p1', 3): 1, ('l4', 'l5', 'tr1', 'p2', 3): 2, ('l4', 'l5', 'tr1', 'p1', 4): 2, ('l4', 'l5', 'tr1', 'p2', 4): 2, ('l4', 'l6', 'tr1', 'p1', 1): 2, ('l4', 'l6', 'tr1', 'p2', 1): 2, ('l4', 'l6', 'tr1', 'p1', 2): 2, ('l4', 'l6', 'tr1', 'p2', 2): 1, ('l4', 'l6', 'tr1', 'p1', 3): 2, ('l4', 'l6', 'tr1', 'p2', 3): 1, ('l1', 'l3', 'tr2', 'p1', 1): 1, ('l1', 'l3', 'tr2', 'p2', 1): 1, ('l1', 'l3', 'tr2', 'p1', 2): 2, ('l1', 'l3', 'tr2', 'p2', 2): 1, ('l1', 'l3', 'tr2', 'p1', 3): 2, ('l1', 'l3', 'tr2', 'p2', 3): 1, ('l1', 'l3', 'tr2', 'p1', 4): 2, ('l1', 'l3', 'tr2', 'p2', 4): 1, ('l1', 'l3', 'tr2', 'p1', 5): 1, ('l1', 'l3', 'tr2', 'p2', 5): 1, ('l1', 'l3', 'tr2', 'p1', 6): 2, ('l1', 'l3', 'tr2', 'p2', 6): 1, ('l1', 'l4', 'tr2', 'p1', 1): 2, ('l1', 'l4', 'tr2', 'p2', 1): 1, ('l1', 'l4', 'tr2', 'p1', 2): 1, ('l1', 'l4', 'tr2', 'p2', 2): 1}
  Verification: PASS
  R_1=0.8
  K_1=0.8

  [layered_small_seed1 w=433 s2=full] Stage 2...
  mono=0  conc=17  optimal=True
{('l1', 'l5', 'tr1', 'p1', 1): 1, ('l1', 'l5', 'tr1', 'p2', 1): 3, ('l2', 'l3', 'tr1', 'p1', 1): 3, ('l2', 'l3', 'tr1', 'p2', 1): 2, ('l2', 'l3', 'tr1', 'p1', 2): 1, ('l2', 'l3', 'tr1', 'p2', 2): 1, ('l2', 'l3', 'tr1', 'p1', 3): 1, ('l2', 'l3', 'tr1', 'p2', 3): 4, ('l2', 'l3', 'tr1', 'p1', 4): 1, ('l2', 'l3', 'tr1', 'p2', 4): 2, ('l2', 'l4', 'tr1', 'p1', 1): 1, ('l2', 'l4', 'tr1', 'p2', 1): 1, ('l2', 'l4', 'tr1', 'p1', 2): 1, ('l2', 'l4', 'tr1', 'p2', 2): 5, ('l2', 'l4', 'tr1', 'p1', 3): 1, ('l2', 'l4', 'tr1', 'p2', 3): 1, ('l2', 'l4', 'tr1', 'p1', 4): 2, ('l2', 'l4', 'tr1', 'p2', 4): 1, ('l2', 'l4', 'tr1', 'p1', 5): 4, ('l2', 'l4', 'tr1', 'p2', 5): 1, ('l2', 'l4', 'tr1', 'p1', 6): 1, ('l2', 'l4', 'tr1', 'p2', 6): 1, ('l3', 'l5', 'tr1', 'p1', 1): 1, ('l3', 'l5', 'tr1', 'p2', 1): 1, ('l3', 'l5', 'tr1', 'p1', 2): 4, ('l3', 'l5', 'tr1', 'p2', 2): 1, ('l3', 'l5', 'tr1', 'p1', 3): 2, ('l3', 'l5', 'tr1', 'p2', 3): 1, ('l3', 'l5', 'tr1', 'p1', 4): 1, ('l3', 'l5', 'tr1', 'p2', 4): 1, ('l3', 'l5', 'tr1', 'p1', 5): 1, ('l3', 'l5', 'tr1', 'p2', 5): 1, ('l3', 'l5', 'tr1', 'p1', 6): 1, ('l3', 'l5', 'tr1', 'p2', 6): 5, ('l3', 'l6', 'tr1', 'p1', 1): 2, ('l3', 'l6', 'tr1', 'p2', 1): 1, ('l3', 'l6', 'tr1', 'p1', 2): 2, ('l3', 'l6', 'tr1', 'p2', 2): 3, ('l3', 'l6', 'tr1', 'p1', 3): 2, ('l3', 'l6', 'tr1', 'p2', 3): 1, ('l4', 'l5', 'tr1', 'p1', 1): 3, ('l4', 'l5', 'tr1', 'p2', 1): 2, ('l4', 'l5', 'tr1', 'p1', 2): 2, ('l4', 'l5', 'tr1', 'p2', 2): 2, ('l4', 'l5', 'tr1', 'p1', 3): 1, ('l4', 'l5', 'tr1', 'p2', 3): 2, ('l4', 'l5', 'tr1', 'p1', 4): 1, ('l4', 'l5', 'tr1', 'p2', 4): 2, ('l4', 'l6', 'tr1', 'p1', 1): 2, ('l4', 'l6', 'tr1', 'p2', 1): 2, ('l4', 'l6', 'tr1', 'p1', 2): 2, ('l4', 'l6', 'tr1', 'p2', 2): 1, ('l4', 'l6', 'tr1', 'p1', 3): 2, ('l4', 'l6', 'tr1', 'p2', 3): 1, ('l1', 'l3', 'tr2', 'p1', 1): 1, ('l1', 'l3', 'tr2', 'p2', 1): 1, ('l1', 'l3', 'tr2', 'p1', 2): 2, ('l1', 'l3', 'tr2', 'p2', 2): 1, ('l1', 'l3', 'tr2', 'p1', 3): 2, ('l1', 'l3', 'tr2', 'p2', 3): 1, ('l1', 'l3', 'tr2', 'p1', 4): 2, ('l1', 'l3', 'tr2', 'p2', 4): 1, ('l1', 'l3', 'tr2', 'p1', 5): 1, ('l1', 'l3', 'tr2', 'p2', 5): 1, ('l1', 'l3', 'tr2', 'p1', 6): 2, ('l1', 'l3', 'tr2', 'p2', 6): 1, ('l1', 'l4', 'tr2', 'p1', 1): 1, ('l1', 'l4', 'tr2', 'p2', 1): 1, ('l1', 'l4', 'tr2', 'p1', 2): 2, ('l1', 'l4', 'tr2', 'p2', 2): 1}
  Verification: PASS
  R_1=0.8333
  K_1=0.8333
  [relative] lambda=8 -> weight=865
  Instance: layered_small_seed2  
  Properties: 6 locs, 2 parts, 22 routes, density=0.367, tightness=1.589
  [relative] normalizer (mean trip cost at w=0) = 77.59
  [relative] lambda=0.1 -> weight=8
  [relative] lambda=0.25 -> weight=19
  [relative] lambda=0.5 -> weight=39
  [relative] lambda=1 -> weight=78
  [relative] lambda=2 -> weight=155
  [relative] lambda=4 -> weight=310

  [layered_small_seed2 w=310] Stage 1 (limit=600s)...
  Stage 1: cost=2560  routes=8  optimal=True
{('l1', 'l3', 'tr1', 'p1'): 6, ('l1', 'l3', 'tr1', 'p2'): 3, ('l1', 'l4', 'tr2', 'p2'): 7, ('l1', 'l6', 'tr1', 'p1'): 10, ('l1', 'l6', 'tr1', 'p2'): 10, ('l2', 'l5', 'tr2', 'p1'): 10, ('l2', 'l5', 'tr2', 'p2'): 8, ('l2', 'l6', 'tr1', 'p1'): 4, ('l2', 'l6', 'tr1', 'p2'): 2, ('l3', 'l5', 'tr1', 'p1'): 6, ('l3', 'l6', 'tr1', 'p2'): 3, ('l4', 'l6', 'tr2', 'p2'): 7}
  R_TR=0.6667  worst_arc=(l1,l6,tr1)

  [layered_small_seed2 w=310 s2=baseline] Stage 2...
  mono=3  conc=16  optimal=True
{('l1', 'l3', 'tr1', 'p1', 1): 2, ('l1', 'l3', 'tr1', 'p2', 1): 2, ('l1', 'l3', 'tr1', 'p1', 2): 2, ('l1', 'l3', 'tr1', 'p2', 2): 1, ('l1', 'l3', 'tr1', 'p1', 3): 2, ('l1', 'l6', 'tr1', 'p2', 2): 4, ('l1', 'l6', 'tr1', 'p1', 3): 3, ('l1', 'l6', 'tr1', 'p2', 3): 1, ('l1', 'l6', 'tr1', 'p1', 4): 3, ('l1', 'l6', 'tr1', 'p2', 4): 1, ('l1', 'l6', 'tr1', 'p1', 5): 1, ('l1', 'l6', 'tr1', 'p2', 5): 3, ('l1', 'l6', 'tr1', 'p1', 6): 3, ('l1', 'l6', 'tr1', 'p2', 6): 1, ('l2', 'l6', 'tr1', 'p1', 1): 2, ('l2', 'l6', 'tr1', 'p2', 1): 2, ('l2', 'l6', 'tr1', 'p1', 2): 2, ('l3', 'l5', 'tr1', 'p1', 1): 3, ('l3', 'l5', 'tr1', 'p1', 2): 3, ('l3', 'l6', 'tr1', 'p2', 1): 3, ('l1', 'l4', 'tr2', 'p2', 1): 3, ('l1', 'l4', 'tr2', 'p2', 2): 4, ('l2', 'l5', 'tr2', 'p1', 1): 1, ('l2', 'l5', 'tr2', 'p2', 1): 3, ('l2', 'l5', 'tr2', 'p1', 2): 2, ('l2', 'l5', 'tr2', 'p2', 2): 1, ('l2', 'l5', 'tr2', 'p1', 3): 1, ('l2', 'l5', 'tr2', 'p2', 3): 1, ('l2', 'l5', 'tr2', 'p1', 4): 2, ('l2', 'l5', 'tr2', 'p2', 4): 1, ('l2', 'l5', 'tr2', 'p1', 5): 2, ('l2', 'l5', 'tr2', 'p2', 5): 1, ('l2', 'l5', 'tr2', 'p1', 6): 2, ('l2', 'l5', 'tr2', 'p2', 6): 1, ('l4', 'l6', 'tr2', 'p2', 1): 2, ('l4', 'l6', 'tr2', 'p2', 2): 5}
  Verification: PASS
  R_1=0.8333
  K_1=0.8333

  [layered_small_seed2 w=310 s2=mixed] Stage 2...
  mono=0  conc=18  optimal=True
{('l1', 'l3', 'tr1', 'p1', 1): 2, ('l1', 'l3', 'tr1', 'p2', 1): 1, ('l1', 'l3', 'tr1', 'p1', 2): 2, ('l1', 'l3', 'tr1', 'p2', 2): 1, ('l1', 'l3', 'tr1', 'p1', 3): 2, ('l1', 'l3', 'tr1', 'p2', 3): 1, ('l1', 'l6', 'tr1', 'p1', 2): 3, ('l1', 'l6', 'tr1', 'p2', 2): 1, ('l1', 'l6', 'tr1', 'p1', 3): 2, ('l1', 'l6', 'tr1', 'p2', 3): 2, ('l1', 'l6', 'tr1', 'p1', 4): 2, ('l1', 'l6', 'tr1', 'p2', 4): 2, ('l1', 'l6', 'tr1', 'p1', 5): 1, ('l1', 'l6', 'tr1', 'p2', 5): 2, ('l1', 'l6', 'tr1', 'p1', 6): 2, ('l1', 'l6', 'tr1', 'p2', 6): 3, ('l2', 'l6', 'tr1', 'p1', 1): 2, ('l2', 'l6', 'tr1', 'p2', 1): 1, ('l2', 'l6', 'tr1', 'p1', 2): 2, ('l2', 'l6', 'tr1', 'p2', 2): 1, ('l3', 'l5', 'tr1', 'p1', 2): 3, ('l3', 'l5', 'tr1', 'p1', 3): 3, ('l3', 'l6', 'tr1', 'p2', 1): 3, ('l1', 'l4', 'tr2', 'p2', 1): 3, ('l1', 'l4', 'tr2', 'p2', 2): 4, ('l2', 'l5', 'tr2', 'p1', 1): 2, ('l2', 'l5', 'tr2', 'p2', 1): 1, ('l2', 'l5', 'tr2', 'p1', 2): 2, ('l2', 'l5', 'tr2', 'p2', 2): 1, ('l2', 'l5', 'tr2', 'p1', 3): 2, ('l2', 'l5', 'tr2', 'p2', 3): 1, ('l2', 'l5', 'tr2', 'p1', 4): 2, ('l2', 'l5', 'tr2', 'p2', 4): 1, ('l2', 'l5', 'tr2', 'p1', 6): 1, ('l2', 'l5', 'tr2', 'p2', 6): 2, ('l2', 'l5', 'tr2', 'p1', 8): 1, ('l2', 'l5', 'tr2', 'p2', 8): 2, ('l4', 'l6', 'tr2', 'p2', 1): 4, ('l4', 'l6', 'tr2', 'p2', 2): 3}
  Verification: PASS
  R_1=0.8667
  K_1=0.8667

  [layered_small_seed2 w=310 s2=even] Stage 2...
  mono=0  conc=7  optimal=True
{('l1', 'l3', 'tr1', 'p1', 1): 2, ('l1', 'l3', 'tr1', 'p2', 1): 1, ('l1', 'l3', 'tr1', 'p1', 2): 2, ('l1', 'l3', 'tr1', 'p2', 2): 1, ('l1', 'l3', 'tr1', 'p1', 3): 2, ('l1', 'l3', 'tr1', 'p2', 3): 1, ('l1', 'l6', 'tr1', 'p1', 1): 1, ('l1', 'l6', 'tr1', 'p2', 1): 1, ('l1', 'l6', 'tr1', 'p1', 2): 3, ('l1', 'l6', 'tr1', 'p2', 2): 1, ('l1', 'l6', 'tr1', 'p1', 3): 3, ('l1', 'l6', 'tr1', 'p2', 3): 1, ('l1', 'l6', 'tr1', 'p1', 4): 1, ('l1', 'l6', 'tr1', 'p2', 4): 1, ('l1', 'l6', 'tr1', 'p1', 5): 1, ('l1', 'l6', 'tr1', 'p2', 5): 5, ('l1', 'l6', 'tr1', 'p1', 6): 1, ('l1', 'l6', 'tr1', 'p2', 6): 1, ('l2', 'l6', 'tr1', 'p1', 1): 2, ('l2', 'l6', 'tr1', 'p2', 1): 1, ('l2', 'l6', 'tr1', 'p1', 2): 2, ('l2', 'l6', 'tr1', 'p2', 2): 1, ('l3', 'l5', 'tr1', 'p1', 1): 2, ('l3', 'l5', 'tr1', 'p1', 2): 2, ('l3', 'l5', 'tr1', 'p1', 3): 2, ('l3', 'l6', 'tr1', 'p2', 1): 3, ('l1', 'l4', 'tr2', 'p2', 1): 5, ('l1', 'l4', 'tr2', 'p2', 2): 2, ('l2', 'l5', 'tr2', 'p1', 1): 2, ('l2', 'l5', 'tr2', 'p2', 1): 1, ('l2', 'l5', 'tr2', 'p1', 2): 1, ('l2', 'l5', 'tr2', 'p2', 2): 1, ('l2', 'l5', 'tr2', 'p1', 3): 1, ('l2', 'l5', 'tr2', 'p2', 3): 1, ('l2', 'l5', 'tr2', 'p1', 4): 2, ('l2', 'l5', 'tr2', 'p2', 4): 1, ('l2', 'l5', 'tr2', 'p1', 5): 1, ('l2', 'l5', 'tr2', 'p2', 5): 1, ('l2', 'l5', 'tr2', 'p1', 6): 1, ('l2', 'l5', 'tr2', 'p2', 6): 1, ('l2', 'l5', 'tr2', 'p1', 7): 1, ('l2', 'l5', 'tr2', 'p2', 7): 1, ('l2', 'l5', 'tr2', 'p1', 8): 1, ('l2', 'l5', 'tr2', 'p2', 8): 1, ('l4', 'l6', 'tr2', 'p2', 1): 5, ('l4', 'l6', 'tr2', 'p2', 2): 2}
  Verification: PASS
  R_1=0.8333
  K_1=0.8333

  [layered_small_seed2 w=310 s2=full] Stage 2...
  mono=0  conc=7  optimal=True
{('l1', 'l3', 'tr1', 'p1', 1): 2, ('l1', 'l3', 'tr1', 'p2', 1): 1, ('l1', 'l3', 'tr1', 'p1', 2): 2, ('l1', 'l3', 'tr1', 'p2', 2): 1, ('l1', 'l3', 'tr1', 'p1', 3): 2, ('l1', 'l3', 'tr1', 'p2', 3): 1, ('l1', 'l6', 'tr1', 'p1', 1): 1, ('l1', 'l6', 'tr1', 'p2', 1): 1, ('l1', 'l6', 'tr1', 'p1', 2): 1, ('l1', 'l6', 'tr1', 'p2', 2): 1, ('l1', 'l6', 'tr1', 'p1', 3): 3, ('l1', 'l6', 'tr1', 'p2', 3): 1, ('l1', 'l6', 'tr1', 'p1', 4): 3, ('l1', 'l6', 'tr1', 'p2', 4): 1, ('l1', 'l6', 'tr1', 'p1', 5): 1, ('l1', 'l6', 'tr1', 'p2', 5): 5, ('l1', 'l6', 'tr1', 'p1', 6): 1, ('l1', 'l6', 'tr1', 'p2', 6): 1, ('l2', 'l6', 'tr1', 'p1', 1): 2, ('l2', 'l6', 'tr1', 'p2', 1): 1, ('l2', 'l6', 'tr1', 'p1', 2): 2, ('l2', 'l6', 'tr1', 'p2', 2): 1, ('l3', 'l5', 'tr1', 'p1', 1): 2, ('l3', 'l5', 'tr1', 'p1', 2): 2, ('l3', 'l5', 'tr1', 'p1', 3): 2, ('l3', 'l6', 'tr1', 'p2', 1): 3, ('l1', 'l4', 'tr2', 'p2', 1): 3, ('l1', 'l4', 'tr2', 'p2', 2): 4, ('l2', 'l5', 'tr2', 'p1', 1): 1, ('l2', 'l5', 'tr2', 'p2', 1): 1, ('l2', 'l5', 'tr2', 'p1', 2): 2, ('l2', 'l5', 'tr2', 'p2', 2): 1, ('l2', 'l5', 'tr2', 'p1', 3): 1, ('l2', 'l5', 'tr2', 'p2', 3): 1, ('l2', 'l5', 'tr2', 'p1', 4): 1, ('l2', 'l5', 'tr2', 'p2', 4): 1, ('l2', 'l5', 'tr2', 'p1', 5): 1, ('l2', 'l5', 'tr2', 'p2', 5): 1, ('l2', 'l5', 'tr2', 'p1', 6): 1, ('l2', 'l5', 'tr2', 'p2', 6): 1, ('l2', 'l5', 'tr2', 'p1', 7): 2, ('l2', 'l5', 'tr2', 'p2', 7): 1, ('l2', 'l5', 'tr2', 'p1', 8): 1, ('l2', 'l5', 'tr2', 'p2', 8): 1, ('l4', 'l6', 'tr2', 'p2', 1): 3, ('l4', 'l6', 'tr2', 'p2', 2): 4}
  Verification: PASS
  R_1=0.8333
  K_1=0.8333
  [relative] lambda=8 -> weight=621
  Instance: layered_small_seed3  
  Properties: 6 locs, 2 parts, 17 routes, density=0.283, tightness=1.027
  [relative] normalizer (mean trip cost at w=0) = 122.47
  [relative] lambda=0.1 -> weight=12
  [relative] lambda=0.25 -> weight=31
  [relative] lambda=0.5 -> weight=61
  [relative] lambda=1 -> weight=122

  [layered_small_seed3 w=122] Stage 1 (limit=600s)...
  Stage 1: cost=6308  routes=6  optimal=True
{('l1', 'l4', 'tr1', 'p1'): 16, ('l1', 'l6', 'tr2', 'p1'): 1, ('l1', 'l6', 'tr2', 'p2'): 9, ('l2', 'l3', 'tr1', 'p1'): 4, ('l2', 'l3', 'tr1', 'p2'): 10, ('l2', 'l4', 'tr2', 'p1'): 9, ('l2', 'l4', 'tr2', 'p2'): 11, ('l3', 'l6', 'tr1', 'p1'): 4, ('l3', 'l6', 'tr1', 'p2'): 10, ('l4', 'l5', 'tr2', 'p1'): 25, ('l4', 'l5', 'tr2', 'p2'): 11}
  R_TR=0.1667  worst_arc=(l4,l5,tr2)

  [layered_small_seed3 w=122 s2=full] Stage 2...
  mono=26  conc=21  optimal=False
{('l1', 'l4', 'tr1', 'p1', 1): 2, ('l1', 'l4', 'tr1', 'p1', 2): 2, ('l1', 'l4', 'tr1', 'p1', 3): 2, ('l1', 'l4', 'tr1', 'p1', 4): 2, ('l1', 'l4', 'tr1', 'p1', 5): 4, ('l1', 'l4', 'tr1', 'p1', 6): 4, ('l2', 'l3', 'tr1', 'p2', 1): 2, ('l2', 'l3', 'tr1', 'p2', 2): 2, ('l2', 'l3', 'tr1', 'p2', 3): 2, ('l2', 'l3', 'tr1', 'p1', 4): 2, ('l2', 'l3', 'tr1', 'p2', 4): 2, ('l2', 'l3', 'tr1', 'p1', 5): 2, ('l2', 'l3', 'tr1', 'p2', 5): 2, ('l3', 'l6', 'tr1', 'p2', 1): 2, ('l3', 'l6', 'tr1', 'p2', 2): 2, ('l3', 'l6', 'tr1', 'p2', 3): 2, ('l3', 'l6', 'tr1', 'p1', 4): 2, ('l3', 'l6', 'tr1', 'p2', 4): 2, ('l3', 'l6', 'tr1', 'p1', 5): 2, ('l3', 'l6', 'tr1', 'p2', 5): 2, ('l1', 'l6', 'tr2', 'p2', 1): 1, ('l1', 'l6', 'tr2', 'p2', 2): 1, ('l1', 'l6', 'tr2', 'p1', 3): 1, ('l1', 'l6', 'tr2', 'p2', 3): 1, ('l1', 'l6', 'tr2', 'p2', 4): 3, ('l1', 'l6', 'tr2', 'p2', 5): 3, ('l2', 'l4', 'tr2', 'p1', 1): 1, ('l2', 'l4', 'tr2', 'p2', 1): 1, ('l2', 'l4', 'tr2', 'p1', 2): 1, ('l2', 'l4', 'tr2', 'p2', 2): 1, ('l2', 'l4', 'tr2', 'p1', 3): 1, ('l2', 'l4', 'tr2', 'p2', 3): 1, ('l2', 'l4', 'tr2', 'p1', 4): 1, ('l2', 'l4', 'tr2', 'p2', 4): 1, ('l2', 'l4', 'tr2', 'p1', 5): 1, ('l2', 'l4', 'tr2', 'p2', 5): 1, ('l2', 'l4', 'tr2', 'p1', 6): 1, ('l2', 'l4', 'tr2', 'p2', 6): 1, ('l2', 'l4', 'tr2', 'p1', 7): 1, ('l2', 'l4', 'tr2', 'p2', 7): 1, ('l2', 'l4', 'tr2', 'p1', 8): 2, ('l2', 'l4', 'tr2', 'p2', 8): 1, ('l2', 'l4', 'tr2', 'p2', 9): 3, ('l4', 'l5', 'tr2', 'p1', 1): 1, ('l4', 'l5', 'tr2', 'p1', 2): 1, ('l4', 'l5', 'tr2', 'p1', 3): 1, ('l4', 'l5', 'tr2', 'p1', 4): 1, ('l4', 'l5', 'tr2', 'p1', 5): 1, ('l4', 'l5', 'tr2', 'p1', 6): 1, ('l4', 'l5', 'tr2', 'p1', 7): 3, ('l4', 'l5', 'tr2', 'p1', 8): 3, ('l4', 'l5', 'tr2', 'p1', 9): 3, ('l4', 'l5', 'tr2', 'p1', 10): 3, ('l4', 'l5', 'tr2', 'p1', 11): 3, ('l4', 'l5', 'tr2', 'p1', 12): 3, ('l4', 'l5', 'tr2', 'p1', 13): 1, ('l4', 'l5', 'tr2', 'p2', 13): 2, ('l4', 'l5', 'tr2', 'p2', 14): 3, ('l4', 'l5', 'tr2', 'p2', 15): 3, ('l4', 'l5', 'tr2', 'p2', 16): 3}
  Verification: PASS
  R_1=0.8667
  K_1=0.8667
  [relative] lambda=2 -> weight=245

  [layered_small_seed3 w=245] Stage 1 (limit=600s)...
  Stage 1: cost=6699  routes=8  optimal=True
{('l1', 'l4', 'tr1', 'p1'): 13, ('l1', 'l6', 'tr2', 'p1'): 4, ('l1', 'l6', 'tr2', 'p2'): 9, ('l2', 'l3', 'tr1', 'p1'): 3, ('l2', 'l3', 'tr1', 'p2'): 11, ('l2', 'l4', 'tr2', 'p1'): 10, ('l2', 'l4', 'tr2', 'p2'): 10, ('l3', 'l4', 'tr1', 'p1'): 1, ('l3', 'l5', 'tr1', 'p1'): 1, ('l3', 'l5', 'tr1', 'p2'): 1, ('l3', 'l6', 'tr1', 'p1'): 1, ('l3', 'l6', 'tr1', 'p2'): 10, ('l4', 'l5', 'tr2', 'p1'): 24, ('l4', 'l5', 'tr2', 'p2'): 10}
  R_TR=0.2  worst_arc=(l4,l5,tr2)

  [layered_small_seed3 w=245 s2=baseline] Stage 2...
  mono=17  conc=37  optimal=False
{('l1', 'l4', 'tr1', 'p1', 1): 1, ('l1', 'l4', 'tr1', 'p1', 3): 4, ('l1', 'l4', 'tr1', 'p1', 4): 4, ('l1', 'l4', 'tr1', 'p1', 5): 4, ('l2', 'l3', 'tr1', 'p1', 1): 1, ('l2', 'l3', 'tr1', 'p2', 1): 2, ('l2', 'l3', 'tr1', 'p1', 2): 1, ('l2', 'l3', 'tr1', 'p2', 2): 2, ('l2', 'l3', 'tr1', 'p2', 3): 4, ('l2', 'l3', 'tr1', 'p1', 5): 1, ('l2', 'l3', 'tr1', 'p2', 5): 3, ('l3', 'l4', 'tr1', 'p1', 1): 1, ('l3', 'l5', 'tr1', 'p1', 1): 1, ('l3', 'l5', 'tr1', 'p2', 1): 1, ('l3', 'l6', 'tr1', 'p1', 1): 1, ('l3', 'l6', 'tr1', 'p2', 1): 3, ('l3', 'l6', 'tr1', 'p2', 3): 4, ('l3', 'l6', 'tr1', 'p2', 4): 3, ('l1', 'l6', 'tr2', 'p1', 2): 1, ('l1', 'l6', 'tr2', 'p2', 2): 1, ('l1', 'l6', 'tr2', 'p2', 3): 3, ('l1', 'l6', 'tr2', 'p1', 4): 1, ('l1', 'l6', 'tr2', 'p2', 4): 1, ('l1', 'l6', 'tr2', 'p1', 5): 2, ('l1', 'l6', 'tr2', 'p2', 5): 1, ('l1', 'l6', 'tr2', 'p2', 6): 3, ('l2', 'l4', 'tr2', 'p1', 2): 2, ('l2', 'l4', 'tr2', 'p1', 3): 2, ('l2', 'l4', 'tr2', 'p2', 3): 1, ('l2', 'l4', 'tr2', 'p1', 4): 2, ('l2', 'l4', 'tr2', 'p2', 4): 1, ('l2', 'l4', 'tr2', 'p1', 6): 2, ('l2', 'l4', 'tr2', 'p2', 6): 1, ('l2', 'l4', 'tr2', 'p1', 7): 1, ('l2', 'l4', 'tr2', 'p2', 7): 2, ('l2', 'l4', 'tr2', 'p1', 8): 1, ('l2', 'l4', 'tr2', 'p2', 8): 2, ('l2', 'l4', 'tr2', 'p2', 9): 3, ('l4', 'l5', 'tr2', 'p1', 1): 3, ('l4', 'l5', 'tr2', 'p2', 3): 2, ('l4', 'l5', 'tr2', 'p1', 4): 3, ('l4', 'l5', 'tr2', 'p1', 5): 3, ('l4', 'l5', 'tr2', 'p1', 6): 3, ('l4', 'l5', 'tr2', 'p2', 9): 3, ('l4', 'l5', 'tr2', 'p2', 10): 3, ('l4', 'l5', 'tr2', 'p1', 11): 3, ('l4', 'l5', 'tr2', 'p1', 12): 1, ('l4', 'l5', 'tr2', 'p2', 12): 1, ('l4', 'l5', 'tr2', 'p1', 13): 2, ('l4', 'l5', 'tr2', 'p2', 13): 1, ('l4', 'l5', 'tr2', 'p1', 14): 3, ('l4', 'l5', 'tr2', 'p1', 15): 3}
  Verification: PASS
  R_1=0.8667
  K_1=0.8667

  [layered_small_seed3 w=245 s2=mixed] Stage 2...
  mono=6  conc=45  optimal=True
{('l1', 'l4', 'tr1', 'p1', 1): 1, ('l1', 'l4', 'tr1', 'p1', 2): 4, ('l1', 'l4', 'tr1', 'p1', 3): 4, ('l1', 'l4', 'tr1', 'p1', 4): 4, ('l2', 'l3', 'tr1', 'p1', 1): 1, ('l2', 'l3', 'tr1', 'p2', 1): 2, ('l2', 'l3', 'tr1', 'p2', 3): 4, ('l2', 'l3', 'tr1', 'p1', 4): 1, ('l2', 'l3', 'tr1', 'p2', 4): 3, ('l2', 'l3', 'tr1', 'p1', 5): 1, ('l2', 'l3', 'tr1', 'p2', 5): 2, ('l3', 'l4', 'tr1', 'p1', 1): 1, ('l3', 'l5', 'tr1', 'p1', 1): 1, ('l3', 'l5', 'tr1', 'p2', 1): 1, ('l3', 'l6', 'tr1', 'p2', 1): 4, ('l3', 'l6', 'tr1', 'p2', 3): 3, ('l3', 'l6', 'tr1', 'p1', 4): 1, ('l3', 'l6', 'tr1', 'p2', 4): 3, ('l1', 'l6', 'tr2', 'p2', 2): 3, ('l1', 'l6', 'tr2', 'p1', 3): 1, ('l1', 'l6', 'tr2', 'p2', 3): 2, ('l1', 'l6', 'tr2', 'p1', 4): 1, ('l1', 'l6', 'tr2', 'p2', 4): 2, ('l1', 'l6', 'tr2', 'p1', 5): 1, ('l1', 'l6', 'tr2', 'p2', 5): 1, ('l1', 'l6', 'tr2', 'p1', 6): 1, ('l1', 'l6', 'tr2', 'p2', 6): 1, ('l2', 'l4', 'tr2', 'p1', 1): 1, ('l2', 'l4', 'tr2', 'p2', 1): 1, ('l2', 'l4', 'tr2', 'p1', 3): 1, ('l2', 'l4', 'tr2', 'p2', 3): 2, ('l2', 'l4', 'tr2', 'p1', 4): 2, ('l2', 'l4', 'tr2', 'p2', 4): 1, ('l2', 'l4', 'tr2', 'p1', 5): 2, ('l2', 'l4', 'tr2', 'p2', 5): 1, ('l2', 'l4', 'tr2', 'p1', 7): 2, ('l2', 'l4', 'tr2', 'p2', 7): 1, ('l2', 'l4', 'tr2', 'p1', 8): 1, ('l2', 'l4', 'tr2', 'p2', 8): 2, ('l2', 'l4', 'tr2', 'p1', 9): 1, ('l2', 'l4', 'tr2', 'p2', 9): 2, ('l4', 'l5', 'tr2', 'p1', 2): 3, ('l4', 'l5', 'tr2', 'p1', 3): 2, ('l4', 'l5', 'tr2', 'p2', 3): 1, ('l4', 'l5', 'tr2', 'p1', 4): 2, ('l4', 'l5', 'tr2', 'p2', 4): 1, ('l4', 'l5', 'tr2', 'p1', 5): 3, ('l4', 'l5', 'tr2', 'p1', 6): 2, ('l4', 'l5', 'tr2', 'p2', 6): 1, ('l4', 'l5', 'tr2', 'p1', 7): 2, ('l4', 'l5', 'tr2', 'p2', 7): 1, ('l4', 'l5', 'tr2', 'p1', 8): 2, ('l4', 'l5', 'tr2', 'p2', 8): 1, ('l4', 'l5', 'tr2', 'p1', 9): 1, ('l4', 'l5', 'tr2', 'p2', 9): 1, ('l4', 'l5', 'tr2', 'p1', 10): 2, ('l4', 'l5', 'tr2', 'p2', 10): 1, ('l4', 'l5', 'tr2', 'p1', 11): 2, ('l4', 'l5', 'tr2', 'p2', 11): 1, ('l4', 'l5', 'tr2', 'p1', 14): 2, ('l4', 'l5', 'tr2', 'p2', 14): 1, ('l4', 'l5', 'tr2', 'p1', 15): 1, ('l4', 'l5', 'tr2', 'p2', 15): 1}
  Verification: PASS
  R_1=0.8667
  K_1=0.8667

  [layered_small_seed3 w=245 s2=even] Stage 2...
  mono=23  conc=22  optimal=False
{('l1', 'l4', 'tr1', 'p1', 1): 1, ('l1', 'l4', 'tr1', 'p1', 2): 2, ('l1', 'l4', 'tr1', 'p1', 3): 4, ('l1', 'l4', 'tr1', 'p1', 4): 4, ('l1', 'l4', 'tr1', 'p1', 5): 2, ('l2', 'l3', 'tr1', 'p2', 1): 2, ('l2', 'l3', 'tr1', 'p2', 2): 2, ('l2', 'l3', 'tr1', 'p1', 3): 3, ('l2', 'l3', 'tr1', 'p2', 3): 1, ('l2', 'l3', 'tr1', 'p2', 4): 4, ('l2', 'l3', 'tr1', 'p2', 5): 2, ('l3', 'l4', 'tr1', 'p1', 1): 1, ('l3', 'l5', 'tr1', 'p1', 1): 1, ('l3', 'l5', 'tr1', 'p2', 1): 1, ('l3', 'l6', 'tr1', 'p2', 1): 2, ('l3', 'l6', 'tr1', 'p1', 2): 1, ('l3', 'l6', 'tr1', 'p2', 2): 2, ('l3', 'l6', 'tr1', 'p2', 3): 2, ('l3', 'l6', 'tr1', 'p2', 4): 4, ('l1', 'l6', 'tr2', 'p2', 1): 1, ('l1', 'l6', 'tr2', 'p2', 3): 3, ('l1', 'l6', 'tr2', 'p1', 4): 2, ('l1', 'l6', 'tr2', 'p2', 4): 1, ('l1', 'l6', 'tr2', 'p2', 5): 3, ('l1', 'l6', 'tr2', 'p1', 6): 2, ('l1', 'l6', 'tr2', 'p2', 6): 1, ('l2', 'l4', 'tr2', 'p1', 1): 1, ('l2', 'l4', 'tr2', 'p2', 1): 1, ('l2', 'l4', 'tr2', 'p1', 2): 1, ('l2', 'l4', 'tr2', 'p2', 2): 1, ('l2', 'l4', 'tr2', 'p1', 3): 1, ('l2', 'l4', 'tr2', 'p2', 3): 1, ('l2', 'l4', 'tr2', 'p1', 4): 1, ('l2', 'l4', 'tr2', 'p2', 4): 1, ('l2', 'l4', 'tr2', 'p1', 5): 1, ('l2', 'l4', 'tr2', 'p2', 5): 1, ('l2', 'l4', 'tr2', 'p1', 6): 3, ('l2', 'l4', 'tr2', 'p1', 7): 1, ('l2', 'l4', 'tr2', 'p2', 7): 1, ('l2', 'l4', 'tr2', 'p2', 8): 3, ('l2', 'l4', 'tr2', 'p1', 9): 1, ('l2', 'l4', 'tr2', 'p2', 9): 1, ('l4', 'l5', 'tr2', 'p1', 1): 1, ('l4', 'l5', 'tr2', 'p1', 2): 1, ('l4', 'l5', 'tr2', 'p1', 3): 1, ('l4', 'l5', 'tr2', 'p2', 3): 2, ('l4', 'l5', 'tr2', 'p1', 4): 1, ('l4', 'l5', 'tr2', 'p2', 4): 2, ('l4', 'l5', 'tr2', 'p1', 5): 1, ('l4', 'l5', 'tr2', 'p2', 5): 2, ('l4', 'l5', 'tr2', 'p1', 6): 3, ('l4', 'l5', 'tr2', 'p1', 7): 1, ('l4', 'l5', 'tr2', 'p1', 8): 3, ('l4', 'l5', 'tr2', 'p1', 9): 3, ('l4', 'l5', 'tr2', 'p1', 10): 1, ('l4', 'l5', 'tr2', 'p2', 10): 1, ('l4', 'l5', 'tr2', 'p1', 11): 1, ('l4', 'l5', 'tr2', 'p1', 12): 1, ('l4', 'l5', 'tr2', 'p1', 13): 3, ('l4', 'l5', 'tr2', 'p2', 14): 3, ('l4', 'l5', 'tr2', 'p1', 15): 3}
  Verification: PASS
  R_1=0.8667
  K_1=0.8667

  [layered_small_seed3 w=245 s2=full] Stage 2...
  mono=22  conc=22  optimal=False
{('l1', 'l4', 'tr1', 'p1', 1): 2, ('l1', 'l4', 'tr1', 'p1', 2): 2, ('l1', 'l4', 'tr1', 'p1', 3): 3, ('l1', 'l4', 'tr1', 'p1', 4): 2, ('l1', 'l4', 'tr1', 'p1', 5): 4, ('l2', 'l3', 'tr1', 'p2', 1): 2, ('l2', 'l3', 'tr1', 'p2', 2): 4, ('l2', 'l3', 'tr1', 'p2', 3): 2, ('l2', 'l3', 'tr1', 'p2', 4): 2, ('l2', 'l3', 'tr1', 'p1', 5): 3, ('l2', 'l3', 'tr1', 'p2', 5): 1, ('l3', 'l4', 'tr1', 'p1', 1): 1, ('l3', 'l5', 'tr1', 'p1', 1): 1, ('l3', 'l5', 'tr1', 'p2', 1): 1, ('l3', 'l6', 'tr1', 'p2', 1): 4, ('l3', 'l6', 'tr1', 'p2', 2): 2, ('l3', 'l6', 'tr1', 'p2', 3): 2, ('l3', 'l6', 'tr1', 'p1', 4): 1, ('l3', 'l6', 'tr1', 'p2', 4): 2, ('l1', 'l6', 'tr2', 'p1', 2): 2, ('l1', 'l6', 'tr2', 'p2', 2): 1, ('l1', 'l6', 'tr2', 'p1', 3): 2, ('l1', 'l6', 'tr2', 'p2', 3): 1, ('l1', 'l6', 'tr2', 'p2', 4): 3, ('l1', 'l6', 'tr2', 'p2', 5): 3, ('l1', 'l6', 'tr2', 'p2', 6): 1, ('l2', 'l4', 'tr2', 'p1', 1): 1, ('l2', 'l4', 'tr2', 'p2', 1): 1, ('l2', 'l4', 'tr2', 'p1', 2): 1, ('l2', 'l4', 'tr2', 'p2', 2): 1, ('l2', 'l4', 'tr2', 'p1', 3): 1, ('l2', 'l4', 'tr2', 'p2', 3): 1, ('l2', 'l4', 'tr2', 'p1', 4): 1, ('l2', 'l4', 'tr2', 'p2', 4): 1, ('l2', 'l4', 'tr2', 'p1', 5): 1, ('l2', 'l4', 'tr2', 'p2', 5): 1, ('l2', 'l4', 'tr2', 'p1', 6): 1, ('l2', 'l4', 'tr2', 'p2', 6): 2, ('l2', 'l4', 'tr2', 'p1', 7): 1, ('l2', 'l4', 'tr2', 'p2', 7): 1, ('l2', 'l4', 'tr2', 'p1', 8): 1, ('l2', 'l4', 'tr2', 'p2', 8): 1, ('l2', 'l4', 'tr2', 'p1', 9): 2, ('l2', 'l4', 'tr2', 'p2', 9): 1, ('l4', 'l5', 'tr2', 'p1', 1): 1, ('l4', 'l5', 'tr2', 'p1', 2): 1, ('l4', 'l5', 'tr2', 'p2', 2): 2, ('l4', 'l5', 'tr2', 'p1', 3): 1, ('l4', 'l5', 'tr2', 'p1', 4): 3, ('l4', 'l5', 'tr2', 'p1', 5): 1, ('l4', 'l5', 'tr2', 'p1', 6): 3, ('l4', 'l5', 'tr2', 'p1', 7): 3, ('l4', 'l5', 'tr2', 'p1', 8): 3, ('l4', 'l5', 'tr2', 'p1', 10): 1, ('l4', 'l5', 'tr2', 'p1', 11): 3, ('l4', 'l5', 'tr2', 'p2', 12): 3, ('l4', 'l5', 'tr2', 'p1', 13): 1, ('l4', 'l5', 'tr2', 'p2', 13): 2, ('l4', 'l5', 'tr2', 'p2', 14): 3, ('l4', 'l5', 'tr2', 'p1', 15): 3}
  Verification: PASS
  R_1=0.8667
  K_1=0.8667
  [relative] lambda=4 -> weight=490

  [layered_small_seed3 w=490] Stage 1 (limit=600s)...
  Stage 1: cost=7148  routes=10  optimal=True
{('l1', 'l3', 'tr2', 'p1'): 2, ('l1', 'l4', 'tr1', 'p1'): 10, ('l1', 'l6', 'tr2', 'p1'): 5, ('l1', 'l6', 'tr2', 'p2'): 9, ('l2', 'l3', 'tr1', 'p1'): 4, ('l2', 'l3', 'tr1', 'p2'): 10, ('l2', 'l3', 'tr2', 'p1'): 1, ('l2', 'l3', 'tr2', 'p2'): 1, ('l2', 'l4', 'tr2', 'p1'): 8, ('l2', 'l4', 'tr2', 'p2'): 10, ('l3', 'l5', 'tr1', 'p1'): 7, ('l3', 'l5', 'tr1', 'p2'): 1, ('l3', 'l6', 'tr1', 'p2'): 10, ('l4', 'l5', 'tr1', 'p1'): 8, ('l4', 'l5', 'tr2', 'p1'): 10, ('l4', 'l5', 'tr2', 'p2'): 10}
  R_TR=0.6667  worst_arc=(l1,l4,tr1)

  [layered_small_seed3 w=490 s2=baseline] Stage 2...
  mono=15  conc=34  optimal=True
{('l1', 'l4', 'tr1', 'p1', 2): 4, ('l1', 'l4', 'tr1', 'p1', 3): 4, ('l1', 'l4', 'tr1', 'p1', 4): 2, ('l2', 'l3', 'tr1', 'p1', 2): 1, ('l2', 'l3', 'tr1', 'p2', 2): 3, ('l2', 'l3', 'tr1', 'p2', 3): 3, ('l2', 'l3', 'tr1', 'p1', 4): 2, ('l2', 'l3', 'tr1', 'p2', 4): 2, ('l2', 'l3', 'tr1', 'p1', 5): 1, ('l2', 'l3', 'tr1', 'p2', 5): 2, ('l3', 'l5', 'tr1', 'p1', 2): 4, ('l3', 'l5', 'tr1', 'p1', 3): 3, ('l3', 'l5', 'tr1', 'p2', 3): 1, ('l3', 'l6', 'tr1', 'p2', 1): 3, ('l3', 'l6', 'tr1', 'p2', 2): 4, ('l3', 'l6', 'tr1', 'p2', 3): 3, ('l4', 'l5', 'tr1', 'p1', 1): 4, ('l4', 'l5', 'tr1', 'p1', 3): 4, ('l1', 'l3', 'tr2', 'p1', 1): 2, ('l1', 'l6', 'tr2', 'p1', 2): 2, ('l1', 'l6', 'tr2', 'p2', 2): 1, ('l1', 'l6', 'tr2', 'p1', 3): 1, ('l1', 'l6', 'tr2', 'p2', 3): 2, ('l1', 'l6', 'tr2', 'p1', 4): 2, ('l1', 'l6', 'tr2', 'p2', 4): 1, ('l1', 'l6', 'tr2', 'p2', 5): 3, ('l1', 'l6', 'tr2', 'p2', 7): 2, ('l2', 'l3', 'tr2', 'p1', 1): 1, ('l2', 'l3', 'tr2', 'p2', 1): 1, ('l2', 'l4', 'tr2', 'p1', 1): 3, ('l2', 'l4', 'tr2', 'p1', 2): 3, ('l2', 'l4', 'tr2', 'p2', 5): 3, ('l2', 'l4', 'tr2', 'p2', 6): 3, ('l2', 'l4', 'tr2', 'p2', 7): 3, ('l2', 'l4', 'tr2', 'p1', 8): 2, ('l2', 'l4', 'tr2', 'p2', 8): 1, ('l4', 'l5', 'tr2', 'p2', 3): 3, ('l4', 'l5', 'tr2', 'p2', 4): 3, ('l4', 'l5', 'tr2', 'p2', 5): 2, ('l4', 'l5', 'tr2', 'p1', 6): 3, ('l4', 'l5', 'tr2', 'p1', 7): 3, ('l4', 'l5', 'tr2', 'p1', 8): 1, ('l4', 'l5', 'tr2', 'p2', 8): 2, ('l4', 'l5', 'tr2', 'p1', 9): 3}
  Verification: PASS
  R_1=0.8667
  K_1=0.8667

  [layered_small_seed3 w=490 s2=mixed] Stage 2...
  mono=1  conc=38  optimal=True
{('l1', 'l4', 'tr1', 'p1', 1): 4, ('l1', 'l4', 'tr1', 'p1', 2): 4, ('l1', 'l4', 'tr1', 'p1', 4): 2, ('l2', 'l3', 'tr1', 'p1', 1): 1, ('l2', 'l3', 'tr1', 'p2', 1): 3, ('l2', 'l3', 'tr1', 'p1', 3): 1, ('l2', 'l3', 'tr1', 'p2', 3): 3, ('l2', 'l3', 'tr1', 'p1', 4): 1, ('l2', 'l3', 'tr1', 'p2', 4): 1, ('l2', 'l3', 'tr1', 'p1', 5): 1, ('l2', 'l3', 'tr1', 'p2', 5): 3, ('l3', 'l5', 'tr1', 'p1', 2): 3, ('l3', 'l5', 'tr1', 'p2', 2): 1, ('l3', 'l5', 'tr1', 'p1', 3): 4, ('l3', 'l6', 'tr1', 'p2', 1): 3, ('l3', 'l6', 'tr1', 'p2', 2): 3, ('l3', 'l6', 'tr1', 'p2', 3): 4, ('l4', 'l5', 'tr1', 'p1', 1): 4, ('l4', 'l5', 'tr1', 'p1', 2): 4, ('l1', 'l3', 'tr2', 'p1', 1): 2, ('l1', 'l6', 'tr2', 'p1', 1): 1, ('l1', 'l6', 'tr2', 'p2', 1): 2, ('l1', 'l6', 'tr2', 'p1', 2): 1, ('l1', 'l6', 'tr2', 'p2', 2): 2, ('l1', 'l6', 'tr2', 'p1', 3): 1, ('l1', 'l6', 'tr2', 'p2', 3): 1, ('l1', 'l6', 'tr2', 'p1', 4): 1, ('l1', 'l6', 'tr2', 'p2', 4): 2, ('l1', 'l6', 'tr2', 'p1', 7): 1, ('l1', 'l6', 'tr2', 'p2', 7): 2, ('l2', 'l3', 'tr2', 'p1', 1): 1, ('l2', 'l3', 'tr2', 'p2', 1): 1, ('l2', 'l4', 'tr2', 'p1', 1): 2, ('l2', 'l4', 'tr2', 'p2', 1): 1, ('l2', 'l4', 'tr2', 'p1', 2): 2, ('l2', 'l4', 'tr2', 'p2', 2): 1, ('l2', 'l4', 'tr2', 'p1', 3): 1, ('l2', 'l4', 'tr2', 'p2', 3): 2, ('l2', 'l4', 'tr2', 'p1', 4): 1, ('l2', 'l4', 'tr2', 'p2', 4): 2, ('l2', 'l4', 'tr2', 'p1', 5): 1, ('l2', 'l4', 'tr2', 'p2', 5): 2, ('l2', 'l4', 'tr2', 'p1', 7): 1, ('l2', 'l4', 'tr2', 'p2', 7): 2, ('l4', 'l5', 'tr2', 'p1', 2): 2, ('l4', 'l5', 'tr2', 'p2', 2): 1, ('l4', 'l5', 'tr2', 'p1', 3): 1, ('l4', 'l5', 'tr2', 'p2', 3): 2, ('l4', 'l5', 'tr2', 'p1', 4): 1, ('l4', 'l5', 'tr2', 'p2', 4): 2, ('l4', 'l5', 'tr2', 'p1', 5): 2, ('l4', 'l5', 'tr2', 'p2', 5): 1, ('l4', 'l5', 'tr2', 'p1', 6): 1, ('l4', 'l5', 'tr2', 'p2', 6): 2, ('l4', 'l5', 'tr2', 'p1', 7): 2, ('l4', 'l5', 'tr2', 'p2', 7): 1, ('l4', 'l5', 'tr2', 'p1', 8): 1, ('l4', 'l5', 'tr2', 'p2', 8): 1}
  Verification: PASS
  R_1=0.8667
  K_1=0.8667

  [layered_small_seed3 w=490 s2=even] Stage 2...
  mono=12  conc=15  optimal=True
{('l1', 'l4', 'tr1', 'p1', 1): 4, ('l1', 'l4', 'tr1', 'p1', 2): 2, ('l1', 'l4', 'tr1', 'p1', 3): 2, ('l1', 'l4', 'tr1', 'p1', 4): 2, ('l2', 'l3', 'tr1', 'p1', 1): 2, ('l2', 'l3', 'tr1', 'p2', 1): 2, ('l2', 'l3', 'tr1', 'p2', 2): 2, ('l2', 'l3', 'tr1', 'p1', 3): 2, ('l2', 'l3', 'tr1', 'p2', 3): 2, ('l2', 'l3', 'tr1', 'p2', 4): 2, ('l2', 'l3', 'tr1', 'p2', 5): 2, ('l3', 'l5', 'tr1', 'p1', 1): 1, ('l3', 'l5', 'tr1', 'p1', 2): 4, ('l3', 'l5', 'tr1', 'p1', 3): 2, ('l3', 'l5', 'tr1', 'p2', 3): 1, ('l3', 'l6', 'tr1', 'p2', 1): 4, ('l3', 'l6', 'tr1', 'p2', 2): 2, ('l3', 'l6', 'tr1', 'p2', 3): 2, ('l3', 'l6', 'tr1', 'p2', 4): 2, ('l4', 'l5', 'tr1', 'p1', 1): 2, ('l4', 'l5', 'tr1', 'p1', 2): 2, ('l4', 'l5', 'tr1', 'p1', 3): 4, ('l1', 'l3', 'tr2', 'p1', 1): 2, ('l1', 'l6', 'tr2', 'p2', 1): 1, ('l1', 'l6', 'tr2', 'p2', 2): 1, ('l1', 'l6', 'tr2', 'p2', 3): 3, ('l1', 'l6', 'tr2', 'p1', 4): 1, ('l1', 'l6', 'tr2', 'p2', 4): 1, ('l1', 'l6', 'tr2', 'p1', 5): 2, ('l1', 'l6', 'tr2', 'p2', 5): 1, ('l1', 'l6', 'tr2', 'p1', 6): 2, ('l1', 'l6', 'tr2', 'p2', 6): 1, ('l1', 'l6', 'tr2', 'p2', 7): 1, ('l2', 'l3', 'tr2', 'p1', 1): 1, ('l2', 'l3', 'tr2', 'p2', 1): 1, ('l2', 'l4', 'tr2', 'p1', 1): 1, ('l2', 'l4', 'tr2', 'p2', 1): 1, ('l2', 'l4', 'tr2', 'p1', 2): 2, ('l2', 'l4', 'tr2', 'p2', 2): 1, ('l2', 'l4', 'tr2', 'p1', 3): 1, ('l2', 'l4', 'tr2', 'p2', 3): 1, ('l2', 'l4', 'tr2', 'p1', 4): 1, ('l2', 'l4', 'tr2', 'p2', 4): 1, ('l2', 'l4', 'tr2', 'p1', 5): 1, ('l2', 'l4', 'tr2', 'p2', 5): 1, ('l2', 'l4', 'tr2', 'p2', 6): 3, ('l2', 'l4', 'tr2', 'p1', 7): 1, ('l2', 'l4', 'tr2', 'p2', 7): 1, ('l2', 'l4', 'tr2', 'p1', 8): 1, ('l2', 'l4', 'tr2', 'p2', 8): 1, ('l4', 'l5', 'tr2', 'p1', 1): 1, ('l4', 'l5', 'tr2', 'p2', 1): 1, ('l4', 'l5', 'tr2', 'p1', 2): 3, ('l4', 'l5', 'tr2', 'p1', 3): 1, ('l4', 'l5', 'tr2', 'p2', 3): 1, ('l4', 'l5', 'tr2', 'p1', 4): 1, ('l4', 'l5', 'tr2', 'p2', 4): 1, ('l4', 'l5', 'tr2', 'p1', 5): 1, ('l4', 'l5', 'tr2', 'p2', 5): 1, ('l4', 'l5', 'tr2', 'p2', 6): 3, ('l4', 'l5', 'tr2', 'p1', 7): 1, ('l4', 'l5', 'tr2', 'p2', 7): 1, ('l4', 'l5', 'tr2', 'p1', 8): 1, ('l4', 'l5', 'tr2', 'p2', 8): 1, ('l4', 'l5', 'tr2', 'p1', 9): 1, ('l4', 'l5', 'tr2', 'p2', 9): 1}
  Verification: PASS
  R_1=0.8667
  K_1=0.8667

  [layered_small_seed3 w=490 s2=full] Stage 2...
  mono=10  conc=15  optimal=True
{('l1', 'l4', 'tr1', 'p1', 1): 2, ('l1', 'l4', 'tr1', 'p1', 2): 4, ('l1', 'l4', 'tr1', 'p1', 3): 2, ('l1', 'l4', 'tr1', 'p1', 4): 2, ('l2', 'l3', 'tr1', 'p1', 1): 2, ('l2', 'l3', 'tr1', 'p2', 1): 2, ('l2', 'l3', 'tr1', 'p2', 2): 2, ('l2', 'l3', 'tr1', 'p1', 3): 2, ('l2', 'l3', 'tr1', 'p2', 3): 2, ('l2', 'l3', 'tr1', 'p2', 4): 2, ('l2', 'l3', 'tr1', 'p2', 5): 2, ('l3', 'l5', 'tr1', 'p1', 1): 2, ('l3', 'l5', 'tr1', 'p2', 1): 1, ('l3', 'l5', 'tr1', 'p1', 2): 1, ('l3', 'l5', 'tr1', 'p1', 3): 4, ('l3', 'l6', 'tr1', 'p2', 1): 2, ('l3', 'l6', 'tr1', 'p2', 2): 2, ('l3', 'l6', 'tr1', 'p2', 3): 4, ('l3', 'l6', 'tr1', 'p2', 4): 2, ('l4', 'l5', 'tr1', 'p1', 1): 2, ('l4', 'l5', 'tr1', 'p1', 2): 4, ('l4', 'l5', 'tr1', 'p1', 3): 2, ('l1', 'l3', 'tr2', 'p1', 1): 2, ('l1', 'l6', 'tr2', 'p1', 1): 1, ('l1', 'l6', 'tr2', 'p2', 1): 1, ('l1', 'l6', 'tr2', 'p2', 2): 1, ('l1', 'l6', 'tr2', 'p1', 3): 2, ('l1', 'l6', 'tr2', 'p2', 3): 1, ('l1', 'l6', 'tr2', 'p2', 4): 3, ('l1', 'l6', 'tr2', 'p2', 5): 1, ('l1', 'l6', 'tr2', 'p2', 6): 1, ('l1', 'l6', 'tr2', 'p1', 7): 2, ('l1', 'l6', 'tr2', 'p2', 7): 1, ('l2', 'l3', 'tr2', 'p1', 1): 1, ('l2', 'l3', 'tr2', 'p2', 1): 1, ('l2', 'l4', 'tr2', 'p1', 1): 1, ('l2', 'l4', 'tr2', 'p2', 1): 1, ('l2', 'l4', 'tr2', 'p1', 2): 1, ('l2', 'l4', 'tr2', 'p2', 2): 1, ('l2', 'l4', 'tr2', 'p1', 3): 2, ('l2', 'l4', 'tr2', 'p2', 3): 1, ('l2', 'l4', 'tr2', 'p1', 4): 1, ('l2', 'l4', 'tr2', 'p2', 4): 1, ('l2', 'l4', 'tr2', 'p1', 5): 1, ('l2', 'l4', 'tr2', 'p2', 5): 1, ('l2', 'l4', 'tr2', 'p1', 6): 1, ('l2', 'l4', 'tr2', 'p2', 6): 1, ('l2', 'l4', 'tr2', 'p2', 7): 3, ('l2', 'l4', 'tr2', 'p1', 8): 1, ('l2', 'l4', 'tr2', 'p2', 8): 1, ('l4', 'l5', 'tr2', 'p1', 1): 1, ('l4', 'l5', 'tr2', 'p2', 1): 2, ('l4', 'l5', 'tr2', 'p1', 2): 1, ('l4', 'l5', 'tr2', 'p2', 2): 1, ('l4', 'l5', 'tr2', 'p1', 3): 1, ('l4', 'l5', 'tr2', 'p2', 3): 1, ('l4', 'l5', 'tr2', 'p1', 4): 1, ('l4', 'l5', 'tr2', 'p2', 4): 1, ('l4', 'l5', 'tr2', 'p1', 5): 1, ('l4', 'l5', 'tr2', 'p2', 5): 1, ('l4', 'l5', 'tr2', 'p1', 6): 1, ('l4', 'l5', 'tr2', 'p2', 6): 1, ('l4', 'l5', 'tr2', 'p1', 7): 2, ('l4', 'l5', 'tr2', 'p2', 7): 1, ('l4', 'l5', 'tr2', 'p1', 8): 1, ('l4', 'l5', 'tr2', 'p2', 8): 1, ('l4', 'l5', 'tr2', 'p1', 9): 1, ('l4', 'l5', 'tr2', 'p2', 9): 1}
  Verification: PASS
  R_1=0.8667
  K_1=0.8667
  [relative] lambda=8 -> weight=980

  [layered_small_seed3 w=980] Stage 1 (limit=600s)...
  Stage 1: cost=7148  routes=10  optimal=True
{('l1', 'l3', 'tr2', 'p1'): 3, ('l1', 'l4', 'tr1', 'p1'): 10, ('l1', 'l6', 'tr2', 'p1'): 4, ('l1', 'l6', 'tr2', 'p2'): 9, ('l2', 'l3', 'tr1', 'p1'): 5, ('l2', 'l3', 'tr1', 'p2'): 9, ('l2', 'l3', 'tr2', 'p2'): 2, ('l2', 'l4', 'tr2', 'p1'): 8, ('l2', 'l4', 'tr2', 'p2'): 10, ('l3', 'l5', 'tr1', 'p1'): 7, ('l3', 'l5', 'tr1', 'p2'): 1, ('l3', 'l6', 'tr1', 'p1'): 1, ('l3', 'l6', 'tr1', 'p2'): 10, ('l4', 'l5', 'tr1', 'p1'): 8, ('l4', 'l5', 'tr2', 'p1'): 10, ('l4', 'l5', 'tr2', 'p2'): 10}
  R_TR=0.6667  worst_arc=(l1,l4,tr1)

  [layered_small_seed3 w=980 s2=baseline] Stage 2...
  mono=18  conc=37  optimal=True
{('l1', 'l4', 'tr1', 'p1', 1): 2, ('l1', 'l4', 'tr1', 'p1', 3): 4, ('l1', 'l4', 'tr1', 'p1', 4): 4, ('l2', 'l3', 'tr1', 'p1', 1): 2, ('l2', 'l3', 'tr1', 'p1', 2): 2, ('l2', 'l3', 'tr1', 'p2', 2): 2, ('l2', 'l3', 'tr1', 'p1', 4): 1, ('l2', 'l3', 'tr1', 'p2', 4): 3, ('l2', 'l3', 'tr1', 'p2', 5): 4, ('l3', 'l5', 'tr1', 'p1', 1): 4, ('l3', 'l5', 'tr1', 'p1', 2): 3, ('l3', 'l5', 'tr1', 'p2', 2): 1, ('l3', 'l6', 'tr1', 'p2', 1): 4, ('l3', 'l6', 'tr1', 'p2', 2): 4, ('l3', 'l6', 'tr1', 'p1', 3): 1, ('l3', 'l6', 'tr1', 'p2', 3): 2, ('l4', 'l5', 'tr1', 'p1', 2): 4, ('l4', 'l5', 'tr1', 'p1', 3): 4, ('l1', 'l3', 'tr2', 'p1', 1): 3, ('l1', 'l6', 'tr2', 'p1', 1): 1, ('l1', 'l6', 'tr2', 'p1', 2): 1, ('l1', 'l6', 'tr2', 'p2', 2): 2, ('l1', 'l6', 'tr2', 'p2', 3): 3, ('l1', 'l6', 'tr2', 'p1', 5): 1, ('l1', 'l6', 'tr2', 'p2', 5): 2, ('l1', 'l6', 'tr2', 'p1', 6): 1, ('l1', 'l6', 'tr2', 'p2', 6): 2, ('l2', 'l3', 'tr2', 'p2', 1): 2, ('l2', 'l4', 'tr2', 'p2', 2): 3, ('l2', 'l4', 'tr2', 'p2', 3): 3, ('l2', 'l4', 'tr2', 'p2', 4): 3, ('l2', 'l4', 'tr2', 'p1', 6): 2, ('l2', 'l4', 'tr2', 'p2', 6): 1, ('l2', 'l4', 'tr2', 'p1', 7): 3, ('l2', 'l4', 'tr2', 'p1', 8): 3, ('l4', 'l5', 'tr2', 'p1', 1): 3, ('l4', 'l5', 'tr2', 'p2', 2): 3, ('l4', 'l5', 'tr2', 'p2', 3): 2, ('l4', 'l5', 'tr2', 'p2', 4): 3, ('l4', 'l5', 'tr2', 'p1', 5): 1, ('l4', 'l5', 'tr2', 'p2', 5): 2, ('l4', 'l5', 'tr2', 'p1', 6): 3, ('l4', 'l5', 'tr2', 'p1', 9): 3}
  Verification: PASS
  R_1=0.8667
  K_1=0.8667

  [layered_small_seed3 w=980 s2=mixed] Stage 2...
  mono=4  conc=34  optimal=True
{('l1', 'l4', 'tr1', 'p1', 2): 2, ('l1', 'l4', 'tr1', 'p1', 3): 4, ('l1', 'l4', 'tr1', 'p1', 4): 4, ('l2', 'l3', 'tr1', 'p1', 1): 2, ('l2', 'l3', 'tr1', 'p2', 1): 1, ('l2', 'l3', 'tr1', 'p1', 3): 1, ('l2', 'l3', 'tr1', 'p2', 3): 3, ('l2', 'l3', 'tr1', 'p1', 4): 1, ('l2', 'l3', 'tr1', 'p2', 4): 3, ('l2', 'l3', 'tr1', 'p1', 5): 1, ('l2', 'l3', 'tr1', 'p2', 5): 2, ('l3', 'l5', 'tr1', 'p1', 1): 4, ('l3', 'l5', 'tr1', 'p1', 2): 3, ('l3', 'l5', 'tr1', 'p2', 2): 1, ('l3', 'l6', 'tr1', 'p2', 2): 4, ('l3', 'l6', 'tr1', 'p1', 3): 1, ('l3', 'l6', 'tr1', 'p2', 3): 2, ('l3', 'l6', 'tr1', 'p2', 4): 4, ('l4', 'l5', 'tr1', 'p1', 2): 4, ('l4', 'l5', 'tr1', 'p1', 3): 4, ('l1', 'l3', 'tr2', 'p1', 1): 3, ('l1', 'l6', 'tr2', 'p1', 2): 1, ('l1', 'l6', 'tr2', 'p2', 2): 1, ('l1', 'l6', 'tr2', 'p1', 3): 1, ('l1', 'l6', 'tr2', 'p2', 3): 1, ('l1', 'l6', 'tr2', 'p1', 4): 1, ('l1', 'l6', 'tr2', 'p2', 4): 2, ('l1', 'l6', 'tr2', 'p2', 5): 3, ('l1', 'l6', 'tr2', 'p1', 6): 1, ('l1', 'l6', 'tr2', 'p2', 6): 2, ('l2', 'l3', 'tr2', 'p2', 1): 2, ('l2', 'l4', 'tr2', 'p1', 1): 1, ('l2', 'l4', 'tr2', 'p2', 1): 2, ('l2', 'l4', 'tr2', 'p1', 4): 2, ('l2', 'l4', 'tr2', 'p2', 4): 1, ('l2', 'l4', 'tr2', 'p1', 5): 1, ('l2', 'l4', 'tr2', 'p2', 5): 2, ('l2', 'l4', 'tr2', 'p1', 6): 1, ('l2', 'l4', 'tr2', 'p2', 6): 2, ('l2', 'l4', 'tr2', 'p1', 7): 1, ('l2', 'l4', 'tr2', 'p2', 7): 2, ('l2', 'l4', 'tr2', 'p1', 8): 2, ('l2', 'l4', 'tr2', 'p2', 8): 1, ('l4', 'l5', 'tr2', 'p1', 1): 1, ('l4', 'l5', 'tr2', 'p2', 1): 1, ('l4', 'l5', 'tr2', 'p1', 3): 2, ('l4', 'l5', 'tr2', 'p2', 3): 1, ('l4', 'l5', 'tr2', 'p1', 4): 2, ('l4', 'l5', 'tr2', 'p2', 4): 1, ('l4', 'l5', 'tr2', 'p1', 5): 1, ('l4', 'l5', 'tr2', 'p2', 5): 2, ('l4', 'l5', 'tr2', 'p1', 6): 1, ('l4', 'l5', 'tr2', 'p2', 6): 2, ('l4', 'l5', 'tr2', 'p1', 7): 1, ('l4', 'l5', 'tr2', 'p2', 7): 2, ('l4', 'l5', 'tr2', 'p1', 9): 2, ('l4', 'l5', 'tr2', 'p2', 9): 1}
  Verification: PASS
  R_1=0.8667
  K_1=0.8667

  [layered_small_seed3 w=980 s2=even] Stage 2...
  mono=11  conc=17  optimal=True
{('l1', 'l4', 'tr1', 'p1', 1): 2, ('l1', 'l4', 'tr1', 'p1', 2): 4, ('l1', 'l4', 'tr1', 'p1', 3): 2, ('l1', 'l4', 'tr1', 'p1', 4): 2, ('l2', 'l3', 'tr1', 'p1', 1): 1, ('l2', 'l3', 'tr1', 'p2', 1): 1, ('l2', 'l3', 'tr1', 'p1', 2): 1, ('l2', 'l3', 'tr1', 'p2', 2): 1, ('l2', 'l3', 'tr1', 'p1', 3): 1, ('l2', 'l3', 'tr1', 'p2', 3): 3, ('l2', 'l3', 'tr1', 'p1', 4): 1, ('l2', 'l3', 'tr1', 'p2', 4): 3, ('l2', 'l3', 'tr1', 'p1', 5): 1, ('l2', 'l3', 'tr1', 'p2', 5): 1, ('l3', 'l5', 'tr1', 'p1', 1): 3, ('l3', 'l5', 'tr1', 'p1', 2): 2, ('l3', 'l5', 'tr1', 'p2', 2): 1, ('l3', 'l5', 'tr1', 'p1', 3): 2, ('l3', 'l6', 'tr1', 'p2', 1): 2, ('l3', 'l6', 'tr1', 'p2', 2): 4, ('l3', 'l6', 'tr1', 'p2', 3): 2, ('l3', 'l6', 'tr1', 'p1', 4): 1, ('l3', 'l6', 'tr1', 'p2', 4): 2, ('l4', 'l5', 'tr1', 'p1', 1): 4, ('l4', 'l5', 'tr1', 'p1', 2): 2, ('l4', 'l5', 'tr1', 'p1', 3): 2, ('l1', 'l3', 'tr2', 'p1', 1): 3, ('l1', 'l6', 'tr2', 'p2', 1): 1, ('l1', 'l6', 'tr2', 'p2', 2): 3, ('l1', 'l6', 'tr2', 'p2', 3): 3, ('l1', 'l6', 'tr2', 'p1', 4): 2, ('l1', 'l6', 'tr2', 'p2', 4): 1, ('l1', 'l6', 'tr2', 'p1', 5): 2, ('l1', 'l6', 'tr2', 'p2', 5): 1, ('l2', 'l3', 'tr2', 'p2', 1): 2, ('l2', 'l4', 'tr2', 'p1', 1): 1, ('l2', 'l4', 'tr2', 'p2', 1): 1, ('l2', 'l4', 'tr2', 'p1', 2): 1, ('l2', 'l4', 'tr2', 'p2', 2): 1, ('l2', 'l4', 'tr2', 'p1', 3): 1, ('l2', 'l4', 'tr2', 'p2', 3): 1, ('l2', 'l4', 'tr2', 'p1', 4): 1, ('l2', 'l4', 'tr2', 'p2', 4): 1, ('l2', 'l4', 'tr2', 'p1', 5): 1, ('l2', 'l4', 'tr2', 'p2', 5): 1, ('l2', 'l4', 'tr2', 'p1', 6): 2, ('l2', 'l4', 'tr2', 'p2', 6): 1, ('l2', 'l4', 'tr2', 'p1', 7): 1, ('l2', 'l4', 'tr2', 'p2', 7): 1, ('l2', 'l4', 'tr2', 'p2', 8): 3, ('l4', 'l5', 'tr2', 'p2', 1): 3, ('l4', 'l5', 'tr2', 'p1', 2): 1, ('l4', 'l5', 'tr2', 'p2', 2): 1, ('l4', 'l5', 'tr2', 'p1', 3): 1, ('l4', 'l5', 'tr2', 'p2', 3): 1, ('l4', 'l5', 'tr2', 'p1', 4): 3, ('l4', 'l5', 'tr2', 'p1', 5): 1, ('l4', 'l5', 'tr2', 'p2', 5): 1, ('l4', 'l5', 'tr2', 'p1', 6): 1, ('l4', 'l5', 'tr2', 'p2', 6): 1, ('l4', 'l5', 'tr2', 'p1', 7): 1, ('l4', 'l5', 'tr2', 'p2', 7): 1, ('l4', 'l5', 'tr2', 'p1', 8): 1, ('l4', 'l5', 'tr2', 'p2', 8): 1, ('l4', 'l5', 'tr2', 'p1', 9): 1, ('l4', 'l5', 'tr2', 'p2', 9): 1}
  Verification: PASS
  R_1=0.8667
  K_1=0.8667

  [layered_small_seed3 w=980 s2=full] Stage 2...
  mono=9  conc=17  optimal=True
{('l1', 'l4', 'tr1', 'p1', 1): 4, ('l1', 'l4', 'tr1', 'p1', 2): 2, ('l1', 'l4', 'tr1', 'p1', 3): 2, ('l1', 'l4', 'tr1', 'p1', 4): 2, ('l2', 'l3', 'tr1', 'p1', 1): 1, ('l2', 'l3', 'tr1', 'p2', 1): 3, ('l2', 'l3', 'tr1', 'p1', 2): 1, ('l2', 'l3', 'tr1', 'p2', 2): 1, ('l2', 'l3', 'tr1', 'p1', 3): 1, ('l2', 'l3', 'tr1', 'p2', 3): 1, ('l2', 'l3', 'tr1', 'p1', 4): 1, ('l2', 'l3', 'tr1', 'p2', 4): 3, ('l2', 'l3', 'tr1', 'p1', 5): 1, ('l2', 'l3', 'tr1', 'p2', 5): 1, ('l3', 'l5', 'tr1', 'p1', 1): 3, ('l3', 'l5', 'tr1', 'p2', 1): 1, ('l3', 'l5', 'tr1', 'p1', 2): 2, ('l3', 'l5', 'tr1', 'p1', 3): 2, ('l3', 'l6', 'tr1', 'p2', 1): 4, ('l3', 'l6', 'tr1', 'p2', 2): 2, ('l3', 'l6', 'tr1', 'p1', 3): 1, ('l3', 'l6', 'tr1', 'p2', 3): 2, ('l3', 'l6', 'tr1', 'p2', 4): 2, ('l4', 'l5', 'tr1', 'p1', 1): 4, ('l4', 'l5', 'tr1', 'p1', 2): 2, ('l4', 'l5', 'tr1', 'p1', 3): 2, ('l1', 'l3', 'tr2', 'p1', 2): 3, ('l1', 'l6', 'tr2', 'p2', 1): 3, ('l1', 'l6', 'tr2', 'p1', 3): 2, ('l1', 'l6', 'tr2', 'p2', 3): 1, ('l1', 'l6', 'tr2', 'p2', 4): 1, ('l1', 'l6', 'tr2', 'p2', 5): 3, ('l1', 'l6', 'tr2', 'p1', 6): 2, ('l1', 'l6', 'tr2', 'p2', 6): 1, ('l2', 'l3', 'tr2', 'p2', 1): 2, ('l2', 'l4', 'tr2', 'p1', 1): 2, ('l2', 'l4', 'tr2', 'p2', 1): 1, ('l2', 'l4', 'tr2', 'p1', 2): 1, ('l2', 'l4', 'tr2', 'p2', 2): 1, ('l2', 'l4', 'tr2', 'p1', 3): 1, ('l2', 'l4', 'tr2', 'p2', 3): 1, ('l2', 'l4', 'tr2', 'p1', 4): 1, ('l2', 'l4', 'tr2', 'p2', 4): 1, ('l2', 'l4', 'tr2', 'p1', 5): 1, ('l2', 'l4', 'tr2', 'p2', 5): 1, ('l2', 'l4', 'tr2', 'p1', 6): 1, ('l2', 'l4', 'tr2', 'p2', 6): 1, ('l2', 'l4', 'tr2', 'p1', 7): 1, ('l2', 'l4', 'tr2', 'p2', 7): 1, ('l2', 'l4', 'tr2', 'p2', 8): 3, ('l4', 'l5', 'tr2', 'p1', 1): 1, ('l4', 'l5', 'tr2', 'p2', 1): 1, ('l4', 'l5', 'tr2', 'p1', 2): 2, ('l4', 'l5', 'tr2', 'p2', 2): 1, ('l4', 'l5', 'tr2', 'p1', 3): 1, ('l4', 'l5', 'tr2', 'p2', 3): 1, ('l4', 'l5', 'tr2', 'p1', 4): 1, ('l4', 'l5', 'tr2', 'p2', 4): 1, ('l4', 'l5', 'tr2', 'p1', 5): 1, ('l4', 'l5', 'tr2', 'p2', 5): 1, ('l4', 'l5', 'tr2', 'p1', 6): 1, ('l4', 'l5', 'tr2', 'p2', 6): 1, ('l4', 'l5', 'tr2', 'p1', 7): 1, ('l4', 'l5', 'tr2', 'p2', 7): 2, ('l4', 'l5', 'tr2', 'p1', 8): 1, ('l4', 'l5', 'tr2', 'p2', 8): 1, ('l4', 'l5', 'tr2', 'p1', 9): 1, ('l4', 'l5', 'tr2', 'p2', 9): 1}
  Verification: PASS
  R_1=0.8667
  K_1=0.8667
  Instance: layered_small_seed4  
  Properties: 6 locs, 2 parts, 17 routes, density=0.283, tightness=1.303

  [layered_small_seed4 w=0] Stage 1 (limit=600s)...
  Stage 1: cost=3784  routes=8  optimal=True
{('l1', 'l4', 'tr2', 'p1'): 9, ('l1', 'l4', 'tr2', 'p2'): 4, ('l1', 'l6', 'tr1', 'p1'): 3, ('l1', 'l6', 'tr2', 'p1'): 6, ('l1', 'l6', 'tr2', 'p2'): 19, ('l2', 'l3', 'tr2', 'p1'): 11, ('l2', 'l3', 'tr2', 'p2'): 2, ('l2', 'l4', 'tr2', 'p1'): 1, ('l2', 'l4', 'tr2', 'p2'): 5, ('l3', 'l6', 'tr1', 'p1'): 3, ('l3', 'l6', 'tr2', 'p1'): 8, ('l3', 'l6', 'tr2', 'p2'): 2, ('l4', 'l5', 'tr2', 'p1'): 10, ('l4', 'l5', 'tr2', 'p2'): 9}
  R_TR=0.3667  worst_arc=(l1,l6,tr2)

  [layered_small_seed4 w=0 s2=baseline] Stage 2...
  mono=13  conc=30  optimal=True
{('l1', 'l6', 'tr1', 'p1', 1): 3, ('l3', 'l6', 'tr1', 'p1', 1): 3, ('l1', 'l4', 'tr2', 'p1', 1): 3, ('l1', 'l4', 'tr2', 'p1', 3): 2, ('l1', 'l4', 'tr2', 'p2', 3): 1, ('l1', 'l4', 'tr2', 'p1', 4): 2, ('l1', 'l4', 'tr2', 'p2', 4): 1, ('l1', 'l4', 'tr2', 'p1', 5): 2, ('l1', 'l4', 'tr2', 'p2', 5): 2, ('l1', 'l6', 'tr2', 'p1', 2): 2, ('l1', 'l6', 'tr2', 'p2', 2): 2, ('l1', 'l6', 'tr2', 'p2', 3): 5, ('l1', 'l6', 'tr2', 'p2', 4): 5, ('l1', 'l6', 'tr2', 'p1', 5): 2, ('l1', 'l6', 'tr2', 'p2', 5): 1, ('l1', 'l6', 'tr2', 'p2', 7): 5, ('l1', 'l6', 'tr2', 'p1', 8): 2, ('l1', 'l6', 'tr2', 'p2', 8): 1, ('l2', 'l3', 'tr2', 'p1', 2): 3, ('l2', 'l3', 'tr2', 'p1', 3): 3, ('l2', 'l3', 'tr2', 'p1', 5): 3, ('l2', 'l3', 'tr2', 'p1', 6): 2, ('l2', 'l3', 'tr2', 'p2', 6): 2, ('l2', 'l4', 'tr2', 'p1', 1): 1, ('l2', 'l4', 'tr2', 'p2', 1): 1, ('l2', 'l4', 'tr2', 'p2', 2): 4, ('l3', 'l6', 'tr2', 'p1', 1): 2, ('l3', 'l6', 'tr2', 'p2', 1): 2, ('l3', 'l6', 'tr2', 'p1', 3): 3, ('l3', 'l6', 'tr2', 'p1', 4): 3, ('l4', 'l5', 'tr2', 'p1', 1): 2, ('l4', 'l5', 'tr2', 'p2', 1): 2, ('l4', 'l5', 'tr2', 'p1', 2): 2, ('l4', 'l5', 'tr2', 'p2', 2): 2, ('l4', 'l5', 'tr2', 'p2', 3): 5, ('l4', 'l5', 'tr2', 'p1', 5): 3, ('l4', 'l5', 'tr2', 'p1', 6): 3}
  Verification: PASS
  R_1=0.8333
  K_1=0.8333

  [layered_small_seed4 w=0 s2=mixed] Stage 2...
  mono=8  conc=36  optimal=True
{('l1', 'l6', 'tr1', 'p1', 1): 3, ('l3', 'l6', 'tr1', 'p1', 1): 3, ('l1', 'l4', 'tr2', 'p1', 1): 2, ('l1', 'l4', 'tr2', 'p2', 1): 1, ('l1', 'l4', 'tr2', 'p1', 2): 3, ('l1', 'l4', 'tr2', 'p1', 3): 2, ('l1', 'l4', 'tr2', 'p2', 3): 2, ('l1', 'l4', 'tr2', 'p1', 4): 2, ('l1', 'l4', 'tr2', 'p2', 4): 1, ('l1', 'l6', 'tr2', 'p1', 2): 1, ('l1', 'l6', 'tr2', 'p2', 2): 3, ('l1', 'l6', 'tr2', 'p1', 3): 1, ('l1', 'l6', 'tr2', 'p2', 3): 3, ('l1', 'l6', 'tr2', 'p1', 4): 2, ('l1', 'l6', 'tr2', 'p2', 4): 2, ('l1', 'l6', 'tr2', 'p1', 6): 1, ('l1', 'l6', 'tr2', 'p2', 6): 3, ('l1', 'l6', 'tr2', 'p1', 7): 1, ('l1', 'l6', 'tr2', 'p2', 7): 3, ('l1', 'l6', 'tr2', 'p2', 8): 5, ('l2', 'l3', 'tr2', 'p1', 2): 3, ('l2', 'l3', 'tr2', 'p1', 3): 3, ('l2', 'l3', 'tr2', 'p1', 4): 3, ('l2', 'l3', 'tr2', 'p1', 5): 2, ('l2', 'l3', 'tr2', 'p2', 5): 2, ('l2', 'l4', 'tr2', 'p1', 1): 1, ('l2', 'l4', 'tr2', 'p2', 1): 2, ('l2', 'l4', 'tr2', 'p2', 2): 3, ('l3', 'l6', 'tr2', 'p1', 1): 3, ('l3', 'l6', 'tr2', 'p1', 2): 3, ('l3', 'l6', 'tr2', 'p1', 3): 2, ('l3', 'l6', 'tr2', 'p2', 3): 2, ('l4', 'l5', 'tr2', 'p1', 2): 2, ('l4', 'l5', 'tr2', 'p2', 2): 1, ('l4', 'l5', 'tr2', 'p1', 3): 2, ('l4', 'l5', 'tr2', 'p2', 3): 2, ('l4', 'l5', 'tr2', 'p1', 4): 2, ('l4', 'l5', 'tr2', 'p2', 4): 2, ('l4', 'l5', 'tr2', 'p1', 6): 2, ('l4', 'l5', 'tr2', 'p2', 6): 2, ('l4', 'l5', 'tr2', 'p1', 7): 2, ('l4', 'l5', 'tr2', 'p2', 7): 2}
  Verification: PASS
  R_1=0.8333
  K_1=0.8333

  [layered_small_seed4 w=0 s2=even] Stage 2...
  mono=20  conc=18  optimal=True
{('l1', 'l6', 'tr1', 'p1', 1): 3, ('l3', 'l6', 'tr1', 'p1', 1): 3, ('l1', 'l4', 'tr2', 'p1', 1): 1, ('l1', 'l4', 'tr2', 'p1', 2): 1, ('l1', 'l4', 'tr2', 'p2', 2): 1, ('l1', 'l4', 'tr2', 'p1', 3): 1, ('l1', 'l4', 'tr2', 'p2', 3): 3, ('l1', 'l4', 'tr2', 'p1', 4): 3, ('l1', 'l4', 'tr2', 'p1', 5): 3, ('l1', 'l6', 'tr2', 'p2', 1): 5, ('l1', 'l6', 'tr2', 'p1', 2): 2, ('l1', 'l6', 'tr2', 'p2', 2): 2, ('l1', 'l6', 'tr2', 'p1', 3): 2, ('l1', 'l6', 'tr2', 'p2', 3): 2, ('l1', 'l6', 'tr2', 'p1', 4): 2, ('l1', 'l6', 'tr2', 'p2', 4): 2, ('l1', 'l6', 'tr2', 'p2', 5): 2, ('l1', 'l6', 'tr2', 'p2', 6): 2, ('l1', 'l6', 'tr2', 'p2', 7): 2, ('l1', 'l6', 'tr2', 'p2', 8): 2, ('l2', 'l3', 'tr2', 'p1', 1): 3, ('l2', 'l3', 'tr2', 'p1', 3): 1, ('l2', 'l3', 'tr2', 'p2', 3): 2, ('l2', 'l3', 'tr2', 'p1', 4): 3, ('l2', 'l3', 'tr2', 'p1', 5): 3, ('l2', 'l3', 'tr2', 'p1', 6): 1, ('l2', 'l4', 'tr2', 'p2', 1): 5, ('l2', 'l4', 'tr2', 'p1', 2): 1, ('l3', 'l6', 'tr2', 'p1', 1): 2, ('l3', 'l6', 'tr2', 'p1', 2): 2, ('l3', 'l6', 'tr2', 'p1', 3): 2, ('l3', 'l6', 'tr2', 'p1', 4): 2, ('l3', 'l6', 'tr2', 'p2', 4): 2, ('l4', 'l5', 'tr2', 'p1', 1): 3, ('l4', 'l5', 'tr2', 'p1', 2): 1, ('l4', 'l5', 'tr2', 'p2', 2): 1, ('l4', 'l5', 'tr2', 'p1', 3): 1, ('l4', 'l5', 'tr2', 'p2', 3): 1, ('l4', 'l5', 'tr2', 'p1', 4): 3, ('l4', 'l5', 'tr2', 'p1', 5): 1, ('l4', 'l5', 'tr2', 'p2', 5): 1, ('l4', 'l5', 'tr2', 'p1', 6): 1, ('l4', 'l5', 'tr2', 'p2', 6): 1, ('l4', 'l5', 'tr2', 'p2', 7): 5}
  Verification: PASS
  R_1=0.8333
  K_1=0.8333

  [layered_small_seed4 w=0 s2=full] Stage 2...
  mono=19  conc=18  optimal=True
{('l1', 'l6', 'tr1', 'p1', 1): 3, ('l3', 'l6', 'tr1', 'p1', 1): 3, ('l1', 'l4', 'tr2', 'p1', 1): 3, ('l1', 'l4', 'tr2', 'p1', 2): 1, ('l1', 'l4', 'tr2', 'p2', 2): 1, ('l1', 'l4', 'tr2', 'p1', 3): 1, ('l1', 'l4', 'tr2', 'p2', 3): 3, ('l1', 'l4', 'tr2', 'p1', 4): 3, ('l1', 'l4', 'tr2', 'p1', 5): 1, ('l1', 'l6', 'tr2', 'p2', 1): 2, ('l1', 'l6', 'tr2', 'p2', 2): 2, ('l1', 'l6', 'tr2', 'p1', 3): 2, ('l1', 'l6', 'tr2', 'p2', 3): 2, ('l1', 'l6', 'tr2', 'p1', 4): 2, ('l1', 'l6', 'tr2', 'p2', 4): 2, ('l1', 'l6', 'tr2', 'p2', 5): 2, ('l1', 'l6', 'tr2', 'p1', 6): 2, ('l1', 'l6', 'tr2', 'p2', 6): 2, ('l1', 'l6', 'tr2', 'p2', 7): 5, ('l1', 'l6', 'tr2', 'p2', 8): 2, ('l2', 'l3', 'tr2', 'p1', 1): 3, ('l2', 'l3', 'tr2', 'p1', 3): 3, ('l2', 'l3', 'tr2', 'p1', 4): 1, ('l2', 'l3', 'tr2', 'p2', 4): 2, ('l2', 'l3', 'tr2', 'p1', 5): 1, ('l2', 'l3', 'tr2', 'p1', 6): 3, ('l2', 'l4', 'tr2', 'p1', 1): 1, ('l2', 'l4', 'tr2', 'p2', 1): 2, ('l2', 'l4', 'tr2', 'p2', 2): 3, ('l3', 'l6', 'tr2', 'p1', 1): 2, ('l3', 'l6', 'tr2', 'p2', 1): 2, ('l3', 'l6', 'tr2', 'p1', 2): 2, ('l3', 'l6', 'tr2', 'p1', 3): 2, ('l3', 'l6', 'tr2', 'p1', 4): 2, ('l4', 'l5', 'tr2', 'p1', 1): 3, ('l4', 'l5', 'tr2', 'p1', 2): 1, ('l4', 'l5', 'tr2', 'p2', 2): 1, ('l4', 'l5', 'tr2', 'p2', 3): 5, ('l4', 'l5', 'tr2', 'p1', 4): 3, ('l4', 'l5', 'tr2', 'p1', 5): 1, ('l4', 'l5', 'tr2', 'p2', 5): 1, ('l4', 'l5', 'tr2', 'p1', 6): 1, ('l4', 'l5', 'tr2', 'p2', 6): 1, ('l4', 'l5', 'tr2', 'p1', 7): 1, ('l4', 'l5', 'tr2', 'p2', 7): 1}
  Verification: PASS
  R_1=0.8333
  K_1=0.8333
  [relative] normalizer (mean trip cost at w=0) = 111.29
  [relative] lambda=0.1 -> weight=11

  [layered_small_seed4 w=11] Stage 1 (limit=600s)...
  Stage 1: cost=3795  routes=8  optimal=True
{('l1', 'l4', 'tr2', 'p1'): 5, ('l1', 'l4', 'tr2', 'p2'): 3, ('l1', 'l6', 'tr1', 'p1'): 3, ('l1', 'l6', 'tr2', 'p1'): 10, ('l1', 'l6', 'tr2', 'p2'): 20, ('l2', 'l3', 'tr2', 'p1'): 7, ('l2', 'l3', 'tr2', 'p2'): 1, ('l2', 'l4', 'tr2', 'p1'): 5, ('l2', 'l4', 'tr2', 'p2'): 6, ('l3', 'l6', 'tr1', 'p1'): 3, ('l3', 'l6', 'tr2', 'p1'): 4, ('l3', 'l6', 'tr2', 'p2'): 1, ('l4', 'l5', 'tr2', 'p1'): 10, ('l4', 'l5', 'tr2', 'p2'): 9}
  R_TR=0.3333  worst_arc=(l1,l6,tr2)

  [layered_small_seed4 w=11 s2=baseline] Stage 2...
  mono=11  conc=24  optimal=True
{('l1', 'l6', 'tr1', 'p1', 1): 3, ('l3', 'l6', 'tr1', 'p1', 1): 3, ('l1', 'l4', 'tr2', 'p2', 1): 2, ('l1', 'l4', 'tr2', 'p1', 2): 2, ('l1', 'l4', 'tr2', 'p2', 2): 1, ('l1', 'l4', 'tr2', 'p1', 3): 3, ('l1', 'l6', 'tr2', 'p2', 1): 5, ('l1', 'l6', 'tr2', 'p2', 5): 5, ('l1', 'l6', 'tr2', 'p1', 6): 2, ('l1', 'l6', 'tr2', 'p2', 6): 2, ('l1', 'l6', 'tr2', 'p1', 7): 2, ('l1', 'l6', 'tr2', 'p2', 7): 2, ('l1', 'l6', 'tr2', 'p1', 8): 2, ('l1', 'l6', 'tr2', 'p2', 8): 2, ('l1', 'l6', 'tr2', 'p1', 9): 2, ('l1', 'l6', 'tr2', 'p2', 9): 2, ('l1', 'l6', 'tr2', 'p1', 10): 2, ('l1', 'l6', 'tr2', 'p2', 10): 2, ('l2', 'l3', 'tr2', 'p1', 2): 3, ('l2', 'l3', 'tr2', 'p1', 3): 3, ('l2', 'l3', 'tr2', 'p1', 4): 1, ('l2', 'l3', 'tr2', 'p2', 4): 1, ('l2', 'l4', 'tr2', 'p1', 2): 3, ('l2', 'l4', 'tr2', 'p1', 3): 1, ('l2', 'l4', 'tr2', 'p2', 3): 3, ('l2', 'l4', 'tr2', 'p1', 4): 1, ('l2', 'l4', 'tr2', 'p2', 4): 3, ('l3', 'l6', 'tr2', 'p1', 1): 2, ('l3', 'l6', 'tr2', 'p2', 1): 1, ('l3', 'l6', 'tr2', 'p1', 2): 2, ('l4', 'l5', 'tr2', 'p1', 1): 2, ('l4', 'l5', 'tr2', 'p2', 1): 2, ('l4', 'l5', 'tr2', 'p2', 4): 5, ('l4', 'l5', 'tr2', 'p1', 5): 3, ('l4', 'l5', 'tr2', 'p1', 6): 2, ('l4', 'l5', 'tr2', 'p2', 6): 2, ('l4', 'l5', 'tr2', 'p1', 7): 3}
  Verification: PASS
  R_1=0.8333
  K_1=0.8333

  [layered_small_seed4 w=11 s2=mixed] Stage 2...
  mono=3  conc=29  optimal=True
{('l1', 'l6', 'tr1', 'p1', 1): 3, ('l3', 'l6', 'tr1', 'p1', 1): 3, ('l1', 'l4', 'tr2', 'p1', 1): 2, ('l1', 'l4', 'tr2', 'p2', 1): 1, ('l1', 'l4', 'tr2', 'p1', 2): 2, ('l1', 'l4', 'tr2', 'p2', 2): 1, ('l1', 'l4', 'tr2', 'p1', 3): 1, ('l1', 'l4', 'tr2', 'p2', 3): 1, ('l1', 'l6', 'tr2', 'p1', 1): 1, ('l1', 'l6', 'tr2', 'p2', 1): 3, ('l1', 'l6', 'tr2', 'p1', 2): 1, ('l1', 'l6', 'tr2', 'p2', 2): 3, ('l1', 'l6', 'tr2', 'p1', 3): 2, ('l1', 'l6', 'tr2', 'p2', 3): 1, ('l1', 'l6', 'tr2', 'p1', 4): 1, ('l1', 'l6', 'tr2', 'p2', 4): 3, ('l1', 'l6', 'tr2', 'p1', 5): 2, ('l1', 'l6', 'tr2', 'p2', 5): 1, ('l1', 'l6', 'tr2', 'p1', 7): 1, ('l1', 'l6', 'tr2', 'p2', 7): 3, ('l1', 'l6', 'tr2', 'p1', 9): 1, ('l1', 'l6', 'tr2', 'p2', 9): 3, ('l1', 'l6', 'tr2', 'p1', 10): 1, ('l1', 'l6', 'tr2', 'p2', 10): 3, ('l2', 'l3', 'tr2', 'p1', 1): 2, ('l2', 'l3', 'tr2', 'p1', 3): 3, ('l2', 'l3', 'tr2', 'p1', 4): 2, ('l2', 'l3', 'tr2', 'p2', 4): 1, ('l2', 'l4', 'tr2', 'p1', 1): 2, ('l2', 'l4', 'tr2', 'p2', 1): 2, ('l2', 'l4', 'tr2', 'p1', 2): 1, ('l2', 'l4', 'tr2', 'p2', 2): 2, ('l2', 'l4', 'tr2', 'p1', 4): 2, ('l2', 'l4', 'tr2', 'p2', 4): 2, ('l3', 'l6', 'tr2', 'p1', 1): 2, ('l3', 'l6', 'tr2', 'p2', 1): 1, ('l3', 'l6', 'tr2', 'p1', 2): 2, ('l4', 'l5', 'tr2', 'p1', 1): 2, ('l4', 'l5', 'tr2', 'p2', 1): 2, ('l4', 'l5', 'tr2', 'p1', 2): 2, ('l4', 'l5', 'tr2', 'p2', 2): 2, ('l4', 'l5', 'tr2', 'p1', 3): 2, ('l4', 'l5', 'tr2', 'p2', 3): 2, ('l4', 'l5', 'tr2', 'p1', 5): 2, ('l4', 'l5', 'tr2', 'p2', 5): 2, ('l4', 'l5', 'tr2', 'p1', 7): 2, ('l4', 'l5', 'tr2', 'p2', 7): 1}
  Verification: PASS
  R_1=0.9
  K_1=0.9

  [layered_small_seed4 w=11 s2=even] Stage 2...
  mono=7  conc=11  optimal=True
{('l1', 'l6', 'tr1', 'p1', 1): 3, ('l3', 'l6', 'tr1', 'p1', 1): 3, ('l1', 'l4', 'tr2', 'p1', 1): 1, ('l1', 'l4', 'tr2', 'p2', 1): 1, ('l1', 'l4', 'tr2', 'p1', 2): 3, ('l1', 'l4', 'tr2', 'p1', 3): 1, ('l1', 'l4', 'tr2', 'p2', 3): 2, ('l1', 'l6', 'tr2', 'p1', 1): 1, ('l1', 'l6', 'tr2', 'p2', 1): 2, ('l1', 'l6', 'tr2', 'p1', 2): 1, ('l1', 'l6', 'tr2', 'p2', 2): 2, ('l1', 'l6', 'tr2', 'p1', 3): 1, ('l1', 'l6', 'tr2', 'p2', 3): 2, ('l1', 'l6', 'tr2', 'p1', 4): 1, ('l1', 'l6', 'tr2', 'p2', 4): 2, ('l1', 'l6', 'tr2', 'p1', 5): 1, ('l1', 'l6', 'tr2', 'p2', 5): 2, ('l1', 'l6', 'tr2', 'p1', 6): 1, ('l1', 'l6', 'tr2', 'p2', 6): 2, ('l1', 'l6', 'tr2', 'p1', 7): 1, ('l1', 'l6', 'tr2', 'p2', 7): 2, ('l1', 'l6', 'tr2', 'p1', 8): 1, ('l1', 'l6', 'tr2', 'p2', 8): 2, ('l1', 'l6', 'tr2', 'p1', 9): 1, ('l1', 'l6', 'tr2', 'p2', 9): 2, ('l1', 'l6', 'tr2', 'p1', 10): 1, ('l1', 'l6', 'tr2', 'p2', 10): 2, ('l2', 'l3', 'tr2', 'p1', 1): 3, ('l2', 'l3', 'tr2', 'p1', 2): 3, ('l2', 'l3', 'tr2', 'p1', 3): 1, ('l2', 'l3', 'tr2', 'p2', 3): 1, ('l2', 'l4', 'tr2', 'p1', 1): 1, ('l2', 'l4', 'tr2', 'p2', 1): 1, ('l2', 'l4', 'tr2', 'p1', 2): 1, ('l2', 'l4', 'tr2', 'p2', 2): 3, ('l2', 'l4', 'tr2', 'p1', 3): 2, ('l2', 'l4', 'tr2', 'p2', 3): 1, ('l2', 'l4', 'tr2', 'p1', 4): 1, ('l2', 'l4', 'tr2', 'p2', 4): 1, ('l3', 'l6', 'tr2', 'p1', 1): 2, ('l3', 'l6', 'tr2', 'p2', 1): 1, ('l3', 'l6', 'tr2', 'p1', 2): 2, ('l4', 'l5', 'tr2', 'p1', 1): 3, ('l4', 'l5', 'tr2', 'p2', 2): 5, ('l4', 'l5', 'tr2', 'p1', 3): 1, ('l4', 'l5', 'tr2', 'p2', 3): 1, ('l4', 'l5', 'tr2', 'p1', 4): 1, ('l4', 'l5', 'tr2', 'p2', 4): 1, ('l4', 'l5', 'tr2', 'p1', 5): 3, ('l4', 'l5', 'tr2', 'p1', 6): 1, ('l4', 'l5', 'tr2', 'p2', 6): 1, ('l4', 'l5', 'tr2', 'p1', 7): 1, ('l4', 'l5', 'tr2', 'p2', 7): 1}
  Verification: PASS
  R_1=0.8333
  K_1=0.8333

  [layered_small_seed4 w=11 s2=full] Stage 2...
  mono=7  conc=11  optimal=True
{('l1', 'l6', 'tr1', 'p1', 1): 3, ('l3', 'l6', 'tr1', 'p1', 1): 3, ('l1', 'l4', 'tr2', 'p1', 1): 1, ('l1', 'l4', 'tr2', 'p2', 1): 2, ('l1', 'l4', 'tr2', 'p1', 2): 1, ('l1', 'l4', 'tr2', 'p2', 2): 1, ('l1', 'l4', 'tr2', 'p1', 3): 3, ('l1', 'l6', 'tr2', 'p1', 1): 1, ('l1', 'l6', 'tr2', 'p2', 1): 2, ('l1', 'l6', 'tr2', 'p1', 2): 1, ('l1', 'l6', 'tr2', 'p2', 2): 2, ('l1', 'l6', 'tr2', 'p1', 3): 1, ('l1', 'l6', 'tr2', 'p2', 3): 2, ('l1', 'l6', 'tr2', 'p1', 4): 1, ('l1', 'l6', 'tr2', 'p2', 4): 2, ('l1', 'l6', 'tr2', 'p1', 5): 1, ('l1', 'l6', 'tr2', 'p2', 5): 2, ('l1', 'l6', 'tr2', 'p1', 6): 1, ('l1', 'l6', 'tr2', 'p2', 6): 2, ('l1', 'l6', 'tr2', 'p1', 7): 1, ('l1', 'l6', 'tr2', 'p2', 7): 2, ('l1', 'l6', 'tr2', 'p1', 8): 1, ('l1', 'l6', 'tr2', 'p2', 8): 2, ('l1', 'l6', 'tr2', 'p1', 9): 1, ('l1', 'l6', 'tr2', 'p2', 9): 2, ('l1', 'l6', 'tr2', 'p1', 10): 1, ('l1', 'l6', 'tr2', 'p2', 10): 2, ('l2', 'l3', 'tr2', 'p1', 1): 3, ('l2', 'l3', 'tr2', 'p1', 2): 3, ('l2', 'l3', 'tr2', 'p1', 3): 1, ('l2', 'l3', 'tr2', 'p2', 3): 1, ('l2', 'l4', 'tr2', 'p1', 1): 1, ('l2', 'l4', 'tr2', 'p2', 1): 1, ('l2', 'l4', 'tr2', 'p1', 2): 1, ('l2', 'l4', 'tr2', 'p2', 2): 3, ('l2', 'l4', 'tr2', 'p1', 3): 1, ('l2', 'l4', 'tr2', 'p2', 3): 1, ('l2', 'l4', 'tr2', 'p1', 4): 2, ('l2', 'l4', 'tr2', 'p2', 4): 1, ('l3', 'l6', 'tr2', 'p1', 1): 2, ('l3', 'l6', 'tr2', 'p1', 2): 2, ('l3', 'l6', 'tr2', 'p2', 2): 1, ('l4', 'l5', 'tr2', 'p1', 1): 1, ('l4', 'l5', 'tr2', 'p2', 1): 1, ('l4', 'l5', 'tr2', 'p1', 2): 1, ('l4', 'l5', 'tr2', 'p2', 2): 1, ('l4', 'l5', 'tr2', 'p1', 3): 3, ('l4', 'l5', 'tr2', 'p1', 4): 1, ('l4', 'l5', 'tr2', 'p2', 4): 1, ('l4', 'l5', 'tr2', 'p1', 5): 3, ('l4', 'l5', 'tr2', 'p1', 6): 1, ('l4', 'l5', 'tr2', 'p2', 6): 1, ('l4', 'l5', 'tr2', 'p2', 7): 5}
  Verification: PASS
  R_1=0.8333
  K_1=0.8333
  [relative] lambda=0.25 -> weight=28

  [layered_small_seed4 w=28] Stage 1 (limit=600s)...
  Stage 1: cost=3812  routes=8  optimal=True
{('l1', 'l4', 'tr2', 'p1'): 8, ('l1', 'l4', 'tr2', 'p2'): 2, ('l1', 'l6', 'tr1', 'p1'): 1, ('l1', 'l6', 'tr1', 'p2'): 3, ('l1', 'l6', 'tr2', 'p1'): 9, ('l1', 'l6', 'tr2', 'p2'): 18, ('l2', 'l3', 'tr2', 'p1'): 10, ('l2', 'l4', 'tr2', 'p1'): 2, ('l2', 'l4', 'tr2', 'p2'): 7, ('l3', 'l6', 'tr1', 'p1'): 3, ('l3', 'l6', 'tr2', 'p1'): 7, ('l4', 'l5', 'tr2', 'p1'): 10, ('l4', 'l5', 'tr2', 'p2'): 9}
  R_TR=0.4  worst_arc=(l1,l6,tr2)

  [layered_small_seed4 w=28 s2=baseline] Stage 2...
  mono=6  conc=23  optimal=True
{('l1', 'l6', 'tr1', 'p1', 1): 1, ('l1', 'l6', 'tr1', 'p2', 1): 3, ('l3', 'l6', 'tr1', 'p1', 1): 3, ('l1', 'l4', 'tr2', 'p1', 1): 3, ('l1', 'l4', 'tr2', 'p1', 2): 3, ('l1', 'l4', 'tr2', 'p1', 4): 2, ('l1', 'l4', 'tr2', 'p2', 4): 2, ('l1', 'l6', 'tr2', 'p1', 1): 2, ('l1', 'l6', 'tr2', 'p2', 1): 2, ('l1', 'l6', 'tr2', 'p1', 3): 1, ('l1', 'l6', 'tr2', 'p2', 3): 3, ('l1', 'l6', 'tr2', 'p1', 4): 1, ('l1', 'l6', 'tr2', 'p2', 4): 3, ('l1', 'l6', 'tr2', 'p1', 5): 1, ('l1', 'l6', 'tr2', 'p2', 5): 3, ('l1', 'l6', 'tr2', 'p1', 7): 2, ('l1', 'l6', 'tr2', 'p2', 7): 1, ('l1', 'l6', 'tr2', 'p1', 8): 1, ('l1', 'l6', 'tr2', 'p2', 8): 3, ('l1', 'l6', 'tr2', 'p1', 9): 1, ('l1', 'l6', 'tr2', 'p2', 9): 3, ('l2', 'l3', 'tr2', 'p1', 1): 3, ('l2', 'l3', 'tr2', 'p1', 2): 3, ('l2', 'l3', 'tr2', 'p1', 4): 3, ('l2', 'l3', 'tr2', 'p1', 5): 1, ('l2', 'l4', 'tr2', 'p2', 1): 5, ('l2', 'l4', 'tr2', 'p1', 3): 2, ('l2', 'l4', 'tr2', 'p2', 3): 2, ('l3', 'l6', 'tr2', 'p1', 1): 2, ('l3', 'l6', 'tr2', 'p1', 2): 2, ('l3', 'l6', 'tr2', 'p1', 3): 3, ('l4', 'l5', 'tr2', 'p1', 2): 3, ('l4', 'l5', 'tr2', 'p1', 3): 2, ('l4', 'l5', 'tr2', 'p2', 3): 2, ('l4', 'l5', 'tr2', 'p1', 4): 3, ('l4', 'l5', 'tr2', 'p2', 5): 5, ('l4', 'l5', 'tr2', 'p1', 6): 2, ('l4', 'l5', 'tr2', 'p2', 6): 2}
  Verification: PASS
  R_1=0.8333
  K_1=0.8333

  [layered_small_seed4 w=28 s2=mixed] Stage 2...
  mono=3  conc=24  optimal=True
{('l1', 'l6', 'tr1', 'p1', 1): 1, ('l1', 'l6', 'tr1', 'p2', 1): 3, ('l3', 'l6', 'tr1', 'p1', 1): 3, ('l1', 'l4', 'tr2', 'p1', 2): 3, ('l1', 'l4', 'tr2', 'p1', 3): 2, ('l1', 'l4', 'tr2', 'p2', 3): 2, ('l1', 'l4', 'tr2', 'p1', 4): 3, ('l1', 'l6', 'tr2', 'p1', 1): 2, ('l1', 'l6', 'tr2', 'p2', 1): 2, ('l1', 'l6', 'tr2', 'p1', 2): 1, ('l1', 'l6', 'tr2', 'p2', 2): 3, ('l1', 'l6', 'tr2', 'p1', 3): 1, ('l1', 'l6', 'tr2', 'p2', 3): 3, ('l1', 'l6', 'tr2', 'p1', 4): 1, ('l1', 'l6', 'tr2', 'p2', 4): 3, ('l1', 'l6', 'tr2', 'p1', 6): 2, ('l1', 'l6', 'tr2', 'p2', 6): 1, ('l1', 'l6', 'tr2', 'p1', 7): 1, ('l1', 'l6', 'tr2', 'p2', 7): 3, ('l1', 'l6', 'tr2', 'p1', 9): 1, ('l1', 'l6', 'tr2', 'p2', 9): 3, ('l2', 'l3', 'tr2', 'p1', 1): 3, ('l2', 'l3', 'tr2', 'p1', 3): 3, ('l2', 'l3', 'tr2', 'p1', 4): 2, ('l2', 'l3', 'tr2', 'p1', 5): 2, ('l2', 'l4', 'tr2', 'p2', 1): 5, ('l2', 'l4', 'tr2', 'p1', 2): 2, ('l2', 'l4', 'tr2', 'p2', 2): 2, ('l3', 'l6', 'tr2', 'p1', 1): 2, ('l3', 'l6', 'tr2', 'p1', 2): 3, ('l3', 'l6', 'tr2', 'p1', 3): 2, ('l4', 'l5', 'tr2', 'p1', 1): 2, ('l4', 'l5', 'tr2', 'p2', 1): 2, ('l4', 'l5', 'tr2', 'p1', 4): 2, ('l4', 'l5', 'tr2', 'p2', 4): 2, ('l4', 'l5', 'tr2', 'p1', 5): 2, ('l4', 'l5', 'tr2', 'p2', 5): 2, ('l4', 'l5', 'tr2', 'p1', 6): 2, ('l4', 'l5', 'tr2', 'p2', 6): 1, ('l4', 'l5', 'tr2', 'p1', 7): 2, ('l4', 'l5', 'tr2', 'p2', 7): 2}
  Verification: PASS
  R_1=0.8333
  K_1=0.8333

  [layered_small_seed4 w=28 s2=even] Stage 2...
  mono=7  conc=7  optimal=True
{('l1', 'l6', 'tr1', 'p1', 1): 1, ('l1', 'l6', 'tr1', 'p2', 1): 3, ('l3', 'l6', 'tr1', 'p1', 1): 3, ('l1', 'l4', 'tr2', 'p1', 1): 2, ('l1', 'l4', 'tr2', 'p1', 2): 2, ('l1', 'l4', 'tr2', 'p1', 3): 2, ('l1', 'l4', 'tr2', 'p1', 4): 2, ('l1', 'l4', 'tr2', 'p2', 4): 2, ('l1', 'l6', 'tr2', 'p1', 1): 1, ('l1', 'l6', 'tr2', 'p2', 1): 2, ('l1', 'l6', 'tr2', 'p1', 2): 1, ('l1', 'l6', 'tr2', 'p2', 2): 2, ('l1', 'l6', 'tr2', 'p1', 3): 1, ('l1', 'l6', 'tr2', 'p2', 3): 2, ('l1', 'l6', 'tr2', 'p1', 4): 1, ('l1', 'l6', 'tr2', 'p2', 4): 2, ('l1', 'l6', 'tr2', 'p1', 5): 1, ('l1', 'l6', 'tr2', 'p2', 5): 2, ('l1', 'l6', 'tr2', 'p1', 6): 1, ('l1', 'l6', 'tr2', 'p2', 6): 2, ('l1', 'l6', 'tr2', 'p1', 7): 1, ('l1', 'l6', 'tr2', 'p2', 7): 2, ('l1', 'l6', 'tr2', 'p1', 8): 1, ('l1', 'l6', 'tr2', 'p2', 8): 2, ('l1', 'l6', 'tr2', 'p1', 9): 1, ('l1', 'l6', 'tr2', 'p2', 9): 2, ('l2', 'l3', 'tr2', 'p1', 1): 2, ('l2', 'l3', 'tr2', 'p1', 2): 2, ('l2', 'l3', 'tr2', 'p1', 3): 2, ('l2', 'l3', 'tr2', 'p1', 4): 2, ('l2', 'l3', 'tr2', 'p1', 5): 2, ('l2', 'l4', 'tr2', 'p2', 2): 5, ('l2', 'l4', 'tr2', 'p1', 3): 2, ('l2', 'l4', 'tr2', 'p2', 3): 2, ('l3', 'l6', 'tr2', 'p1', 1): 2, ('l3', 'l6', 'tr2', 'p1', 2): 2, ('l3', 'l6', 'tr2', 'p1', 3): 3, ('l4', 'l5', 'tr2', 'p1', 1): 1, ('l4', 'l5', 'tr2', 'p2', 1): 1, ('l4', 'l5', 'tr2', 'p1', 2): 1, ('l4', 'l5', 'tr2', 'p2', 2): 1, ('l4', 'l5', 'tr2', 'p1', 3): 1, ('l4', 'l5', 'tr2', 'p2', 3): 1, ('l4', 'l5', 'tr2', 'p1', 4): 1, ('l4', 'l5', 'tr2', 'p2', 4): 1, ('l4', 'l5', 'tr2', 'p2', 5): 5, ('l4', 'l5', 'tr2', 'p1', 6): 3, ('l4', 'l5', 'tr2', 'p1', 7): 3}
  Verification: PASS
  R_1=0.8333
  K_1=0.8333

  [layered_small_seed4 w=28 s2=full] Stage 2...
  mono=7  conc=7  optimal=True
{('l1', 'l6', 'tr1', 'p1', 1): 1, ('l1', 'l6', 'tr1', 'p2', 1): 3, ('l3', 'l6', 'tr1', 'p1', 1): 3, ('l1', 'l4', 'tr2', 'p1', 1): 2, ('l1', 'l4', 'tr2', 'p1', 2): 2, ('l1', 'l4', 'tr2', 'p1', 3): 2, ('l1', 'l4', 'tr2', 'p1', 4): 2, ('l1', 'l4', 'tr2', 'p2', 4): 2, ('l1', 'l6', 'tr2', 'p1', 1): 1, ('l1', 'l6', 'tr2', 'p2', 1): 2, ('l1', 'l6', 'tr2', 'p1', 2): 1, ('l1', 'l6', 'tr2', 'p2', 2): 2, ('l1', 'l6', 'tr2', 'p1', 3): 1, ('l1', 'l6', 'tr2', 'p2', 3): 2, ('l1', 'l6', 'tr2', 'p1', 4): 1, ('l1', 'l6', 'tr2', 'p2', 4): 2, ('l1', 'l6', 'tr2', 'p1', 5): 1, ('l1', 'l6', 'tr2', 'p2', 5): 2, ('l1', 'l6', 'tr2', 'p1', 6): 1, ('l1', 'l6', 'tr2', 'p2', 6): 2, ('l1', 'l6', 'tr2', 'p1', 7): 1, ('l1', 'l6', 'tr2', 'p2', 7): 2, ('l1', 'l6', 'tr2', 'p1', 8): 1, ('l1', 'l6', 'tr2', 'p2', 8): 2, ('l1', 'l6', 'tr2', 'p1', 9): 1, ('l1', 'l6', 'tr2', 'p2', 9): 2, ('l2', 'l3', 'tr2', 'p1', 1): 2, ('l2', 'l3', 'tr2', 'p1', 2): 2, ('l2', 'l3', 'tr2', 'p1', 3): 2, ('l2', 'l3', 'tr2', 'p1', 4): 2, ('l2', 'l3', 'tr2', 'p1', 5): 2, ('l2', 'l4', 'tr2', 'p2', 2): 5, ('l2', 'l4', 'tr2', 'p1', 3): 2, ('l2', 'l4', 'tr2', 'p2', 3): 2, ('l3', 'l6', 'tr2', 'p1', 1): 2, ('l3', 'l6', 'tr2', 'p1', 2): 2, ('l3', 'l6', 'tr2', 'p1', 3): 3, ('l4', 'l5', 'tr2', 'p1', 1): 1, ('l4', 'l5', 'tr2', 'p2', 1): 1, ('l4', 'l5', 'tr2', 'p1', 2): 1, ('l4', 'l5', 'tr2', 'p2', 2): 1, ('l4', 'l5', 'tr2', 'p1', 3): 1, ('l4', 'l5', 'tr2', 'p2', 3): 1, ('l4', 'l5', 'tr2', 'p1', 4): 1, ('l4', 'l5', 'tr2', 'p2', 4): 1, ('l4', 'l5', 'tr2', 'p2', 5): 5, ('l4', 'l5', 'tr2', 'p1', 6): 3, ('l4', 'l5', 'tr2', 'p1', 7): 3}
  Verification: PASS
  R_1=0.8333
  K_1=0.8333
  [relative] lambda=0.5 -> weight=56

  [layered_small_seed4 w=56] Stage 1 (limit=600s)...
  Stage 1: cost=3816  routes=8  optimal=True
{('l1', 'l4', 'tr2', 'p1'): 8, ('l1', 'l4', 'tr2', 'p2'): 9, ('l1', 'l6', 'tr1', 'p1'): 2, ('l1', 'l6', 'tr1', 'p2'): 6, ('l1', 'l6', 'tr2', 'p1'): 8, ('l1', 'l6', 'tr2', 'p2'): 8, ('l2', 'l3', 'tr2', 'p1'): 10, ('l2', 'l3', 'tr2', 'p2'): 7, ('l2', 'l4', 'tr2', 'p1'): 2, ('l3', 'l6', 'tr1', 'p1'): 1, ('l3', 'l6', 'tr1', 'p2'): 3, ('l3', 'l6', 'tr2', 'p1'): 9, ('l3', 'l6', 'tr2', 'p2'): 4, ('l4', 'l5', 'tr2', 'p1'): 10, ('l4', 'l5', 'tr2', 'p2'): 9}
  R_TR=0.6667  worst_arc=(l2,l3,tr2)

  [layered_small_seed4 w=56 s2=baseline] Stage 2...
  mono=12  conc=34  optimal=True
{('l1', 'l6', 'tr1', 'p1', 1): 2, ('l1', 'l6', 'tr1', 'p2', 2): 6, ('l3', 'l6', 'tr1', 'p1', 1): 1, ('l3', 'l6', 'tr1', 'p2', 1): 3, ('l1', 'l4', 'tr2', 'p1', 1): 2, ('l1', 'l4', 'tr2', 'p2', 1): 1, ('l1', 'l4', 'tr2', 'p1', 2): 2, ('l1', 'l4', 'tr2', 'p2', 2): 1, ('l1', 'l4', 'tr2', 'p1', 4): 3, ('l1', 'l4', 'tr2', 'p1', 5): 1, ('l1', 'l4', 'tr2', 'p2', 5): 3, ('l1', 'l4', 'tr2', 'p2', 6): 4, ('l1', 'l6', 'tr2', 'p1', 2): 2, ('l1', 'l6', 'tr2', 'p2', 2): 2, ('l1', 'l6', 'tr2', 'p1', 3): 2, ('l1', 'l6', 'tr2', 'p2', 3): 2, ('l1', 'l6', 'tr2', 'p1', 5): 2, ('l1', 'l6', 'tr2', 'p2', 5): 2, ('l1', 'l6', 'tr2', 'p1', 6): 2, ('l1', 'l6', 'tr2', 'p2', 6): 2, ('l2', 'l3', 'tr2', 'p1', 1): 2, ('l2', 'l3', 'tr2', 'p2', 1): 1, ('l2', 'l3', 'tr2', 'p2', 2): 4, ('l2', 'l3', 'tr2', 'p1', 3): 2, ('l2', 'l3', 'tr2', 'p2', 3): 2, ('l2', 'l3', 'tr2', 'p1', 5): 3, ('l2', 'l3', 'tr2', 'p1', 6): 3, ('l2', 'l4', 'tr2', 'p1', 1): 2, ('l3', 'l6', 'tr2', 'p1', 1): 3, ('l3', 'l6', 'tr2', 'p1', 3): 2, ('l3', 'l6', 'tr2', 'p2', 3): 2, ('l3', 'l6', 'tr2', 'p1', 4): 2, ('l3', 'l6', 'tr2', 'p2', 4): 2, ('l3', 'l6', 'tr2', 'p1', 5): 2, ('l4', 'l5', 'tr2', 'p2', 2): 5, ('l4', 'l5', 'tr2', 'p1', 3): 3, ('l4', 'l5', 'tr2', 'p1', 4): 2, ('l4', 'l5', 'tr2', 'p2', 4): 2, ('l4', 'l5', 'tr2', 'p1', 5): 2, ('l4', 'l5', 'tr2', 'p2', 5): 2, ('l4', 'l5', 'tr2', 'p1', 7): 3}
  Verification: PASS
  R_1=0.8
  K_1=0.8

  [layered_small_seed4 w=56 s2=mixed] Stage 2...
  mono=1  conc=36  optimal=True
{('l1', 'l6', 'tr1', 'p1', 1): 1, ('l1', 'l6', 'tr1', 'p2', 1): 3, ('l1', 'l6', 'tr1', 'p1', 2): 1, ('l1', 'l6', 'tr1', 'p2', 2): 3, ('l3', 'l6', 'tr1', 'p1', 1): 1, ('l3', 'l6', 'tr1', 'p2', 1): 3, ('l1', 'l4', 'tr2', 'p1', 1): 1, ('l1', 'l4', 'tr2', 'p2', 1): 3, ('l1', 'l4', 'tr2', 'p1', 3): 2, ('l1', 'l4', 'tr2', 'p2', 3): 1, ('l1', 'l4', 'tr2', 'p1', 4): 2, ('l1', 'l4', 'tr2', 'p2', 4): 1, ('l1', 'l4', 'tr2', 'p1', 5): 2, ('l1', 'l4', 'tr2', 'p2', 5): 1, ('l1', 'l4', 'tr2', 'p1', 6): 1, ('l1', 'l4', 'tr2', 'p2', 6): 3, ('l1', 'l6', 'tr2', 'p1', 1): 2, ('l1', 'l6', 'tr2', 'p2', 1): 2, ('l1', 'l6', 'tr2', 'p1', 2): 2, ('l1', 'l6', 'tr2', 'p2', 2): 2, ('l1', 'l6', 'tr2', 'p1', 3): 2, ('l1', 'l6', 'tr2', 'p2', 3): 2, ('l1', 'l6', 'tr2', 'p1', 4): 2, ('l1', 'l6', 'tr2', 'p2', 4): 2, ('l2', 'l3', 'tr2', 'p1', 1): 2, ('l2', 'l3', 'tr2', 'p2', 1): 1, ('l2', 'l3', 'tr2', 'p1', 2): 2, ('l2', 'l3', 'tr2', 'p2', 2): 1, ('l2', 'l3', 'tr2', 'p1', 4): 2, ('l2', 'l3', 'tr2', 'p2', 4): 2, ('l2', 'l3', 'tr2', 'p1', 5): 2, ('l2', 'l3', 'tr2', 'p2', 5): 2, ('l2', 'l3', 'tr2', 'p1', 6): 2, ('l2', 'l3', 'tr2', 'p2', 6): 1, ('l2', 'l4', 'tr2', 'p1', 1): 2, ('l3', 'l6', 'tr2', 'p1', 1): 3, ('l3', 'l6', 'tr2', 'p1', 2): 2, ('l3', 'l6', 'tr2', 'p2', 2): 1, ('l3', 'l6', 'tr2', 'p1', 4): 2, ('l3', 'l6', 'tr2', 'p2', 4): 2, ('l3', 'l6', 'tr2', 'p1', 5): 2, ('l3', 'l6', 'tr2', 'p2', 5): 1, ('l4', 'l5', 'tr2', 'p1', 2): 2, ('l4', 'l5', 'tr2', 'p2', 2): 2, ('l4', 'l5', 'tr2', 'p1', 3): 2, ('l4', 'l5', 'tr2', 'p2', 3): 2, ('l4', 'l5', 'tr2', 'p1', 4): 2, ('l4', 'l5', 'tr2', 'p2', 4): 1, ('l4', 'l5', 'tr2', 'p1', 5): 2, ('l4', 'l5', 'tr2', 'p2', 5): 2, ('l4', 'l5', 'tr2', 'p1', 6): 2, ('l4', 'l5', 'tr2', 'p2', 6): 2}
  Verification: PASS
  R_1=0.9
  K_1=0.9

  [layered_small_seed4 w=56 s2=even] Stage 2...
  mono=10  conc=16  optimal=True
{('l1', 'l6', 'tr1', 'p1', 1): 1, ('l1', 'l6', 'tr1', 'p2', 1): 3, ('l1', 'l6', 'tr1', 'p1', 2): 1, ('l1', 'l6', 'tr1', 'p2', 2): 3, ('l3', 'l6', 'tr1', 'p1', 1): 1, ('l3', 'l6', 'tr1', 'p2', 1): 3, ('l1', 'l4', 'tr2', 'p1', 1): 1, ('l1', 'l4', 'tr2', 'p2', 1): 1, ('l1', 'l4', 'tr2', 'p1', 2): 1, ('l1', 'l4', 'tr2', 'p2', 2): 1, ('l1', 'l4', 'tr2', 'p1', 3): 1, ('l1', 'l4', 'tr2', 'p2', 3): 1, ('l1', 'l4', 'tr2', 'p1', 4): 1, ('l1', 'l4', 'tr2', 'p2', 4): 3, ('l1', 'l4', 'tr2', 'p1', 5): 1, ('l1', 'l4', 'tr2', 'p2', 5): 3, ('l1', 'l4', 'tr2', 'p1', 6): 3, ('l1', 'l6', 'tr2', 'p1', 1): 1, ('l1', 'l6', 'tr2', 'p1', 2): 1, ('l1', 'l6', 'tr2', 'p2', 2): 1, ('l1', 'l6', 'tr2', 'p1', 3): 1, ('l1', 'l6', 'tr2', 'p2', 3): 1, ('l1', 'l6', 'tr2', 'p1', 4): 1, ('l1', 'l6', 'tr2', 'p2', 4): 3, ('l1', 'l6', 'tr2', 'p1', 5): 1, ('l1', 'l6', 'tr2', 'p2', 5): 3, ('l1', 'l6', 'tr2', 'p1', 6): 3, ('l2', 'l3', 'tr2', 'p1', 1): 1, ('l2', 'l3', 'tr2', 'p2', 1): 1, ('l2', 'l3', 'tr2', 'p1', 2): 1, ('l2', 'l3', 'tr2', 'p2', 2): 1, ('l2', 'l3', 'tr2', 'p1', 3): 1, ('l2', 'l3', 'tr2', 'p2', 3): 1, ('l2', 'l3', 'tr2', 'p1', 4): 1, ('l2', 'l3', 'tr2', 'p2', 4): 1, ('l2', 'l3', 'tr2', 'p1', 5): 1, ('l2', 'l3', 'tr2', 'p2', 5): 1, ('l2', 'l3', 'tr2', 'p1', 6): 3, ('l2', 'l3', 'tr2', 'p1', 7): 2, ('l2', 'l3', 'tr2', 'p2', 7): 2, ('l2', 'l4', 'tr2', 'p1', 1): 2, ('l3', 'l6', 'tr2', 'p1', 1): 1, ('l3', 'l6', 'tr2', 'p1', 2): 1, ('l3', 'l6', 'tr2', 'p2', 2): 1, ('l3', 'l6', 'tr2', 'p1', 3): 1, ('l3', 'l6', 'tr2', 'p2', 3): 3, ('l3', 'l6', 'tr2', 'p1', 4): 3, ('l3', 'l6', 'tr2', 'p1', 5): 3, ('l4', 'l5', 'tr2', 'p1', 1): 1, ('l4', 'l5', 'tr2', 'p2', 1): 1, ('l4', 'l5', 'tr2', 'p1', 2): 1, ('l4', 'l5', 'tr2', 'p2', 2): 1, ('l4', 'l5', 'tr2', 'p1', 3): 1, ('l4', 'l5', 'tr2', 'p2', 3): 1, ('l4', 'l5', 'tr2', 'p1', 4): 1, ('l4', 'l5', 'tr2', 'p2', 4): 1, ('l4', 'l5', 'tr2', 'p2', 5): 5, ('l4', 'l5', 'tr2', 'p1', 6): 3, ('l4', 'l5', 'tr2', 'p1', 7): 3}
  Verification: PASS
  R_1=0.8333
  K_1=0.8333

  [layered_small_seed4 w=56 s2=full] Stage 2...
  mono=9  conc=16  optimal=True
{('l1', 'l6', 'tr1', 'p1', 1): 1, ('l1', 'l6', 'tr1', 'p2', 1): 3, ('l1', 'l6', 'tr1', 'p1', 2): 1, ('l1', 'l6', 'tr1', 'p2', 2): 3, ('l3', 'l6', 'tr1', 'p1', 1): 1, ('l3', 'l6', 'tr1', 'p2', 1): 3, ('l1', 'l4', 'tr2', 'p1', 1): 1, ('l1', 'l4', 'tr2', 'p2', 1): 1, ('l1', 'l4', 'tr2', 'p1', 2): 1, ('l1', 'l4', 'tr2', 'p2', 2): 3, ('l1', 'l4', 'tr2', 'p1', 3): 3, ('l1', 'l4', 'tr2', 'p1', 4): 1, ('l1', 'l4', 'tr2', 'p2', 4): 1, ('l1', 'l4', 'tr2', 'p1', 5): 1, ('l1', 'l4', 'tr2', 'p2', 5): 3, ('l1', 'l4', 'tr2', 'p1', 6): 1, ('l1', 'l4', 'tr2', 'p2', 6): 1, ('l1', 'l6', 'tr2', 'p1', 1): 1, ('l1', 'l6', 'tr2', 'p2', 1): 1, ('l1', 'l6', 'tr2', 'p1', 2): 1, ('l1', 'l6', 'tr2', 'p2', 2): 2, ('l1', 'l6', 'tr2', 'p1', 3): 1, ('l1', 'l6', 'tr2', 'p2', 3): 3, ('l1', 'l6', 'tr2', 'p1', 4): 1, ('l1', 'l6', 'tr2', 'p2', 4): 1, ('l1', 'l6', 'tr2', 'p1', 5): 1, ('l1', 'l6', 'tr2', 'p2', 5): 1, ('l1', 'l6', 'tr2', 'p1', 6): 3, ('l2', 'l3', 'tr2', 'p1', 1): 1, ('l2', 'l3', 'tr2', 'p2', 1): 1, ('l2', 'l3', 'tr2', 'p1', 2): 3, ('l2', 'l3', 'tr2', 'p1', 3): 2, ('l2', 'l3', 'tr2', 'p2', 3): 1, ('l2', 'l3', 'tr2', 'p1', 4): 1, ('l2', 'l3', 'tr2', 'p2', 4): 1, ('l2', 'l3', 'tr2', 'p1', 5): 1, ('l2', 'l3', 'tr2', 'p2', 5): 1, ('l2', 'l3', 'tr2', 'p1', 6): 1, ('l2', 'l3', 'tr2', 'p2', 6): 2, ('l2', 'l3', 'tr2', 'p1', 7): 1, ('l2', 'l3', 'tr2', 'p2', 7): 1, ('l2', 'l4', 'tr2', 'p1', 1): 2, ('l3', 'l6', 'tr2', 'p1', 1): 3, ('l3', 'l6', 'tr2', 'p1', 2): 1, ('l3', 'l6', 'tr2', 'p2', 2): 1, ('l3', 'l6', 'tr2', 'p1', 3): 3, ('l3', 'l6', 'tr2', 'p1', 4): 1, ('l3', 'l6', 'tr2', 'p1', 5): 1, ('l3', 'l6', 'tr2', 'p2', 5): 3, ('l4', 'l5', 'tr2', 'p1', 1): 1, ('l4', 'l5', 'tr2', 'p2', 1): 1, ('l4', 'l5', 'tr2', 'p1', 2): 1, ('l4', 'l5', 'tr2', 'p2', 2): 1, ('l4', 'l5', 'tr2', 'p1', 3): 3, ('l4', 'l5', 'tr2', 'p1', 4): 1, ('l4', 'l5', 'tr2', 'p2', 4): 1, ('l4', 'l5', 'tr2', 'p1', 5): 1, ('l4', 'l5', 'tr2', 'p2', 5): 1, ('l4', 'l5', 'tr2', 'p1', 6): 3, ('l4', 'l5', 'tr2', 'p2', 7): 5}
  Verification: PASS
  R_1=0.8333
  K_1=0.8333
  [relative] lambda=1 -> weight=111

  [layered_small_seed4 w=111] Stage 1 (limit=600s)...
  Stage 1: cost=3816  routes=8  optimal=True
{('l1', 'l4', 'tr2', 'p1'): 8, ('l1', 'l4', 'tr2', 'p2'): 9, ('l1', 'l6', 'tr1', 'p2'): 8, ('l1', 'l6', 'tr2', 'p1'): 10, ('l1', 'l6', 'tr2', 'p2'): 6, ('l2', 'l3', 'tr2', 'p1'): 10, ('l2', 'l3', 'tr2', 'p2'): 7, ('l2', 'l4', 'tr2', 'p1'): 2, ('l3', 'l6', 'tr1', 'p1'): 1, ('l3', 'l6', 'tr1', 'p2'): 3, ('l3', 'l6', 'tr2', 'p1'): 9, ('l3', 'l6', 'tr2', 'p2'): 4, ('l4', 'l5', 'tr2', 'p1'): 10, ('l4', 'l5', 'tr2', 'p2'): 9}
  R_TR=0.6667  worst_arc=(l1,l6,tr2)

  [layered_small_seed4 w=111 s2=baseline] Stage 2...
  mono=7  conc=35  optimal=True
{('l1', 'l6', 'tr1', 'p2', 1): 5, ('l1', 'l6', 'tr1', 'p2', 2): 3, ('l3', 'l6', 'tr1', 'p1', 1): 1, ('l3', 'l6', 'tr1', 'p2', 1): 3, ('l1', 'l4', 'tr2', 'p1', 2): 1, ('l1', 'l4', 'tr2', 'p2', 2): 1, ('l1', 'l4', 'tr2', 'p2', 3): 4, ('l1', 'l4', 'tr2', 'p1', 4): 3, ('l1', 'l4', 'tr2', 'p1', 5): 2, ('l1', 'l4', 'tr2', 'p2', 5): 2, ('l1', 'l4', 'tr2', 'p1', 6): 2, ('l1', 'l4', 'tr2', 'p2', 6): 2, ('l1', 'l6', 'tr2', 'p1', 1): 3, ('l1', 'l6', 'tr2', 'p1', 3): 3, ('l1', 'l6', 'tr2', 'p1', 4): 1, ('l1', 'l6', 'tr2', 'p2', 4): 3, ('l1', 'l6', 'tr2', 'p2', 5): 3, ('l1', 'l6', 'tr2', 'p1', 6): 3, ('l2', 'l3', 'tr2', 'p1', 1): 2, ('l2', 'l3', 'tr2', 'p2', 1): 1, ('l2', 'l3', 'tr2', 'p1', 2): 2, ('l2', 'l3', 'tr2', 'p2', 2): 1, ('l2', 'l3', 'tr2', 'p1', 3): 2, ('l2', 'l3', 'tr2', 'p2', 3): 1, ('l2', 'l3', 'tr2', 'p1', 4): 2, ('l2', 'l3', 'tr2', 'p2', 4): 2, ('l2', 'l3', 'tr2', 'p1', 6): 2, ('l2', 'l3', 'tr2', 'p2', 6): 2, ('l2', 'l4', 'tr2', 'p1', 1): 2, ('l3', 'l6', 'tr2', 'p1', 1): 2, ('l3', 'l6', 'tr2', 'p2', 1): 2, ('l3', 'l6', 'tr2', 'p1', 2): 2, ('l3', 'l6', 'tr2', 'p2', 2): 1, ('l3', 'l6', 'tr2', 'p1', 4): 2, ('l3', 'l6', 'tr2', 'p2', 4): 1, ('l3', 'l6', 'tr2', 'p1', 5): 3, ('l4', 'l5', 'tr2', 'p1', 1): 2, ('l4', 'l5', 'tr2', 'p2', 1): 2, ('l4', 'l5', 'tr2', 'p1', 2): 2, ('l4', 'l5', 'tr2', 'p2', 2): 2, ('l4', 'l5', 'tr2', 'p1', 4): 2, ('l4', 'l5', 'tr2', 'p2', 4): 1, ('l4', 'l5', 'tr2', 'p1', 5): 2, ('l4', 'l5', 'tr2', 'p2', 5): 2, ('l4', 'l5', 'tr2', 'p1', 7): 2, ('l4', 'l5', 'tr2', 'p2', 7): 2}
  Verification: PASS
  R_1=0.8333
  K_1=0.8333

  [layered_small_seed4 w=111 s2=mixed] Stage 2...
  mono=1  conc=35  optimal=True
{('l1', 'l6', 'tr1', 'p2', 1): 5, ('l1', 'l6', 'tr1', 'p2', 2): 3, ('l3', 'l6', 'tr1', 'p1', 1): 1, ('l3', 'l6', 'tr1', 'p2', 1): 3, ('l1', 'l4', 'tr2', 'p1', 2): 1, ('l1', 'l4', 'tr2', 'p2', 2): 3, ('l1', 'l4', 'tr2', 'p1', 3): 1, ('l1', 'l4', 'tr2', 'p2', 3): 3, ('l1', 'l4', 'tr2', 'p1', 4): 2, ('l1', 'l4', 'tr2', 'p2', 4): 1, ('l1', 'l4', 'tr2', 'p1', 5): 2, ('l1', 'l4', 'tr2', 'p2', 5): 1, ('l1', 'l4', 'tr2', 'p1', 6): 2, ('l1', 'l4', 'tr2', 'p2', 6): 1, ('l1', 'l6', 'tr2', 'p1', 1): 2, ('l1', 'l6', 'tr2', 'p2', 1): 2, ('l1', 'l6', 'tr2', 'p1', 3): 2, ('l1', 'l6', 'tr2', 'p2', 3): 1, ('l1', 'l6', 'tr2', 'p1', 4): 2, ('l1', 'l6', 'tr2', 'p2', 4): 1, ('l1', 'l6', 'tr2', 'p1', 5): 2, ('l1', 'l6', 'tr2', 'p2', 5): 1, ('l1', 'l6', 'tr2', 'p1', 6): 2, ('l1', 'l6', 'tr2', 'p2', 6): 1, ('l2', 'l3', 'tr2', 'p1', 2): 2, ('l2', 'l3', 'tr2', 'p2', 2): 2, ('l2', 'l3', 'tr2', 'p1', 3): 2, ('l2', 'l3', 'tr2', 'p2', 3): 2, ('l2', 'l3', 'tr2', 'p1', 4): 2, ('l2', 'l3', 'tr2', 'p2', 4): 1, ('l2', 'l3', 'tr2', 'p1', 5): 2, ('l2', 'l3', 'tr2', 'p2', 5): 1, ('l2', 'l3', 'tr2', 'p1', 6): 2, ('l2', 'l3', 'tr2', 'p2', 6): 1, ('l2', 'l4', 'tr2', 'p1', 1): 2, ('l3', 'l6', 'tr2', 'p1', 2): 2, ('l3', 'l6', 'tr2', 'p2', 2): 2, ('l3', 'l6', 'tr2', 'p1', 3): 2, ('l3', 'l6', 'tr2', 'p2', 3): 1, ('l3', 'l6', 'tr2', 'p1', 4): 3, ('l3', 'l6', 'tr2', 'p1', 5): 2, ('l3', 'l6', 'tr2', 'p2', 5): 1, ('l4', 'l5', 'tr2', 'p1', 1): 2, ('l4', 'l5', 'tr2', 'p2', 1): 2, ('l4', 'l5', 'tr2', 'p1', 2): 2, ('l4', 'l5', 'tr2', 'p2', 2): 1, ('l4', 'l5', 'tr2', 'p1', 3): 2, ('l4', 'l5', 'tr2', 'p2', 3): 2, ('l4', 'l5', 'tr2', 'p1', 4): 2, ('l4', 'l5', 'tr2', 'p2', 4): 2, ('l4', 'l5', 'tr2', 'p1', 5): 2, ('l4', 'l5', 'tr2', 'p2', 5): 2}
  Verification: PASS
  R_1=0.8333
  K_1=0.8333

  [layered_small_seed4 w=111 s2=even] Stage 2...
  mono=10  conc=16  optimal=True
{('l1', 'l6', 'tr1', 'p2', 1): 4, ('l1', 'l6', 'tr1', 'p2', 2): 4, ('l3', 'l6', 'tr1', 'p1', 1): 1, ('l3', 'l6', 'tr1', 'p2', 1): 3, ('l1', 'l4', 'tr2', 'p1', 1): 1, ('l1', 'l4', 'tr2', 'p2', 1): 1, ('l1', 'l4', 'tr2', 'p1', 2): 1, ('l1', 'l4', 'tr2', 'p2', 2): 1, ('l1', 'l4', 'tr2', 'p1', 3): 1, ('l1', 'l4', 'tr2', 'p2', 3): 1, ('l1', 'l4', 'tr2', 'p1', 4): 1, ('l1', 'l4', 'tr2', 'p2', 4): 3, ('l1', 'l4', 'tr2', 'p1', 5): 1, ('l1', 'l4', 'tr2', 'p2', 5): 3, ('l1', 'l4', 'tr2', 'p1', 6): 3, ('l1', 'l6', 'tr2', 'p1', 1): 1, ('l1', 'l6', 'tr2', 'p2', 1): 1, ('l1', 'l6', 'tr2', 'p1', 2): 1, ('l1', 'l6', 'tr2', 'p2', 2): 1, ('l1', 'l6', 'tr2', 'p1', 3): 1, ('l1', 'l6', 'tr2', 'p2', 3): 1, ('l1', 'l6', 'tr2', 'p1', 4): 1, ('l1', 'l6', 'tr2', 'p2', 4): 3, ('l1', 'l6', 'tr2', 'p1', 5): 3, ('l1', 'l6', 'tr2', 'p1', 6): 3, ('l2', 'l3', 'tr2', 'p1', 1): 1, ('l2', 'l3', 'tr2', 'p2', 1): 1, ('l2', 'l3', 'tr2', 'p1', 2): 1, ('l2', 'l3', 'tr2', 'p2', 2): 1, ('l2', 'l3', 'tr2', 'p1', 3): 1, ('l2', 'l3', 'tr2', 'p2', 3): 1, ('l2', 'l3', 'tr2', 'p1', 4): 1, ('l2', 'l3', 'tr2', 'p2', 4): 1, ('l2', 'l3', 'tr2', 'p1', 5): 1, ('l2', 'l3', 'tr2', 'p2', 5): 1, ('l2', 'l3', 'tr2', 'p1', 6): 3, ('l2', 'l3', 'tr2', 'p1', 7): 2, ('l2', 'l3', 'tr2', 'p2', 7): 2, ('l2', 'l4', 'tr2', 'p1', 1): 2, ('l3', 'l6', 'tr2', 'p1', 1): 1, ('l3', 'l6', 'tr2', 'p1', 2): 1, ('l3', 'l6', 'tr2', 'p2', 2): 3, ('l3', 'l6', 'tr2', 'p1', 3): 1, ('l3', 'l6', 'tr2', 'p2', 3): 1, ('l3', 'l6', 'tr2', 'p1', 4): 3, ('l3', 'l6', 'tr2', 'p1', 5): 3, ('l4', 'l5', 'tr2', 'p1', 1): 1, ('l4', 'l5', 'tr2', 'p2', 1): 1, ('l4', 'l5', 'tr2', 'p1', 2): 1, ('l4', 'l5', 'tr2', 'p2', 2): 1, ('l4', 'l5', 'tr2', 'p2', 3): 5, ('l4', 'l5', 'tr2', 'p1', 4): 1, ('l4', 'l5', 'tr2', 'p2', 4): 1, ('l4', 'l5', 'tr2', 'p1', 5): 1, ('l4', 'l5', 'tr2', 'p2', 5): 1, ('l4', 'l5', 'tr2', 'p1', 6): 3, ('l4', 'l5', 'tr2', 'p1', 7): 3}
  Verification: PASS
  R_1=0.8333
  K_1=0.8333

  [layered_small_seed4 w=111 s2=full] Stage 2...
  mono=10  conc=16  optimal=True
{('l1', 'l6', 'tr1', 'p2', 1): 4, ('l1', 'l6', 'tr1', 'p2', 2): 4, ('l3', 'l6', 'tr1', 'p1', 1): 1, ('l3', 'l6', 'tr1', 'p2', 1): 3, ('l1', 'l4', 'tr2', 'p1', 1): 3, ('l1', 'l4', 'tr2', 'p1', 2): 1, ('l1', 'l4', 'tr2', 'p2', 2): 1, ('l1', 'l4', 'tr2', 'p1', 3): 1, ('l1', 'l4', 'tr2', 'p2', 3): 3, ('l1', 'l4', 'tr2', 'p1', 4): 1, ('l1', 'l4', 'tr2', 'p2', 4): 1, ('l1', 'l4', 'tr2', 'p1', 5): 1, ('l1', 'l4', 'tr2', 'p2', 5): 1, ('l1', 'l4', 'tr2', 'p1', 6): 1, ('l1', 'l4', 'tr2', 'p2', 6): 3, ('l1', 'l6', 'tr2', 'p1', 1): 3, ('l1', 'l6', 'tr2', 'p1', 2): 1, ('l1', 'l6', 'tr2', 'p2', 2): 1, ('l1', 'l6', 'tr2', 'p1', 3): 1, ('l1', 'l6', 'tr2', 'p2', 3): 1, ('l1', 'l6', 'tr2', 'p1', 4): 1, ('l1', 'l6', 'tr2', 'p2', 4): 1, ('l1', 'l6', 'tr2', 'p1', 5): 3, ('l1', 'l6', 'tr2', 'p1', 6): 1, ('l1', 'l6', 'tr2', 'p2', 6): 3, ('l2', 'l3', 'tr2', 'p1', 1): 1, ('l2', 'l3', 'tr2', 'p2', 1): 1, ('l2', 'l3', 'tr2', 'p1', 2): 3, ('l2', 'l3', 'tr2', 'p1', 3): 1, ('l2', 'l3', 'tr2', 'p2', 3): 1, ('l2', 'l3', 'tr2', 'p1', 4): 1, ('l2', 'l3', 'tr2', 'p2', 4): 1, ('l2', 'l3', 'tr2', 'p1', 5): 2, ('l2', 'l3', 'tr2', 'p2', 5): 1, ('l2', 'l3', 'tr2', 'p1', 6): 1, ('l2', 'l3', 'tr2', 'p2', 6): 2, ('l2', 'l3', 'tr2', 'p1', 7): 1, ('l2', 'l3', 'tr2', 'p2', 7): 1, ('l2', 'l4', 'tr2', 'p1', 1): 2, ('l3', 'l6', 'tr2', 'p1', 1): 1, ('l3', 'l6', 'tr2', 'p1', 2): 1, ('l3', 'l6', 'tr2', 'p2', 2): 2, ('l3', 'l6', 'tr2', 'p1', 3): 3, ('l3', 'l6', 'tr2', 'p1', 4): 3, ('l3', 'l6', 'tr2', 'p1', 5): 1, ('l3', 'l6', 'tr2', 'p2', 5): 2, ('l4', 'l5', 'tr2', 'p2', 1): 5, ('l4', 'l5', 'tr2', 'p1', 2): 3, ('l4', 'l5', 'tr2', 'p1', 3): 1, ('l4', 'l5', 'tr2', 'p2', 3): 1, ('l4', 'l5', 'tr2', 'p1', 4): 1, ('l4', 'l5', 'tr2', 'p2', 4): 1, ('l4', 'l5', 'tr2', 'p1', 5): 1, ('l4', 'l5', 'tr2', 'p2', 5): 1, ('l4', 'l5', 'tr2', 'p1', 6): 3, ('l4', 'l5', 'tr2', 'p1', 7): 1, ('l4', 'l5', 'tr2', 'p2', 7): 1}
  Verification: PASS
  R_1=0.8333
  K_1=0.8333
  [relative] lambda=2 -> weight=223

  [layered_small_seed4 w=223] Stage 1 (limit=600s)...
  Stage 1: cost=3816  routes=8  optimal=True
{('l1', 'l4', 'tr2', 'p1'): 6, ('l1', 'l4', 'tr2', 'p2'): 8, ('l1', 'l6', 'tr1', 'p1'): 2, ('l1', 'l6', 'tr1', 'p2'): 6, ('l1', 'l6', 'tr2', 'p1'): 10, ('l1', 'l6', 'tr2', 'p2'): 9, ('l2', 'l3', 'tr2', 'p1'): 8, ('l2', 'l3', 'tr2', 'p2'): 6, ('l2', 'l4', 'tr2', 'p1'): 4, ('l2', 'l4', 'tr2', 'p2'): 1, ('l3', 'l6', 'tr1', 'p1'): 2, ('l3', 'l6', 'tr1', 'p2'): 1, ('l3', 'l6', 'tr2', 'p1'): 6, ('l3', 'l6', 'tr2', 'p2'): 5, ('l4', 'l5', 'tr2', 'p1'): 10, ('l4', 'l5', 'tr2', 'p2'): 9}
  R_TR=0.6667  worst_arc=(l1,l6,tr2)

  [layered_small_seed4 w=223 s2=baseline] Stage 2...
  mono=3  conc=35  optimal=True
{('l1', 'l6', 'tr1', 'p1', 1): 1, ('l1', 'l6', 'tr1', 'p2', 1): 1, ('l1', 'l6', 'tr1', 'p1', 2): 1, ('l1', 'l6', 'tr1', 'p2', 2): 5, ('l3', 'l6', 'tr1', 'p1', 1): 2, ('l3', 'l6', 'tr1', 'p2', 1): 1, ('l1', 'l4', 'tr2', 'p1', 1): 1, ('l1', 'l4', 'tr2', 'p2', 1): 2, ('l1', 'l4', 'tr2', 'p1', 3): 2, ('l1', 'l4', 'tr2', 'p2', 3): 2, ('l1', 'l4', 'tr2', 'p1', 4): 1, ('l1', 'l4', 'tr2', 'p2', 4): 2, ('l1', 'l4', 'tr2', 'p1', 5): 2, ('l1', 'l4', 'tr2', 'p2', 5): 2, ('l1', 'l6', 'tr2', 'p1', 2): 2, ('l1', 'l6', 'tr2', 'p2', 2): 2, ('l1', 'l6', 'tr2', 'p1', 3): 2, ('l1', 'l6', 'tr2', 'p2', 3): 2, ('l1', 'l6', 'tr2', 'p1', 5): 2, ('l1', 'l6', 'tr2', 'p2', 5): 2, ('l1', 'l6', 'tr2', 'p1', 6): 3, ('l1', 'l6', 'tr2', 'p1', 7): 1, ('l1', 'l6', 'tr2', 'p2', 7): 3, ('l2', 'l3', 'tr2', 'p1', 1): 2, ('l2', 'l3', 'tr2', 'p2', 1): 1, ('l2', 'l3', 'tr2', 'p1', 2): 2, ('l2', 'l3', 'tr2', 'p2', 2): 2, ('l2', 'l3', 'tr2', 'p1', 3): 2, ('l2', 'l3', 'tr2', 'p2', 3): 2, ('l2', 'l3', 'tr2', 'p1', 6): 2, ('l2', 'l3', 'tr2', 'p2', 6): 1, ('l2', 'l4', 'tr2', 'p1', 1): 2, ('l2', 'l4', 'tr2', 'p2', 1): 1, ('l2', 'l4', 'tr2', 'p1', 2): 2, ('l3', 'l6', 'tr2', 'p1', 2): 2, ('l3', 'l6', 'tr2', 'p2', 2): 2, ('l3', 'l6', 'tr2', 'p1', 3): 2, ('l3', 'l6', 'tr2', 'p2', 3): 1, ('l3', 'l6', 'tr2', 'p1', 4): 2, ('l3', 'l6', 'tr2', 'p2', 4): 2, ('l4', 'l5', 'tr2', 'p1', 1): 2, ('l4', 'l5', 'tr2', 'p2', 1): 2, ('l4', 'l5', 'tr2', 'p1', 2): 2, ('l4', 'l5', 'tr2', 'p2', 2): 2, ('l4', 'l5', 'tr2', 'p1', 3): 2, ('l4', 'l5', 'tr2', 'p2', 3): 2, ('l4', 'l5', 'tr2', 'p1', 5): 1, ('l4', 'l5', 'tr2', 'p2', 5): 3, ('l4', 'l5', 'tr2', 'p1', 7): 3}
  Verification: PASS
  R_1=0.8333
  K_1=0.8333

  [layered_small_seed4 w=223 s2=mixed] Stage 2...
  mono=1  conc=35  optimal=True
{('l1', 'l6', 'tr1', 'p1', 1): 1, ('l1', 'l6', 'tr1', 'p2', 1): 3, ('l1', 'l6', 'tr1', 'p1', 2): 1, ('l1', 'l6', 'tr1', 'p2', 2): 3, ('l3', 'l6', 'tr1', 'p1', 1): 2, ('l3', 'l6', 'tr1', 'p2', 1): 1, ('l1', 'l4', 'tr2', 'p1', 1): 1, ('l1', 'l4', 'tr2', 'p2', 1): 1, ('l1', 'l4', 'tr2', 'p1', 3): 1, ('l1', 'l4', 'tr2', 'p2', 3): 3, ('l1', 'l4', 'tr2', 'p1', 4): 2, ('l1', 'l4', 'tr2', 'p2', 4): 2, ('l1', 'l4', 'tr2', 'p1', 5): 2, ('l1', 'l4', 'tr2', 'p2', 5): 2, ('l1', 'l6', 'tr2', 'p1', 2): 2, ('l1', 'l6', 'tr2', 'p2', 2): 2, ('l1', 'l6', 'tr2', 'p1', 3): 2, ('l1', 'l6', 'tr2', 'p2', 3): 2, ('l1', 'l6', 'tr2', 'p1', 4): 2, ('l1', 'l6', 'tr2', 'p2', 4): 1, ('l1', 'l6', 'tr2', 'p1', 5): 2, ('l1', 'l6', 'tr2', 'p2', 5): 2, ('l1', 'l6', 'tr2', 'p1', 6): 2, ('l1', 'l6', 'tr2', 'p2', 6): 2, ('l2', 'l3', 'tr2', 'p1', 1): 2, ('l2', 'l3', 'tr2', 'p2', 1): 1, ('l2', 'l3', 'tr2', 'p1', 2): 2, ('l2', 'l3', 'tr2', 'p2', 2): 2, ('l2', 'l3', 'tr2', 'p1', 3): 2, ('l2', 'l3', 'tr2', 'p2', 3): 1, ('l2', 'l3', 'tr2', 'p1', 5): 2, ('l2', 'l3', 'tr2', 'p2', 5): 2, ('l2', 'l4', 'tr2', 'p1', 1): 2, ('l2', 'l4', 'tr2', 'p1', 2): 2, ('l2', 'l4', 'tr2', 'p2', 2): 1, ('l3', 'l6', 'tr2', 'p1', 2): 2, ('l3', 'l6', 'tr2', 'p2', 2): 2, ('l3', 'l6', 'tr2', 'p1', 3): 2, ('l3', 'l6', 'tr2', 'p2', 3): 1, ('l3', 'l6', 'tr2', 'p1', 4): 2, ('l3', 'l6', 'tr2', 'p2', 4): 2, ('l4', 'l5', 'tr2', 'p1', 3): 2, ('l4', 'l5', 'tr2', 'p2', 3): 1, ('l4', 'l5', 'tr2', 'p1', 4): 2, ('l4', 'l5', 'tr2', 'p2', 4): 2, ('l4', 'l5', 'tr2', 'p1', 5): 2, ('l4', 'l5', 'tr2', 'p2', 5): 2, ('l4', 'l5', 'tr2', 'p1', 6): 2, ('l4', 'l5', 'tr2', 'p2', 6): 2, ('l4', 'l5', 'tr2', 'p1', 7): 2, ('l4', 'l5', 'tr2', 'p2', 7): 2}
  Verification: PASS
  R_1=0.9
  K_1=0.9

  [layered_small_seed4 w=223 s2=even] Stage 2...
  mono=11  conc=13  optimal=True
{('l1', 'l6', 'tr1', 'p1', 1): 1, ('l1', 'l6', 'tr1', 'p2', 1): 3, ('l1', 'l6', 'tr1', 'p1', 2): 1, ('l1', 'l6', 'tr1', 'p2', 2): 3, ('l3', 'l6', 'tr1', 'p1', 1): 2, ('l3', 'l6', 'tr1', 'p2', 1): 1, ('l1', 'l4', 'tr2', 'p1', 1): 1, ('l1', 'l4', 'tr2', 'p2', 1): 1, ('l1', 'l4', 'tr2', 'p1', 2): 1, ('l1', 'l4', 'tr2', 'p2', 2): 1, ('l1', 'l4', 'tr2', 'p2', 3): 5, ('l1', 'l4', 'tr2', 'p1', 4): 1, ('l1', 'l4', 'tr2', 'p2', 4): 1, ('l1', 'l4', 'tr2', 'p1', 5): 3, ('l1', 'l6', 'tr2', 'p1', 1): 3, ('l1', 'l6', 'tr2', 'p1', 2): 3, ('l1', 'l6', 'tr2', 'p1', 3): 1, ('l1', 'l6', 'tr2', 'p2', 3): 1, ('l1', 'l6', 'tr2', 'p2', 4): 5, ('l1', 'l6', 'tr2', 'p1', 5): 1, ('l1', 'l6', 'tr2', 'p2', 5): 1, ('l1', 'l6', 'tr2', 'p1', 6): 1, ('l1', 'l6', 'tr2', 'p2', 6): 1, ('l1', 'l6', 'tr2', 'p1', 7): 1, ('l1', 'l6', 'tr2', 'p2', 7): 1, ('l2', 'l3', 'tr2', 'p1', 1): 1, ('l2', 'l3', 'tr2', 'p2', 1): 1, ('l2', 'l3', 'tr2', 'p1', 2): 3, ('l2', 'l3', 'tr2', 'p1', 3): 1, ('l2', 'l3', 'tr2', 'p2', 3): 1, ('l2', 'l3', 'tr2', 'p1', 4): 1, ('l2', 'l3', 'tr2', 'p2', 4): 2, ('l2', 'l3', 'tr2', 'p1', 5): 1, ('l2', 'l3', 'tr2', 'p2', 5): 1, ('l2', 'l3', 'tr2', 'p1', 6): 1, ('l2', 'l3', 'tr2', 'p2', 6): 1, ('l2', 'l4', 'tr2', 'p1', 1): 2, ('l2', 'l4', 'tr2', 'p2', 1): 1, ('l2', 'l4', 'tr2', 'p1', 2): 2, ('l3', 'l6', 'tr2', 'p1', 1): 1, ('l3', 'l6', 'tr2', 'p2', 1): 1, ('l3', 'l6', 'tr2', 'p1', 2): 1, ('l3', 'l6', 'tr2', 'p2', 2): 1, ('l3', 'l6', 'tr2', 'p1', 3): 1, ('l3', 'l6', 'tr2', 'p2', 3): 3, ('l3', 'l6', 'tr2', 'p1', 4): 3, ('l4', 'l5', 'tr2', 'p1', 1): 3, ('l4', 'l5', 'tr2', 'p1', 2): 1, ('l4', 'l5', 'tr2', 'p2', 2): 1, ('l4', 'l5', 'tr2', 'p1', 3): 1, ('l4', 'l5', 'tr2', 'p2', 3): 1, ('l4', 'l5', 'tr2', 'p1', 4): 1, ('l4', 'l5', 'tr2', 'p2', 4): 1, ('l4', 'l5', 'tr2', 'p1', 5): 1, ('l4', 'l5', 'tr2', 'p2', 5): 1, ('l4', 'l5', 'tr2', 'p1', 6): 3, ('l4', 'l5', 'tr2', 'p2', 7): 5}
  Verification: PASS
  R_1=0.8333
  K_1=0.8333

  [layered_small_seed4 w=223 s2=full] Stage 2...
  mono=11  conc=13  optimal=True
{('l1', 'l6', 'tr1', 'p1', 1): 1, ('l1', 'l6', 'tr1', 'p2', 1): 3, ('l1', 'l6', 'tr1', 'p1', 2): 1, ('l1', 'l6', 'tr1', 'p2', 2): 3, ('l3', 'l6', 'tr1', 'p1', 1): 2, ('l3', 'l6', 'tr1', 'p2', 1): 1, ('l1', 'l4', 'tr2', 'p1', 1): 1, ('l1', 'l4', 'tr2', 'p2', 1): 1, ('l1', 'l4', 'tr2', 'p2', 2): 5, ('l1', 'l4', 'tr2', 'p1', 3): 1, ('l1', 'l4', 'tr2', 'p2', 3): 1, ('l1', 'l4', 'tr2', 'p1', 4): 1, ('l1', 'l4', 'tr2', 'p2', 4): 1, ('l1', 'l4', 'tr2', 'p1', 5): 3, ('l1', 'l6', 'tr2', 'p1', 1): 3, ('l1', 'l6', 'tr2', 'p1', 2): 1, ('l1', 'l6', 'tr2', 'p2', 2): 1, ('l1', 'l6', 'tr2', 'p1', 3): 1, ('l1', 'l6', 'tr2', 'p2', 3): 1, ('l1', 'l6', 'tr2', 'p1', 4): 1, ('l1', 'l6', 'tr2', 'p2', 4): 1, ('l1', 'l6', 'tr2', 'p1', 5): 3, ('l1', 'l6', 'tr2', 'p1', 6): 1, ('l1', 'l6', 'tr2', 'p2', 6): 1, ('l1', 'l6', 'tr2', 'p2', 7): 5, ('l2', 'l3', 'tr2', 'p1', 1): 1, ('l2', 'l3', 'tr2', 'p2', 1): 1, ('l2', 'l3', 'tr2', 'p1', 2): 1, ('l2', 'l3', 'tr2', 'p2', 2): 1, ('l2', 'l3', 'tr2', 'p1', 3): 1, ('l2', 'l3', 'tr2', 'p2', 3): 1, ('l2', 'l3', 'tr2', 'p1', 4): 1, ('l2', 'l3', 'tr2', 'p2', 4): 1, ('l2', 'l3', 'tr2', 'p1', 5): 1, ('l2', 'l3', 'tr2', 'p2', 5): 2, ('l2', 'l3', 'tr2', 'p1', 6): 3, ('l2', 'l4', 'tr2', 'p1', 1): 2, ('l2', 'l4', 'tr2', 'p1', 2): 2, ('l2', 'l4', 'tr2', 'p2', 2): 1, ('l3', 'l6', 'tr2', 'p1', 1): 1, ('l3', 'l6', 'tr2', 'p2', 1): 1, ('l3', 'l6', 'tr2', 'p1', 2): 3, ('l3', 'l6', 'tr2', 'p1', 3): 1, ('l3', 'l6', 'tr2', 'p2', 3): 1, ('l3', 'l6', 'tr2', 'p1', 4): 1, ('l3', 'l6', 'tr2', 'p2', 4): 3, ('l4', 'l5', 'tr2', 'p1', 1): 1, ('l4', 'l5', 'tr2', 'p2', 1): 1, ('l4', 'l5', 'tr2', 'p1', 2): 3, ('l4', 'l5', 'tr2', 'p1', 3): 1, ('l4', 'l5', 'tr2', 'p2', 3): 1, ('l4', 'l5', 'tr2', 'p1', 4): 1, ('l4', 'l5', 'tr2', 'p2', 4): 1, ('l4', 'l5', 'tr2', 'p1', 5): 1, ('l4', 'l5', 'tr2', 'p2', 5): 1, ('l4', 'l5', 'tr2', 'p1', 6): 3, ('l4', 'l5', 'tr2', 'p2', 7): 5}
  Verification: PASS
  R_1=0.8333
  K_1=0.8333
  [relative] lambda=4 -> weight=445

  [layered_small_seed4 w=445] Stage 1 (limit=600s)...
  Stage 1: cost=3816  routes=8  optimal=True
{('l1', 'l4', 'tr2', 'p1'): 8, ('l1', 'l4', 'tr2', 'p2'): 9, ('l1', 'l6', 'tr1', 'p1'): 3, ('l1', 'l6', 'tr1', 'p2'): 4, ('l1', 'l6', 'tr2', 'p1'): 7, ('l1', 'l6', 'tr2', 'p2'): 10, ('l2', 'l3', 'tr2', 'p1'): 10, ('l2', 'l3', 'tr2', 'p2'): 7, ('l2', 'l4', 'tr2', 'p1'): 2, ('l3', 'l6', 'tr1', 'p1'): 1, ('l3', 'l6', 'tr1', 'p2'): 3, ('l3', 'l6', 'tr2', 'p1'): 9, ('l3', 'l6', 'tr2', 'p2'): 4, ('l4', 'l5', 'tr2', 'p1'): 10, ('l4', 'l5', 'tr2', 'p2'): 9}
  R_TR=0.6667  worst_arc=(l1,l6,tr2)

  [layered_small_seed4 w=445 s2=baseline] Stage 2...
  mono=11  conc=33  optimal=True
{('l1', 'l6', 'tr1', 'p1', 1): 2, ('l1', 'l6', 'tr1', 'p1', 2): 1, ('l1', 'l6', 'tr1', 'p2', 2): 4, ('l3', 'l6', 'tr1', 'p1', 1): 1, ('l3', 'l6', 'tr1', 'p2', 1): 3, ('l1', 'l4', 'tr2', 'p2', 1): 4, ('l1', 'l4', 'tr2', 'p1', 3): 1, ('l1', 'l4', 'tr2', 'p2', 3): 3, ('l1', 'l4', 'tr2', 'p1', 4): 2, ('l1', 'l4', 'tr2', 'p2', 4): 1, ('l1', 'l4', 'tr2', 'p1', 5): 3, ('l1', 'l4', 'tr2', 'p1', 6): 2, ('l1', 'l4', 'tr2', 'p2', 6): 1, ('l1', 'l6', 'tr2', 'p1', 1): 3, ('l1', 'l6', 'tr2', 'p2', 2): 4, ('l1', 'l6', 'tr2', 'p2', 3): 4, ('l1', 'l6', 'tr2', 'p1', 4): 1, ('l1', 'l6', 'tr2', 'p2', 4): 2, ('l1', 'l6', 'tr2', 'p1', 6): 3, ('l2', 'l3', 'tr2', 'p1', 1): 2, ('l2', 'l3', 'tr2', 'p2', 1): 1, ('l2', 'l3', 'tr2', 'p1', 2): 2, ('l2', 'l3', 'tr2', 'p2', 2): 2, ('l2', 'l3', 'tr2', 'p1', 3): 2, ('l2', 'l3', 'tr2', 'p2', 3): 2, ('l2', 'l3', 'tr2', 'p1', 6): 2, ('l2', 'l3', 'tr2', 'p2', 6): 1, ('l2', 'l3', 'tr2', 'p1', 7): 2, ('l2', 'l3', 'tr2', 'p2', 7): 1, ('l2', 'l4', 'tr2', 'p1', 1): 2, ('l3', 'l6', 'tr2', 'p1', 1): 2, ('l3', 'l6', 'tr2', 'p2', 1): 1, ('l3', 'l6', 'tr2', 'p1', 2): 2, ('l3', 'l6', 'tr2', 'p2', 2): 1, ('l3', 'l6', 'tr2', 'p1', 3): 2, ('l3', 'l6', 'tr2', 'p2', 3): 2, ('l3', 'l6', 'tr2', 'p1', 4): 3, ('l4', 'l5', 'tr2', 'p1', 1): 2, ('l4', 'l5', 'tr2', 'p2', 1): 2, ('l4', 'l5', 'tr2', 'p1', 2): 3, ('l4', 'l5', 'tr2', 'p2', 4): 5, ('l4', 'l5', 'tr2', 'p1', 5): 3, ('l4', 'l5', 'tr2', 'p1', 7): 2, ('l4', 'l5', 'tr2', 'p2', 7): 2}
  Verification: PASS
  R_1=0.8333
  K_1=0.8333

  [layered_small_seed4 w=445 s2=mixed] Stage 2...
  mono=1  conc=35  optimal=True
{('l1', 'l6', 'tr1', 'p1', 1): 2, ('l1', 'l6', 'tr1', 'p2', 1): 2, ('l1', 'l6', 'tr1', 'p1', 2): 1, ('l1', 'l6', 'tr1', 'p2', 2): 2, ('l3', 'l6', 'tr1', 'p1', 1): 1, ('l3', 'l6', 'tr1', 'p2', 1): 3, ('l1', 'l4', 'tr2', 'p1', 1): 1, ('l1', 'l4', 'tr2', 'p2', 1): 3, ('l1', 'l4', 'tr2', 'p1', 2): 2, ('l1', 'l4', 'tr2', 'p2', 2): 1, ('l1', 'l4', 'tr2', 'p1', 3): 2, ('l1', 'l4', 'tr2', 'p2', 3): 1, ('l1', 'l4', 'tr2', 'p1', 4): 2, ('l1', 'l4', 'tr2', 'p2', 4): 1, ('l1', 'l4', 'tr2', 'p1', 5): 1, ('l1', 'l4', 'tr2', 'p2', 5): 3, ('l1', 'l6', 'tr2', 'p1', 1): 2, ('l1', 'l6', 'tr2', 'p2', 1): 2, ('l1', 'l6', 'tr2', 'p1', 2): 1, ('l1', 'l6', 'tr2', 'p2', 2): 1, ('l1', 'l6', 'tr2', 'p1', 3): 1, ('l1', 'l6', 'tr2', 'p2', 3): 3, ('l1', 'l6', 'tr2', 'p1', 4): 1, ('l1', 'l6', 'tr2', 'p2', 4): 2, ('l1', 'l6', 'tr2', 'p1', 5): 2, ('l1', 'l6', 'tr2', 'p2', 5): 2, ('l2', 'l3', 'tr2', 'p1', 1): 2, ('l2', 'l3', 'tr2', 'p2', 1): 2, ('l2', 'l3', 'tr2', 'p1', 2): 2, ('l2', 'l3', 'tr2', 'p2', 2): 1, ('l2', 'l3', 'tr2', 'p1', 3): 2, ('l2', 'l3', 'tr2', 'p2', 3): 1, ('l2', 'l3', 'tr2', 'p1', 4): 2, ('l2', 'l3', 'tr2', 'p2', 4): 1, ('l2', 'l3', 'tr2', 'p1', 6): 2, ('l2', 'l3', 'tr2', 'p2', 6): 2, ('l2', 'l4', 'tr2', 'p1', 1): 2, ('l3', 'l6', 'tr2', 'p1', 1): 2, ('l3', 'l6', 'tr2', 'p2', 1): 1, ('l3', 'l6', 'tr2', 'p1', 2): 2, ('l3', 'l6', 'tr2', 'p2', 2): 1, ('l3', 'l6', 'tr2', 'p1', 3): 3, ('l3', 'l6', 'tr2', 'p1', 4): 2, ('l3', 'l6', 'tr2', 'p2', 4): 2, ('l4', 'l5', 'tr2', 'p1', 2): 2, ('l4', 'l5', 'tr2', 'p2', 2): 2, ('l4', 'l5', 'tr2', 'p1', 3): 2, ('l4', 'l5', 'tr2', 'p2', 3): 2, ('l4', 'l5', 'tr2', 'p1', 4): 2, ('l4', 'l5', 'tr2', 'p2', 4): 1, ('l4', 'l5', 'tr2', 'p1', 5): 2, ('l4', 'l5', 'tr2', 'p2', 5): 2, ('l4', 'l5', 'tr2', 'p1', 6): 2, ('l4', 'l5', 'tr2', 'p2', 6): 2}
  Verification: PASS
  R_1=0.9
  K_1=0.9

  [layered_small_seed4 w=445 s2=even] Stage 2...
  mono=15  conc=17  optimal=True
{('l1', 'l6', 'tr1', 'p1', 1): 3, ('l1', 'l6', 'tr1', 'p2', 1): 2, ('l1', 'l6', 'tr1', 'p2', 2): 2, ('l3', 'l6', 'tr1', 'p1', 1): 1, ('l3', 'l6', 'tr1', 'p2', 1): 3, ('l1', 'l4', 'tr2', 'p1', 1): 1, ('l1', 'l4', 'tr2', 'p2', 1): 1, ('l1', 'l4', 'tr2', 'p1', 2): 1, ('l1', 'l4', 'tr2', 'p2', 2): 3, ('l1', 'l4', 'tr2', 'p1', 3): 1, ('l1', 'l4', 'tr2', 'p2', 3): 1, ('l1', 'l4', 'tr2', 'p1', 4): 1, ('l1', 'l4', 'tr2', 'p2', 4): 1, ('l1', 'l4', 'tr2', 'p1', 5): 1, ('l1', 'l4', 'tr2', 'p2', 5): 3, ('l1', 'l4', 'tr2', 'p1', 6): 3, ('l1', 'l6', 'tr2', 'p2', 1): 4, ('l1', 'l6', 'tr2', 'p1', 2): 1, ('l1', 'l6', 'tr2', 'p2', 2): 1, ('l1', 'l6', 'tr2', 'p1', 3): 1, ('l1', 'l6', 'tr2', 'p2', 3): 1, ('l1', 'l6', 'tr2', 'p1', 4): 3, ('l1', 'l6', 'tr2', 'p1', 5): 1, ('l1', 'l6', 'tr2', 'p2', 5): 1, ('l1', 'l6', 'tr2', 'p1', 6): 1, ('l1', 'l6', 'tr2', 'p2', 6): 3, ('l2', 'l3', 'tr2', 'p1', 1): 1, ('l2', 'l3', 'tr2', 'p2', 1): 1, ('l2', 'l3', 'tr2', 'p1', 2): 1, ('l2', 'l3', 'tr2', 'p1', 3): 3, ('l2', 'l3', 'tr2', 'p1', 4): 3, ('l2', 'l3', 'tr2', 'p1', 5): 1, ('l2', 'l3', 'tr2', 'p2', 5): 1, ('l2', 'l3', 'tr2', 'p1', 6): 1, ('l2', 'l3', 'tr2', 'p2', 7): 5, ('l2', 'l4', 'tr2', 'p1', 1): 2, ('l3', 'l6', 'tr2', 'p1', 1): 3, ('l3', 'l6', 'tr2', 'p1', 2): 3, ('l3', 'l6', 'tr2', 'p1', 3): 1, ('l3', 'l6', 'tr2', 'p2', 3): 3, ('l3', 'l6', 'tr2', 'p1', 4): 1, ('l3', 'l6', 'tr2', 'p2', 4): 1, ('l3', 'l6', 'tr2', 'p1', 5): 1, ('l4', 'l5', 'tr2', 'p1', 1): 1, ('l4', 'l5', 'tr2', 'p2', 1): 1, ('l4', 'l5', 'tr2', 'p1', 2): 1, ('l4', 'l5', 'tr2', 'p2', 2): 1, ('l4', 'l5', 'tr2', 'p1', 3): 3, ('l4', 'l5', 'tr2', 'p1', 4): 1, ('l4', 'l5', 'tr2', 'p2', 4): 1, ('l4', 'l5', 'tr2', 'p1', 5): 3, ('l4', 'l5', 'tr2', 'p1', 6): 1, ('l4', 'l5', 'tr2', 'p2', 6): 1, ('l4', 'l5', 'tr2', 'p2', 7): 5}
  Verification: PASS
  R_1=0.8333
  K_1=0.8333

  [layered_small_seed4 w=445 s2=full] Stage 2...
  mono=8  conc=17  optimal=True
{('l1', 'l6', 'tr1', 'p1', 1): 1, ('l1', 'l6', 'tr1', 'p2', 1): 2, ('l1', 'l6', 'tr1', 'p1', 2): 2, ('l1', 'l6', 'tr1', 'p2', 2): 2, ('l3', 'l6', 'tr1', 'p1', 1): 1, ('l3', 'l6', 'tr1', 'p2', 1): 3, ('l1', 'l4', 'tr2', 'p1', 1): 3, ('l1', 'l4', 'tr2', 'p1', 2): 1, ('l1', 'l4', 'tr2', 'p2', 2): 3, ('l1', 'l4', 'tr2', 'p1', 3): 1, ('l1', 'l4', 'tr2', 'p2', 3): 3, ('l1', 'l4', 'tr2', 'p1', 4): 1, ('l1', 'l4', 'tr2', 'p2', 4): 1, ('l1', 'l4', 'tr2', 'p1', 5): 1, ('l1', 'l4', 'tr2', 'p2', 5): 1, ('l1', 'l4', 'tr2', 'p1', 6): 1, ('l1', 'l4', 'tr2', 'p2', 6): 1, ('l1', 'l6', 'tr2', 'p1', 1): 1, ('l1', 'l6', 'tr2', 'p2', 1): 1, ('l1', 'l6', 'tr2', 'p1', 2): 1, ('l1', 'l6', 'tr2', 'p2', 2): 3, ('l1', 'l6', 'tr2', 'p1', 3): 1, ('l1', 'l6', 'tr2', 'p2', 3): 1, ('l1', 'l6', 'tr2', 'p1', 4): 1, ('l1', 'l6', 'tr2', 'p2', 4): 3, ('l1', 'l6', 'tr2', 'p1', 5): 1, ('l1', 'l6', 'tr2', 'p2', 5): 1, ('l1', 'l6', 'tr2', 'p1', 6): 2, ('l1', 'l6', 'tr2', 'p2', 6): 1, ('l2', 'l3', 'tr2', 'p1', 1): 1, ('l2', 'l3', 'tr2', 'p2', 1): 1, ('l2', 'l3', 'tr2', 'p1', 2): 2, ('l2', 'l3', 'tr2', 'p2', 2): 1, ('l2', 'l3', 'tr2', 'p1', 3): 1, ('l2', 'l3', 'tr2', 'p2', 3): 1, ('l2', 'l3', 'tr2', 'p1', 4): 1, ('l2', 'l3', 'tr2', 'p2', 4): 1, ('l2', 'l3', 'tr2', 'p1', 5): 3, ('l2', 'l3', 'tr2', 'p1', 6): 1, ('l2', 'l3', 'tr2', 'p2', 6): 2, ('l2', 'l3', 'tr2', 'p1', 7): 1, ('l2', 'l3', 'tr2', 'p2', 7): 1, ('l2', 'l4', 'tr2', 'p1', 1): 2, ('l3', 'l6', 'tr2', 'p1', 1): 1, ('l3', 'l6', 'tr2', 'p2', 1): 2, ('l3', 'l6', 'tr2', 'p1', 2): 3, ('l3', 'l6', 'tr2', 'p1', 3): 1, ('l3', 'l6', 'tr2', 'p1', 4): 3, ('l3', 'l6', 'tr2', 'p1', 5): 1, ('l3', 'l6', 'tr2', 'p2', 5): 2, ('l4', 'l5', 'tr2', 'p1', 1): 3, ('l4', 'l5', 'tr2', 'p1', 2): 1, ('l4', 'l5', 'tr2', 'p2', 2): 1, ('l4', 'l5', 'tr2', 'p1', 3): 1, ('l4', 'l5', 'tr2', 'p2', 3): 1, ('l4', 'l5', 'tr2', 'p1', 4): 1, ('l4', 'l5', 'tr2', 'p2', 4): 1, ('l4', 'l5', 'tr2', 'p1', 5): 3, ('l4', 'l5', 'tr2', 'p1', 6): 1, ('l4', 'l5', 'tr2', 'p2', 6): 1, ('l4', 'l5', 'tr2', 'p2', 7): 5}
  Verification: PASS
  R_1=0.8333
  K_1=0.8333
  [relative] lambda=8 -> weight=890

  [layered_small_seed4 w=890] Stage 1 (limit=600s)...
  Stage 1: cost=3816  routes=8  optimal=True
{('l1', 'l4', 'tr2', 'p1'): 6, ('l1', 'l4', 'tr2', 'p2'): 8, ('l1', 'l6', 'tr1', 'p1'): 2, ('l1', 'l6', 'tr1', 'p2'): 6, ('l1', 'l6', 'tr2', 'p1'): 10, ('l1', 'l6', 'tr2', 'p2'): 9, ('l2', 'l3', 'tr2', 'p1'): 8, ('l2', 'l3', 'tr2', 'p2'): 6, ('l2', 'l4', 'tr2', 'p1'): 4, ('l2', 'l4', 'tr2', 'p2'): 1, ('l3', 'l6', 'tr1', 'p1'): 1, ('l3', 'l6', 'tr1', 'p2'): 3, ('l3', 'l6', 'tr2', 'p1'): 7, ('l3', 'l6', 'tr2', 'p2'): 3, ('l4', 'l5', 'tr2', 'p1'): 10, ('l4', 'l5', 'tr2', 'p2'): 9}
  R_TR=0.6667  worst_arc=(l1,l6,tr2)

  [layered_small_seed4 w=890 s2=baseline] Stage 2...
  mono=6  conc=33  optimal=True
{('l1', 'l6', 'tr1', 'p1', 1): 2, ('l1', 'l6', 'tr1', 'p2', 1): 3, ('l1', 'l6', 'tr1', 'p2', 2): 3, ('l3', 'l6', 'tr1', 'p1', 1): 1, ('l3', 'l6', 'tr1', 'p2', 1): 3, ('l1', 'l4', 'tr2', 'p1', 1): 2, ('l1', 'l4', 'tr2', 'p2', 1): 1, ('l1', 'l4', 'tr2', 'p2', 2): 5, ('l1', 'l4', 'tr2', 'p1', 4): 2, ('l1', 'l4', 'tr2', 'p2', 4): 1, ('l1', 'l4', 'tr2', 'p1', 5): 2, ('l1', 'l4', 'tr2', 'p2', 5): 1, ('l1', 'l6', 'tr2', 'p1', 2): 3, ('l1', 'l6', 'tr2', 'p1', 4): 2, ('l1', 'l6', 'tr2', 'p2', 4): 2, ('l1', 'l6', 'tr2', 'p1', 5): 1, ('l1', 'l6', 'tr2', 'p2', 5): 3, ('l1', 'l6', 'tr2', 'p1', 6): 2, ('l1', 'l6', 'tr2', 'p2', 6): 2, ('l1', 'l6', 'tr2', 'p1', 7): 2, ('l1', 'l6', 'tr2', 'p2', 7): 2, ('l2', 'l3', 'tr2', 'p1', 2): 2, ('l2', 'l3', 'tr2', 'p2', 2): 2, ('l2', 'l3', 'tr2', 'p1', 3): 2, ('l2', 'l3', 'tr2', 'p2', 3): 2, ('l2', 'l3', 'tr2', 'p1', 5): 2, ('l2', 'l3', 'tr2', 'p2', 5): 1, ('l2', 'l3', 'tr2', 'p1', 6): 2, ('l2', 'l3', 'tr2', 'p2', 6): 1, ('l2', 'l4', 'tr2', 'p1', 1): 2, ('l2', 'l4', 'tr2', 'p2', 1): 1, ('l2', 'l4', 'tr2', 'p1', 2): 2, ('l3', 'l6', 'tr2', 'p1', 1): 2, ('l3', 'l6', 'tr2', 'p2', 1): 2, ('l3', 'l6', 'tr2', 'p1', 2): 2, ('l3', 'l6', 'tr2', 'p2', 2): 1, ('l3', 'l6', 'tr2', 'p1', 3): 3, ('l4', 'l5', 'tr2', 'p1', 2): 1, ('l4', 'l5', 'tr2', 'p2', 2): 3, ('l4', 'l5', 'tr2', 'p1', 4): 2, ('l4', 'l5', 'tr2', 'p2', 4): 2, ('l4', 'l5', 'tr2', 'p1', 5): 3, ('l4', 'l5', 'tr2', 'p1', 6): 2, ('l4', 'l5', 'tr2', 'p2', 6): 2, ('l4', 'l5', 'tr2', 'p1', 7): 2, ('l4', 'l5', 'tr2', 'p2', 7): 2}
  Verification: PASS
  R_1=0.8333
  K_1=0.8333

  [layered_small_seed4 w=890 s2=mixed] Stage 2...
  mono=2  conc=35  optimal=True
{('l1', 'l6', 'tr1', 'p1', 1): 1, ('l1', 'l6', 'tr1', 'p2', 1): 3, ('l1', 'l6', 'tr1', 'p1', 2): 1, ('l1', 'l6', 'tr1', 'p2', 2): 3, ('l3', 'l6', 'tr1', 'p1', 1): 1, ('l3', 'l6', 'tr1', 'p2', 1): 3, ('l1', 'l4', 'tr2', 'p1', 2): 1, ('l1', 'l4', 'tr2', 'p2', 2): 3, ('l1', 'l4', 'tr2', 'p1', 3): 2, ('l1', 'l4', 'tr2', 'p2', 3): 1, ('l1', 'l4', 'tr2', 'p1', 4): 1, ('l1', 'l4', 'tr2', 'p2', 4): 2, ('l1', 'l4', 'tr2', 'p1', 5): 2, ('l1', 'l4', 'tr2', 'p2', 5): 2, ('l1', 'l6', 'tr2', 'p1', 1): 2, ('l1', 'l6', 'tr2', 'p2', 1): 2, ('l1', 'l6', 'tr2', 'p1', 4): 2, ('l1', 'l6', 'tr2', 'p2', 4): 2, ('l1', 'l6', 'tr2', 'p1', 5): 2, ('l1', 'l6', 'tr2', 'p2', 5): 1, ('l1', 'l6', 'tr2', 'p1', 6): 2, ('l1', 'l6', 'tr2', 'p2', 6): 2, ('l1', 'l6', 'tr2', 'p1', 7): 2, ('l1', 'l6', 'tr2', 'p2', 7): 2, ('l2', 'l3', 'tr2', 'p1', 1): 2, ('l2', 'l3', 'tr2', 'p2', 1): 2, ('l2', 'l3', 'tr2', 'p1', 4): 2, ('l2', 'l3', 'tr2', 'p2', 4): 1, ('l2', 'l3', 'tr2', 'p1', 5): 2, ('l2', 'l3', 'tr2', 'p2', 5): 1, ('l2', 'l3', 'tr2', 'p1', 6): 2, ('l2', 'l3', 'tr2', 'p2', 6): 2, ('l2', 'l4', 'tr2', 'p1', 1): 2, ('l2', 'l4', 'tr2', 'p1', 2): 2, ('l2', 'l4', 'tr2', 'p2', 2): 1, ('l3', 'l6', 'tr2', 'p1', 1): 3, ('l3', 'l6', 'tr2', 'p1', 3): 2, ('l3', 'l6', 'tr2', 'p2', 3): 1, ('l3', 'l6', 'tr2', 'p1', 4): 2, ('l3', 'l6', 'tr2', 'p2', 4): 2, ('l4', 'l5', 'tr2', 'p1', 1): 2, ('l4', 'l5', 'tr2', 'p2', 1): 2, ('l4', 'l5', 'tr2', 'p1', 2): 2, ('l4', 'l5', 'tr2', 'p2', 2): 2, ('l4', 'l5', 'tr2', 'p1', 3): 2, ('l4', 'l5', 'tr2', 'p2', 3): 2, ('l4', 'l5', 'tr2', 'p1', 5): 2, ('l4', 'l5', 'tr2', 'p2', 5): 2, ('l4', 'l5', 'tr2', 'p1', 7): 2, ('l4', 'l5', 'tr2', 'p2', 7): 1}
  Verification: PASS
  R_1=0.9
  K_1=0.9

  [layered_small_seed4 w=890 s2=even] Stage 2...
  mono=12  conc=14  optimal=True
{('l1', 'l6', 'tr1', 'p1', 1): 1, ('l1', 'l6', 'tr1', 'p2', 1): 3, ('l1', 'l6', 'tr1', 'p1', 2): 1, ('l1', 'l6', 'tr1', 'p2', 2): 3, ('l3', 'l6', 'tr1', 'p1', 1): 1, ('l3', 'l6', 'tr1', 'p2', 1): 3, ('l1', 'l4', 'tr2', 'p1', 1): 1, ('l1', 'l4', 'tr2', 'p2', 1): 1, ('l1', 'l4', 'tr2', 'p2', 2): 5, ('l1', 'l4', 'tr2', 'p1', 3): 1, ('l1', 'l4', 'tr2', 'p2', 3): 1, ('l1', 'l4', 'tr2', 'p1', 4): 1, ('l1', 'l4', 'tr2', 'p2', 4): 1, ('l1', 'l4', 'tr2', 'p1', 5): 3, ('l1', 'l6', 'tr2', 'p1', 1): 3, ('l1', 'l6', 'tr2', 'p1', 2): 3, ('l1', 'l6', 'tr2', 'p1', 3): 1, ('l1', 'l6', 'tr2', 'p2', 3): 1, ('l1', 'l6', 'tr2', 'p1', 4): 1, ('l1', 'l6', 'tr2', 'p2', 4): 1, ('l1', 'l6', 'tr2', 'p1', 5): 1, ('l1', 'l6', 'tr2', 'p2', 5): 1, ('l1', 'l6', 'tr2', 'p1', 6): 1, ('l1', 'l6', 'tr2', 'p2', 6): 1, ('l1', 'l6', 'tr2', 'p2', 7): 5, ('l2', 'l3', 'tr2', 'p1', 1): 1, ('l2', 'l3', 'tr2', 'p2', 1): 1, ('l2', 'l3', 'tr2', 'p1', 2): 1, ('l2', 'l3', 'tr2', 'p2', 2): 1, ('l2', 'l3', 'tr2', 'p1', 3): 1, ('l2', 'l3', 'tr2', 'p2', 3): 1, ('l2', 'l3', 'tr2', 'p1', 4): 3, ('l2', 'l3', 'tr2', 'p1', 5): 1, ('l2', 'l3', 'tr2', 'p2', 5): 1, ('l2', 'l3', 'tr2', 'p1', 6): 1, ('l2', 'l3', 'tr2', 'p2', 6): 2, ('l2', 'l4', 'tr2', 'p1', 1): 2, ('l2', 'l4', 'tr2', 'p2', 1): 1, ('l2', 'l4', 'tr2', 'p1', 2): 2, ('l3', 'l6', 'tr2', 'p1', 2): 3, ('l3', 'l6', 'tr2', 'p1', 3): 3, ('l3', 'l6', 'tr2', 'p1', 4): 1, ('l3', 'l6', 'tr2', 'p2', 4): 3, ('l4', 'l5', 'tr2', 'p1', 1): 1, ('l4', 'l5', 'tr2', 'p2', 1): 1, ('l4', 'l5', 'tr2', 'p1', 2): 1, ('l4', 'l5', 'tr2', 'p2', 2): 1, ('l4', 'l5', 'tr2', 'p1', 3): 3, ('l4', 'l5', 'tr2', 'p1', 4): 3, ('l4', 'l5', 'tr2', 'p2', 5): 5, ('l4', 'l5', 'tr2', 'p1', 6): 1, ('l4', 'l5', 'tr2', 'p2', 6): 1, ('l4', 'l5', 'tr2', 'p1', 7): 1, ('l4', 'l5', 'tr2', 'p2', 7): 1}
  Verification: PASS
  R_1=0.8333
  K_1=0.8333

  [layered_small_seed4 w=890 s2=full] Stage 2...
  mono=12  conc=14  optimal=True
{('l1', 'l6', 'tr1', 'p1', 1): 1, ('l1', 'l6', 'tr1', 'p2', 1): 3, ('l1', 'l6', 'tr1', 'p1', 2): 1, ('l1', 'l6', 'tr1', 'p2', 2): 3, ('l3', 'l6', 'tr1', 'p1', 1): 1, ('l3', 'l6', 'tr1', 'p2', 1): 3, ('l1', 'l4', 'tr2', 'p1', 1): 1, ('l1', 'l4', 'tr2', 'p2', 1): 1, ('l1', 'l4', 'tr2', 'p1', 2): 1, ('l1', 'l4', 'tr2', 'p2', 2): 1, ('l1', 'l4', 'tr2', 'p1', 3): 3, ('l1', 'l4', 'tr2', 'p1', 4): 1, ('l1', 'l4', 'tr2', 'p2', 4): 1, ('l1', 'l4', 'tr2', 'p2', 5): 5, ('l1', 'l6', 'tr2', 'p1', 1): 1, ('l1', 'l6', 'tr2', 'p2', 1): 1, ('l1', 'l6', 'tr2', 'p1', 2): 3, ('l1', 'l6', 'tr2', 'p2', 3): 5, ('l1', 'l6', 'tr2', 'p1', 4): 1, ('l1', 'l6', 'tr2', 'p2', 4): 1, ('l1', 'l6', 'tr2', 'p1', 5): 3, ('l1', 'l6', 'tr2', 'p1', 6): 1, ('l1', 'l6', 'tr2', 'p2', 6): 1, ('l1', 'l6', 'tr2', 'p1', 7): 1, ('l1', 'l6', 'tr2', 'p2', 7): 1, ('l2', 'l3', 'tr2', 'p1', 1): 1, ('l2', 'l3', 'tr2', 'p2', 1): 1, ('l2', 'l3', 'tr2', 'p1', 2): 1, ('l2', 'l3', 'tr2', 'p2', 2): 1, ('l2', 'l3', 'tr2', 'p1', 3): 3, ('l2', 'l3', 'tr2', 'p1', 4): 1, ('l2', 'l3', 'tr2', 'p2', 4): 1, ('l2', 'l3', 'tr2', 'p1', 5): 1, ('l2', 'l3', 'tr2', 'p2', 5): 1, ('l2', 'l3', 'tr2', 'p1', 6): 1, ('l2', 'l3', 'tr2', 'p2', 6): 2, ('l2', 'l4', 'tr2', 'p1', 1): 2, ('l2', 'l4', 'tr2', 'p2', 1): 1, ('l2', 'l4', 'tr2', 'p1', 2): 2, ('l3', 'l6', 'tr2', 'p1', 1): 3, ('l3', 'l6', 'tr2', 'p1', 3): 3, ('l3', 'l6', 'tr2', 'p1', 4): 1, ('l3', 'l6', 'tr2', 'p2', 4): 3, ('l4', 'l5', 'tr2', 'p1', 1): 3, ('l4', 'l5', 'tr2', 'p1', 2): 1, ('l4', 'l5', 'tr2', 'p2', 2): 1, ('l4', 'l5', 'tr2', 'p1', 3): 1, ('l4', 'l5', 'tr2', 'p2', 3): 1, ('l4', 'l5', 'tr2', 'p1', 4): 1, ('l4', 'l5', 'tr2', 'p2', 4): 1, ('l4', 'l5', 'tr2', 'p1', 5): 3, ('l4', 'l5', 'tr2', 'p2', 6): 5, ('l4', 'l5', 'tr2', 'p1', 7): 1, ('l4', 'l5', 'tr2', 'p2', 7): 1}
  Verification: PASS
  R_1=0.8333
  K_1=0.8333
  Instance: layered_small_seed5  
  Properties: 6 locs, 2 parts, 21 routes, density=0.35, tightness=2.1

  [layered_small_seed5 w=0] Stage 1 (limit=600s)...
  Stage 1: cost=4270  routes=6  optimal=True
{('l1', 'l3', 'tr1', 'p1'): 4, ('l1', 'l3', 'tr1', 'p2'): 5, ('l1', 'l6', 'tr2', 'p1'): 11, ('l2', 'l4', 'tr2', 'p1'): 1, ('l2', 'l4', 'tr2', 'p2'): 21, ('l2', 'l6', 'tr2', 'p1'): 14, ('l2', 'l6', 'tr2', 'p2'): 4, ('l3', 'l5', 'tr1', 'p1'): 4, ('l3', 'l5', 'tr1', 'p2'): 5, ('l4', 'l5', 'tr1', 'p1'): 1, ('l4', 'l5', 'tr1', 'p2'): 21}
  R_TR=0.3  worst_arc=(l2,l4,tr2)

  [layered_small_seed5 w=0 s2=baseline] Stage 2...
  mono=9  conc=17  optimal=True
{('l1', 'l3', 'tr1', 'p1', 1): 2, ('l1', 'l3', 'tr1', 'p1', 2): 2, ('l1', 'l3', 'tr1', 'p2', 2): 5, ('l3', 'l5', 'tr1', 'p1', 1): 2, ('l3', 'l5', 'tr1', 'p1', 2): 2, ('l3', 'l5', 'tr1', 'p2', 2): 5, ('l4', 'l5', 'tr1', 'p2', 1): 7, ('l4', 'l5', 'tr1', 'p2', 2): 7, ('l4', 'l5', 'tr1', 'p1', 3): 1, ('l4', 'l5', 'tr1', 'p2', 3): 7, ('l1', 'l6', 'tr2', 'p1', 2): 4, ('l1', 'l6', 'tr2', 'p1', 3): 3, ('l1', 'l6', 'tr2', 'p1', 4): 4, ('l2', 'l4', 'tr2', 'p2', 1): 7, ('l2', 'l4', 'tr2', 'p2', 2): 8, ('l2', 'l4', 'tr2', 'p1', 3): 1, ('l2', 'l4', 'tr2', 'p2', 3): 6, ('l2', 'l6', 'tr2', 'p1', 3): 4, ('l2', 'l6', 'tr2', 'p1', 4): 4, ('l2', 'l6', 'tr2', 'p1', 5): 4, ('l2', 'l6', 'tr2', 'p1', 6): 2, ('l2', 'l6', 'tr2', 'p2', 6): 4}
  Verification: PASS
  R_1=0.7333
  K_1=0.7333

  [layered_small_seed5 w=0 s2=mixed] Stage 2...
  mono=5  conc=21  optimal=True
{('l1', 'l3', 'tr1', 'p1', 1): 1, ('l1', 'l3', 'tr1', 'p2', 1): 2, ('l1', 'l3', 'tr1', 'p1', 2): 3, ('l1', 'l3', 'tr1', 'p2', 2): 3, ('l3', 'l5', 'tr1', 'p1', 1): 3, ('l3', 'l5', 'tr1', 'p2', 1): 1, ('l3', 'l5', 'tr1', 'p1', 2): 1, ('l3', 'l5', 'tr1', 'p2', 2): 4, ('l4', 'l5', 'tr1', 'p1', 1): 1, ('l4', 'l5', 'tr1', 'p2', 1): 5, ('l4', 'l5', 'tr1', 'p2', 3): 7, ('l4', 'l5', 'tr1', 'p2', 4): 9, ('l1', 'l6', 'tr2', 'p1', 1): 3, ('l1', 'l6', 'tr2', 'p1', 3): 4, ('l1', 'l6', 'tr2', 'p1', 4): 4, ('l2', 'l4', 'tr2', 'p2', 1): 8, ('l2', 'l4', 'tr2', 'p1', 3): 1, ('l2', 'l4', 'tr2', 'p2', 3): 5, ('l2', 'l4', 'tr2', 'p2', 4): 8, ('l2', 'l6', 'tr2', 'p1', 1): 3, ('l2', 'l6', 'tr2', 'p2', 1): 1, ('l2', 'l6', 'tr2', 'p1', 2): 3, ('l2', 'l6', 'tr2', 'p2', 2): 1, ('l2', 'l6', 'tr2', 'p1', 4): 1, ('l2', 'l6', 'tr2', 'p2', 4): 1, ('l2', 'l6', 'tr2', 'p1', 5): 3, ('l2', 'l6', 'tr2', 'p2', 5): 1, ('l2', 'l6', 'tr2', 'p1', 6): 4}
  Verification: PASS
  R_1=0.7
  K_1=0.7

  [layered_small_seed5 w=0 s2=even] Stage 2...
  mono=13  conc=10  optimal=True
{('l1', 'l3', 'tr1', 'p1', 1): 2, ('l1', 'l3', 'tr1', 'p1', 2): 2, ('l1', 'l3', 'tr1', 'p2', 2): 5, ('l3', 'l5', 'tr1', 'p1', 1): 2, ('l3', 'l5', 'tr1', 'p1', 2): 2, ('l3', 'l5', 'tr1', 'p2', 2): 5, ('l4', 'l5', 'tr1', 'p2', 1): 9, ('l4', 'l5', 'tr1', 'p2', 2): 5, ('l4', 'l5', 'tr1', 'p1', 3): 1, ('l4', 'l5', 'tr1', 'p2', 3): 2, ('l4', 'l5', 'tr1', 'p2', 4): 5, ('l1', 'l6', 'tr2', 'p1', 1): 2, ('l1', 'l6', 'tr2', 'p1', 2): 4, ('l1', 'l6', 'tr2', 'p1', 3): 2, ('l1', 'l6', 'tr2', 'p1', 4): 3, ('l2', 'l4', 'tr2', 'p1', 1): 1, ('l2', 'l4', 'tr2', 'p2', 1): 3, ('l2', 'l4', 'tr2', 'p2', 2): 5, ('l2', 'l4', 'tr2', 'p2', 3): 5, ('l2', 'l4', 'tr2', 'p2', 4): 8, ('l2', 'l6', 'tr2', 'p1', 1): 2, ('l2', 'l6', 'tr2', 'p1', 2): 4, ('l2', 'l6', 'tr2', 'p1', 3): 2, ('l2', 'l6', 'tr2', 'p1', 4): 2, ('l2', 'l6', 'tr2', 'p2', 4): 4, ('l2', 'l6', 'tr2', 'p1', 5): 2, ('l2', 'l6', 'tr2', 'p1', 6): 2}
  Verification: PASS
  R_1=0.7
  K_1=0.7

  [layered_small_seed5 w=0 s2=full] Stage 2...
  mono=11  conc=10  optimal=True
{('l1', 'l3', 'tr1', 'p1', 1): 2, ('l1', 'l3', 'tr1', 'p2', 1): 1, ('l1', 'l3', 'tr1', 'p1', 2): 2, ('l1', 'l3', 'tr1', 'p2', 2): 4, ('l3', 'l5', 'tr1', 'p1', 1): 2, ('l3', 'l5', 'tr1', 'p2', 1): 1, ('l3', 'l5', 'tr1', 'p1', 2): 2, ('l3', 'l5', 'tr1', 'p2', 2): 4, ('l4', 'l5', 'tr1', 'p2', 1): 5, ('l4', 'l5', 'tr1', 'p2', 2): 5, ('l4', 'l5', 'tr1', 'p2', 3): 4, ('l4', 'l5', 'tr1', 'p1', 4): 1, ('l4', 'l5', 'tr1', 'p2', 4): 7, ('l1', 'l6', 'tr2', 'p1', 1): 2, ('l1', 'l6', 'tr2', 'p1', 2): 2, ('l1', 'l6', 'tr2', 'p1', 3): 3, ('l1', 'l6', 'tr2', 'p1', 4): 4, ('l2', 'l4', 'tr2', 'p2', 1): 5, ('l2', 'l4', 'tr2', 'p2', 2): 5, ('l2', 'l4', 'tr2', 'p2', 3): 5, ('l2', 'l4', 'tr2', 'p1', 4): 1, ('l2', 'l4', 'tr2', 'p2', 4): 6, ('l2', 'l6', 'tr2', 'p1', 1): 2, ('l2', 'l6', 'tr2', 'p1', 2): 2, ('l2', 'l6', 'tr2', 'p1', 3): 2, ('l2', 'l6', 'tr2', 'p1', 4): 2, ('l2', 'l6', 'tr2', 'p1', 5): 4, ('l2', 'l6', 'tr2', 'p1', 6): 2, ('l2', 'l6', 'tr2', 'p2', 6): 4}
  Verification: PASS
  R_1=0.7667
  K_1=0.7667
  [relative] normalizer (mean trip cost at w=0) = 194.09
  [relative] lambda=0.1 -> weight=19

  [layered_small_seed5 w=19] Stage 1 (limit=600s)...
  Stage 1: cost=4327  routes=6  optimal=True
{('l1', 'l3', 'tr1', 'p1'): 5, ('l1', 'l3', 'tr1', 'p2'): 3, ('l1', 'l6', 'tr2', 'p1'): 10, ('l1', 'l6', 'tr2', 'p2'): 2, ('l2', 'l4', 'tr2', 'p2'): 23, ('l2', 'l6', 'tr2', 'p1'): 15, ('l2', 'l6', 'tr2', 'p2'): 2, ('l3', 'l5', 'tr1', 'p1'): 5, ('l3', 'l5', 'tr1', 'p2'): 3, ('l4', 'l5', 'tr1', 'p2'): 23}
  R_TR=0.2333  worst_arc=(l2,l4,tr2)

  [layered_small_seed5 w=19 s2=baseline] Stage 2...
  mono=6  conc=20  optimal=True
{('l1', 'l3', 'tr1', 'p1', 1): 2, ('l1', 'l3', 'tr1', 'p1', 2): 3, ('l1', 'l3', 'tr1', 'p2', 2): 3, ('l3', 'l5', 'tr1', 'p1', 1): 2, ('l3', 'l5', 'tr1', 'p1', 2): 3, ('l3', 'l5', 'tr1', 'p2', 2): 3, ('l4', 'l5', 'tr1', 'p2', 1): 7, ('l4', 'l5', 'tr1', 'p2', 3): 8, ('l4', 'l5', 'tr1', 'p2', 4): 8, ('l1', 'l6', 'tr2', 'p1', 1): 3, ('l1', 'l6', 'tr2', 'p2', 1): 1, ('l1', 'l6', 'tr2', 'p1', 2): 3, ('l1', 'l6', 'tr2', 'p2', 2): 1, ('l1', 'l6', 'tr2', 'p1', 3): 4, ('l2', 'l4', 'tr2', 'p2', 2): 8, ('l2', 'l4', 'tr2', 'p2', 3): 7, ('l2', 'l4', 'tr2', 'p2', 4): 8, ('l2', 'l6', 'tr2', 'p1', 2): 4, ('l2', 'l6', 'tr2', 'p1', 3): 4, ('l2', 'l6', 'tr2', 'p1', 5): 4, ('l2', 'l6', 'tr2', 'p1', 6): 3, ('l2', 'l6', 'tr2', 'p2', 6): 2}
  Verification: PASS
  R_1=0.7333
  K_1=0.7333

  [layered_small_seed5 w=19 s2=mixed] Stage 2...
  mono=4  conc=20  optimal=True
{('l1', 'l3', 'tr1', 'p1', 1): 3, ('l1', 'l3', 'tr1', 'p2', 1): 1, ('l1', 'l3', 'tr1', 'p1', 2): 2, ('l1', 'l3', 'tr1', 'p2', 2): 2, ('l3', 'l5', 'tr1', 'p1', 1): 3, ('l3', 'l5', 'tr1', 'p2', 1): 2, ('l3', 'l5', 'tr1', 'p1', 2): 2, ('l3', 'l5', 'tr1', 'p2', 2): 1, ('l4', 'l5', 'tr1', 'p2', 1): 9, ('l4', 'l5', 'tr1', 'p2', 3): 6, ('l4', 'l5', 'tr1', 'p2', 4): 8, ('l1', 'l6', 'tr2', 'p1', 1): 4, ('l1', 'l6', 'tr2', 'p1', 2): 3, ('l1', 'l6', 'tr2', 'p2', 2): 1, ('l1', 'l6', 'tr2', 'p1', 3): 3, ('l1', 'l6', 'tr2', 'p2', 3): 1, ('l2', 'l4', 'tr2', 'p2', 2): 7, ('l2', 'l4', 'tr2', 'p2', 3): 8, ('l2', 'l4', 'tr2', 'p2', 4): 8, ('l2', 'l6', 'tr2', 'p1', 2): 3, ('l2', 'l6', 'tr2', 'p2', 2): 2, ('l2', 'l6', 'tr2', 'p1', 3): 4, ('l2', 'l6', 'tr2', 'p1', 5): 4, ('l2', 'l6', 'tr2', 'p1', 6): 4}
  Verification: PASS
  R_1=0.7
  K_1=0.7

  [layered_small_seed5 w=19 s2=even] Stage 2...
  mono=10  conc=11  optimal=True
{('l1', 'l3', 'tr1', 'p1', 1): 2, ('l1', 'l3', 'tr1', 'p1', 2): 3, ('l1', 'l3', 'tr1', 'p2', 2): 3, ('l3', 'l5', 'tr1', 'p1', 1): 2, ('l3', 'l5', 'tr1', 'p1', 2): 3, ('l3', 'l5', 'tr1', 'p2', 2): 3, ('l4', 'l5', 'tr1', 'p2', 1): 5, ('l4', 'l5', 'tr1', 'p2', 2): 5, ('l4', 'l5', 'tr1', 'p2', 3): 4, ('l4', 'l5', 'tr1', 'p2', 4): 9, ('l1', 'l6', 'tr2', 'p1', 1): 2, ('l1', 'l6', 'tr2', 'p1', 2): 2, ('l1', 'l6', 'tr2', 'p1', 3): 4, ('l1', 'l6', 'tr2', 'p1', 4): 2, ('l1', 'l6', 'tr2', 'p2', 4): 2, ('l2', 'l4', 'tr2', 'p2', 1): 5, ('l2', 'l4', 'tr2', 'p2', 2): 5, ('l2', 'l4', 'tr2', 'p2', 3): 5, ('l2', 'l4', 'tr2', 'p2', 4): 8, ('l2', 'l6', 'tr2', 'p1', 1): 2, ('l2', 'l6', 'tr2', 'p1', 2): 2, ('l2', 'l6', 'tr2', 'p1', 3): 2, ('l2', 'l6', 'tr2', 'p1', 4): 2, ('l2', 'l6', 'tr2', 'p1', 5): 4, ('l2', 'l6', 'tr2', 'p1', 6): 3, ('l2', 'l6', 'tr2', 'p2', 6): 2}
  Verification: PASS
  R_1=0.7
  K_1=0.7

  [layered_small_seed5 w=19 s2=full] Stage 2...
  mono=8  conc=11  optimal=True
{('l1', 'l3', 'tr1', 'p1', 1): 2, ('l1', 'l3', 'tr1', 'p2', 1): 1, ('l1', 'l3', 'tr1', 'p1', 2): 3, ('l1', 'l3', 'tr1', 'p2', 2): 2, ('l3', 'l5', 'tr1', 'p1', 1): 2, ('l3', 'l5', 'tr1', 'p2', 1): 1, ('l3', 'l5', 'tr1', 'p1', 2): 3, ('l3', 'l5', 'tr1', 'p2', 2): 2, ('l4', 'l5', 'tr1', 'p2', 1): 5, ('l4', 'l5', 'tr1', 'p2', 2): 5, ('l4', 'l5', 'tr1', 'p2', 3): 4, ('l4', 'l5', 'tr1', 'p2', 4): 9, ('l1', 'l6', 'tr2', 'p1', 1): 2, ('l1', 'l6', 'tr2', 'p1', 2): 2, ('l1', 'l6', 'tr2', 'p1', 3): 4, ('l1', 'l6', 'tr2', 'p1', 4): 2, ('l1', 'l6', 'tr2', 'p2', 4): 2, ('l2', 'l4', 'tr2', 'p2', 1): 5, ('l2', 'l4', 'tr2', 'p2', 2): 5, ('l2', 'l4', 'tr2', 'p2', 3): 5, ('l2', 'l4', 'tr2', 'p2', 4): 8, ('l2', 'l6', 'tr2', 'p1', 1): 2, ('l2', 'l6', 'tr2', 'p1', 2): 2, ('l2', 'l6', 'tr2', 'p1', 3): 2, ('l2', 'l6', 'tr2', 'p1', 4): 2, ('l2', 'l6', 'tr2', 'p1', 5): 4, ('l2', 'l6', 'tr2', 'p1', 6): 3, ('l2', 'l6', 'tr2', 'p2', 6): 2}
  Verification: PASS
  R_1=0.7
  K_1=0.7
  [relative] lambda=0.25 -> weight=49

  [layered_small_seed5 w=49] Stage 1 (limit=600s)...
  Stage 1: cost=4417  routes=6  optimal=True
{('l1', 'l3', 'tr1', 'p1'): 5, ('l1', 'l3', 'tr1', 'p2'): 3, ('l1', 'l6', 'tr2', 'p1'): 10, ('l1', 'l6', 'tr2', 'p2'): 2, ('l2', 'l4', 'tr2', 'p2'): 23, ('l2', 'l6', 'tr2', 'p1'): 15, ('l2', 'l6', 'tr2', 'p2'): 2, ('l3', 'l5', 'tr1', 'p1'): 5, ('l3', 'l5', 'tr1', 'p2'): 3, ('l4', 'l5', 'tr1', 'p2'): 23}
  R_TR=0.2333  worst_arc=(l2,l4,tr2)

  [layered_small_seed5 w=49 s2=baseline] Stage 2...
  mono=7  conc=19  optimal=True
{('l1', 'l3', 'tr1', 'p1', 1): 2, ('l1', 'l3', 'tr1', 'p1', 2): 3, ('l1', 'l3', 'tr1', 'p2', 2): 3, ('l3', 'l5', 'tr1', 'p1', 1): 2, ('l3', 'l5', 'tr1', 'p1', 2): 3, ('l3', 'l5', 'tr1', 'p2', 2): 3, ('l4', 'l5', 'tr1', 'p2', 1): 7, ('l4', 'l5', 'tr1', 'p2', 3): 8, ('l4', 'l5', 'tr1', 'p2', 4): 8, ('l1', 'l6', 'tr2', 'p1', 1): 3, ('l1', 'l6', 'tr2', 'p1', 2): 4, ('l1', 'l6', 'tr2', 'p1', 3): 3, ('l1', 'l6', 'tr2', 'p2', 3): 2, ('l2', 'l4', 'tr2', 'p2', 2): 8, ('l2', 'l4', 'tr2', 'p2', 3): 7, ('l2', 'l4', 'tr2', 'p2', 4): 8, ('l2', 'l6', 'tr2', 'p1', 2): 4, ('l2', 'l6', 'tr2', 'p1', 3): 4, ('l2', 'l6', 'tr2', 'p1', 5): 4, ('l2', 'l6', 'tr2', 'p1', 6): 3, ('l2', 'l6', 'tr2', 'p2', 6): 2}
  Verification: PASS
  R_1=0.7333
  K_1=0.7333

  [layered_small_seed5 w=49 s2=mixed] Stage 2...
  mono=4  conc=19  optimal=True
{('l1', 'l3', 'tr1', 'p1', 1): 3, ('l1', 'l3', 'tr1', 'p2', 1): 2, ('l1', 'l3', 'tr1', 'p1', 2): 2, ('l1', 'l3', 'tr1', 'p2', 2): 1, ('l3', 'l5', 'tr1', 'p1', 1): 3, ('l3', 'l5', 'tr1', 'p2', 1): 1, ('l3', 'l5', 'tr1', 'p1', 2): 2, ('l3', 'l5', 'tr1', 'p2', 2): 2, ('l4', 'l5', 'tr1', 'p2', 1): 5, ('l4', 'l5', 'tr1', 'p2', 3): 9, ('l4', 'l5', 'tr1', 'p2', 4): 9, ('l1', 'l6', 'tr2', 'p1', 1): 4, ('l1', 'l6', 'tr2', 'p1', 2): 3, ('l1', 'l6', 'tr2', 'p2', 2): 1, ('l1', 'l6', 'tr2', 'p1', 3): 3, ('l1', 'l6', 'tr2', 'p2', 3): 1, ('l2', 'l4', 'tr2', 'p2', 2): 8, ('l2', 'l4', 'tr2', 'p2', 3): 8, ('l2', 'l4', 'tr2', 'p2', 4): 7, ('l2', 'l6', 'tr2', 'p1', 2): 4, ('l2', 'l6', 'tr2', 'p1', 3): 3, ('l2', 'l6', 'tr2', 'p2', 3): 2, ('l2', 'l6', 'tr2', 'p1', 5): 4, ('l2', 'l6', 'tr2', 'p1', 6): 4}
  Verification: PASS
  R_1=0.7
  K_1=0.7

  [layered_small_seed5 w=49 s2=even] Stage 2...
  mono=10  conc=11  optimal=True
{('l1', 'l3', 'tr1', 'p1', 1): 2, ('l1', 'l3', 'tr1', 'p1', 2): 3, ('l1', 'l3', 'tr1', 'p2', 2): 3, ('l3', 'l5', 'tr1', 'p1', 1): 2, ('l3', 'l5', 'tr1', 'p1', 2): 3, ('l3', 'l5', 'tr1', 'p2', 2): 3, ('l4', 'l5', 'tr1', 'p2', 1): 5, ('l4', 'l5', 'tr1', 'p2', 2): 5, ('l4', 'l5', 'tr1', 'p2', 3): 4, ('l4', 'l5', 'tr1', 'p2', 4): 9, ('l1', 'l6', 'tr2', 'p1', 1): 2, ('l1', 'l6', 'tr2', 'p1', 2): 2, ('l1', 'l6', 'tr2', 'p1', 3): 4, ('l1', 'l6', 'tr2', 'p1', 4): 2, ('l1', 'l6', 'tr2', 'p2', 4): 2, ('l2', 'l4', 'tr2', 'p2', 1): 5, ('l2', 'l4', 'tr2', 'p2', 2): 5, ('l2', 'l4', 'tr2', 'p2', 3): 5, ('l2', 'l4', 'tr2', 'p2', 4): 8, ('l2', 'l6', 'tr2', 'p1', 1): 2, ('l2', 'l6', 'tr2', 'p1', 2): 2, ('l2', 'l6', 'tr2', 'p1', 3): 2, ('l2', 'l6', 'tr2', 'p1', 4): 2, ('l2', 'l6', 'tr2', 'p1', 5): 4, ('l2', 'l6', 'tr2', 'p1', 6): 3, ('l2', 'l6', 'tr2', 'p2', 6): 2}
  Verification: PASS
  R_1=0.7
  K_1=0.7

  [layered_small_seed5 w=49 s2=full] Stage 2...
  mono=8  conc=11  optimal=True
{('l1', 'l3', 'tr1', 'p1', 1): 2, ('l1', 'l3', 'tr1', 'p2', 1): 1, ('l1', 'l3', 'tr1', 'p1', 2): 3, ('l1', 'l3', 'tr1', 'p2', 2): 2, ('l3', 'l5', 'tr1', 'p1', 1): 2, ('l3', 'l5', 'tr1', 'p2', 1): 2, ('l3', 'l5', 'tr1', 'p1', 2): 3, ('l3', 'l5', 'tr1', 'p2', 2): 1, ('l4', 'l5', 'tr1', 'p2', 1): 5, ('l4', 'l5', 'tr1', 'p2', 2): 9, ('l4', 'l5', 'tr1', 'p2', 3): 4, ('l4', 'l5', 'tr1', 'p2', 4): 5, ('l1', 'l6', 'tr2', 'p1', 1): 2, ('l1', 'l6', 'tr2', 'p1', 2): 2, ('l1', 'l6', 'tr2', 'p2', 2): 2, ('l1', 'l6', 'tr2', 'p1', 3): 4, ('l1', 'l6', 'tr2', 'p1', 4): 2, ('l2', 'l4', 'tr2', 'p2', 1): 8, ('l2', 'l4', 'tr2', 'p2', 2): 5, ('l2', 'l4', 'tr2', 'p2', 3): 5, ('l2', 'l4', 'tr2', 'p2', 4): 5, ('l2', 'l6', 'tr2', 'p1', 1): 3, ('l2', 'l6', 'tr2', 'p1', 2): 4, ('l2', 'l6', 'tr2', 'p1', 3): 2, ('l2', 'l6', 'tr2', 'p2', 3): 2, ('l2', 'l6', 'tr2', 'p1', 4): 2, ('l2', 'l6', 'tr2', 'p1', 5): 2, ('l2', 'l6', 'tr2', 'p1', 6): 2}
  Verification: PASS
  R_1=0.7
  K_1=0.7
  [relative] lambda=0.5 -> weight=97

  [layered_small_seed5 w=97] Stage 1 (limit=600s)...
  Stage 1: cost=4561  routes=6  optimal=True
{('l1', 'l3', 'tr2', 'p1'): 5, ('l1', 'l3', 'tr2', 'p2'): 3, ('l1', 'l6', 'tr2', 'p1'): 10, ('l1', 'l6', 'tr2', 'p2'): 2, ('l2', 'l4', 'tr2', 'p2'): 23, ('l2', 'l6', 'tr2', 'p1'): 15, ('l2', 'l6', 'tr2', 'p2'): 2, ('l3', 'l5', 'tr1', 'p1'): 5, ('l3', 'l5', 'tr1', 'p2'): 3, ('l4', 'l5', 'tr1', 'p2'): 23}
  R_TR=0.2333  worst_arc=(l2,l4,tr2)

  [layered_small_seed5 w=97 s2=baseline] Stage 2...
  mono=7  conc=19  optimal=True
{('l3', 'l5', 'tr1', 'p1', 1): 2, ('l3', 'l5', 'tr1', 'p1', 2): 3, ('l3', 'l5', 'tr1', 'p2', 2): 3, ('l4', 'l5', 'tr1', 'p2', 1): 5, ('l4', 'l5', 'tr1', 'p2', 3): 9, ('l4', 'l5', 'tr1', 'p2', 4): 9, ('l1', 'l3', 'tr2', 'p1', 2): 3, ('l1', 'l3', 'tr2', 'p1', 3): 2, ('l1', 'l3', 'tr2', 'p2', 3): 3, ('l1', 'l6', 'tr2', 'p1', 2): 3, ('l1', 'l6', 'tr2', 'p1', 3): 3, ('l1', 'l6', 'tr2', 'p2', 3): 2, ('l1', 'l6', 'tr2', 'p1', 4): 4, ('l2', 'l4', 'tr2', 'p2', 2): 7, ('l2', 'l4', 'tr2', 'p2', 3): 8, ('l2', 'l4', 'tr2', 'p2', 4): 8, ('l2', 'l6', 'tr2', 'p1', 3): 4, ('l2', 'l6', 'tr2', 'p1', 4): 4, ('l2', 'l6', 'tr2', 'p1', 5): 4, ('l2', 'l6', 'tr2', 'p1', 6): 3, ('l2', 'l6', 'tr2', 'p2', 6): 2}
  Verification: PASS
  R_1=0.7
  K_1=0.7

  [layered_small_seed5 w=97 s2=mixed] Stage 2...
  mono=4  conc=21  optimal=True
{('l3', 'l5', 'tr1', 'p1', 1): 3, ('l3', 'l5', 'tr1', 'p2', 1): 1, ('l3', 'l5', 'tr1', 'p1', 2): 2, ('l3', 'l5', 'tr1', 'p2', 2): 2, ('l4', 'l5', 'tr1', 'p2', 1): 6, ('l4', 'l5', 'tr1', 'p2', 3): 8, ('l4', 'l5', 'tr1', 'p2', 4): 9, ('l1', 'l3', 'tr2', 'p1', 1): 2, ('l1', 'l3', 'tr2', 'p2', 1): 1, ('l1', 'l3', 'tr2', 'p1', 3): 3, ('l1', 'l3', 'tr2', 'p2', 3): 2, ('l1', 'l6', 'tr2', 'p1', 2): 4, ('l1', 'l6', 'tr2', 'p1', 3): 3, ('l1', 'l6', 'tr2', 'p2', 3): 1, ('l1', 'l6', 'tr2', 'p1', 4): 3, ('l1', 'l6', 'tr2', 'p2', 4): 1, ('l2', 'l4', 'tr2', 'p2', 2): 7, ('l2', 'l4', 'tr2', 'p2', 3): 8, ('l2', 'l4', 'tr2', 'p2', 4): 8, ('l2', 'l6', 'tr2', 'p1', 3): 3, ('l2', 'l6', 'tr2', 'p2', 3): 2, ('l2', 'l6', 'tr2', 'p1', 4): 4, ('l2', 'l6', 'tr2', 'p1', 5): 4, ('l2', 'l6', 'tr2', 'p1', 6): 4}
  Verification: PASS
  R_1=0.7
  K_1=0.7

  [layered_small_seed5 w=97 s2=even] Stage 2...
  mono=9  conc=10  optimal=True
{('l3', 'l5', 'tr1', 'p1', 1): 2, ('l3', 'l5', 'tr1', 'p1', 2): 3, ('l3', 'l5', 'tr1', 'p2', 2): 3, ('l4', 'l5', 'tr1', 'p2', 1): 5, ('l4', 'l5', 'tr1', 'p2', 2): 5, ('l4', 'l5', 'tr1', 'p2', 3): 4, ('l4', 'l5', 'tr1', 'p2', 4): 9, ('l1', 'l3', 'tr2', 'p1', 1): 1, ('l1', 'l3', 'tr2', 'p2', 1): 1, ('l1', 'l3', 'tr2', 'p1', 2): 1, ('l1', 'l3', 'tr2', 'p2', 2): 1, ('l1', 'l3', 'tr2', 'p1', 3): 3, ('l1', 'l3', 'tr2', 'p2', 3): 1, ('l1', 'l6', 'tr2', 'p1', 1): 2, ('l1', 'l6', 'tr2', 'p1', 2): 2, ('l1', 'l6', 'tr2', 'p1', 3): 4, ('l1', 'l6', 'tr2', 'p1', 4): 2, ('l1', 'l6', 'tr2', 'p2', 4): 2, ('l2', 'l4', 'tr2', 'p2', 1): 5, ('l2', 'l4', 'tr2', 'p2', 2): 5, ('l2', 'l4', 'tr2', 'p2', 3): 5, ('l2', 'l4', 'tr2', 'p2', 4): 8, ('l2', 'l6', 'tr2', 'p1', 1): 2, ('l2', 'l6', 'tr2', 'p1', 2): 2, ('l2', 'l6', 'tr2', 'p1', 3): 2, ('l2', 'l6', 'tr2', 'p1', 4): 2, ('l2', 'l6', 'tr2', 'p1', 5): 4, ('l2', 'l6', 'tr2', 'p1', 6): 3, ('l2', 'l6', 'tr2', 'p2', 6): 2}
  Verification: PASS
  R_1=0.7
  K_1=0.7

  [layered_small_seed5 w=97 s2=full] Stage 2...
  mono=8  conc=10  optimal=True
{('l3', 'l5', 'tr1', 'p1', 1): 2, ('l3', 'l5', 'tr1', 'p2', 1): 1, ('l3', 'l5', 'tr1', 'p1', 2): 3, ('l3', 'l5', 'tr1', 'p2', 2): 2, ('l4', 'l5', 'tr1', 'p2', 1): 5, ('l4', 'l5', 'tr1', 'p2', 2): 5, ('l4', 'l5', 'tr1', 'p2', 3): 4, ('l4', 'l5', 'tr1', 'p2', 4): 9, ('l1', 'l3', 'tr2', 'p1', 1): 1, ('l1', 'l3', 'tr2', 'p2', 1): 1, ('l1', 'l3', 'tr2', 'p1', 2): 1, ('l1', 'l3', 'tr2', 'p2', 2): 1, ('l1', 'l3', 'tr2', 'p1', 3): 3, ('l1', 'l3', 'tr2', 'p2', 3): 1, ('l1', 'l6', 'tr2', 'p1', 1): 2, ('l1', 'l6', 'tr2', 'p1', 2): 2, ('l1', 'l6', 'tr2', 'p1', 3): 4, ('l1', 'l6', 'tr2', 'p1', 4): 2, ('l1', 'l6', 'tr2', 'p2', 4): 2, ('l2', 'l4', 'tr2', 'p2', 1): 5, ('l2', 'l4', 'tr2', 'p2', 2): 5, ('l2', 'l4', 'tr2', 'p2', 3): 5, ('l2', 'l4', 'tr2', 'p2', 4): 8, ('l2', 'l6', 'tr2', 'p1', 1): 2, ('l2', 'l6', 'tr2', 'p1', 2): 2, ('l2', 'l6', 'tr2', 'p1', 3): 2, ('l2', 'l6', 'tr2', 'p1', 4): 2, ('l2', 'l6', 'tr2', 'p1', 5): 4, ('l2', 'l6', 'tr2', 'p1', 6): 3, ('l2', 'l6', 'tr2', 'p2', 6): 2}
  Verification: PASS
  R_1=0.7
  K_1=0.7
  [relative] lambda=1 -> weight=194

  [layered_small_seed5 w=194] Stage 1 (limit=600s)...
  Stage 1: cost=4852  routes=6  optimal=False
{('l1', 'l3', 'tr1', 'p1'): 5, ('l1', 'l3', 'tr1', 'p2'): 3, ('l1', 'l6', 'tr2', 'p1'): 10, ('l1', 'l6', 'tr2', 'p2'): 2, ('l2', 'l4', 'tr2', 'p2'): 23, ('l2', 'l6', 'tr2', 'p1'): 15, ('l2', 'l6', 'tr2', 'p2'): 2, ('l3', 'l5', 'tr1', 'p1'): 5, ('l3', 'l5', 'tr1', 'p2'): 3, ('l4', 'l5', 'tr1', 'p2'): 23}
  R_TR=0.2333  worst_arc=(l2,l4,tr2)

  [layered_small_seed5 w=194 s2=baseline] Stage 2...
  mono=6  conc=20  optimal=True
{('l1', 'l3', 'tr1', 'p1', 1): 2, ('l1', 'l3', 'tr1', 'p1', 2): 3, ('l1', 'l3', 'tr1', 'p2', 2): 3, ('l3', 'l5', 'tr1', 'p1', 1): 2, ('l3', 'l5', 'tr1', 'p1', 2): 3, ('l3', 'l5', 'tr1', 'p2', 2): 3, ('l4', 'l5', 'tr1', 'p2', 1): 7, ('l4', 'l5', 'tr1', 'p2', 3): 8, ('l4', 'l5', 'tr1', 'p2', 4): 8, ('l1', 'l6', 'tr2', 'p1', 1): 3, ('l1', 'l6', 'tr2', 'p2', 1): 1, ('l1', 'l6', 'tr2', 'p1', 2): 4, ('l1', 'l6', 'tr2', 'p1', 3): 3, ('l1', 'l6', 'tr2', 'p2', 3): 1, ('l2', 'l4', 'tr2', 'p2', 2): 8, ('l2', 'l4', 'tr2', 'p2', 3): 7, ('l2', 'l4', 'tr2', 'p2', 4): 8, ('l2', 'l6', 'tr2', 'p1', 2): 4, ('l2', 'l6', 'tr2', 'p1', 3): 4, ('l2', 'l6', 'tr2', 'p1', 5): 4, ('l2', 'l6', 'tr2', 'p1', 6): 3, ('l2', 'l6', 'tr2', 'p2', 6): 2}
  Verification: PASS
  R_1=0.7333
  K_1=0.7333

  [layered_small_seed5 w=194 s2=mixed] Stage 2...
  mono=4  conc=20  optimal=True
{('l1', 'l3', 'tr1', 'p1', 1): 3, ('l1', 'l3', 'tr1', 'p2', 1): 1, ('l1', 'l3', 'tr1', 'p1', 2): 2, ('l1', 'l3', 'tr1', 'p2', 2): 2, ('l3', 'l5', 'tr1', 'p1', 1): 3, ('l3', 'l5', 'tr1', 'p2', 1): 2, ('l3', 'l5', 'tr1', 'p1', 2): 2, ('l3', 'l5', 'tr1', 'p2', 2): 1, ('l4', 'l5', 'tr1', 'p2', 1): 9, ('l4', 'l5', 'tr1', 'p2', 3): 6, ('l4', 'l5', 'tr1', 'p2', 4): 8, ('l1', 'l6', 'tr2', 'p1', 1): 4, ('l1', 'l6', 'tr2', 'p1', 2): 3, ('l1', 'l6', 'tr2', 'p2', 2): 1, ('l1', 'l6', 'tr2', 'p1', 3): 3, ('l1', 'l6', 'tr2', 'p2', 3): 1, ('l2', 'l4', 'tr2', 'p2', 2): 7, ('l2', 'l4', 'tr2', 'p2', 3): 8, ('l2', 'l4', 'tr2', 'p2', 4): 8, ('l2', 'l6', 'tr2', 'p1', 2): 3, ('l2', 'l6', 'tr2', 'p2', 2): 2, ('l2', 'l6', 'tr2', 'p1', 3): 4, ('l2', 'l6', 'tr2', 'p1', 5): 4, ('l2', 'l6', 'tr2', 'p1', 6): 4}
  Verification: PASS
  R_1=0.7
  K_1=0.7

  [layered_small_seed5 w=194 s2=even] Stage 2...
  mono=9  conc=11  optimal=True
{('l1', 'l3', 'tr1', 'p1', 1): 2, ('l1', 'l3', 'tr1', 'p2', 1): 3, ('l1', 'l3', 'tr1', 'p1', 2): 3, ('l3', 'l5', 'tr1', 'p1', 1): 3, ('l3', 'l5', 'tr1', 'p2', 1): 1, ('l3', 'l5', 'tr1', 'p1', 2): 2, ('l3', 'l5', 'tr1', 'p2', 2): 2, ('l4', 'l5', 'tr1', 'p2', 1): 5, ('l4', 'l5', 'tr1', 'p2', 2): 9, ('l4', 'l5', 'tr1', 'p2', 3): 4, ('l4', 'l5', 'tr1', 'p2', 4): 5, ('l1', 'l6', 'tr2', 'p1', 1): 2, ('l1', 'l6', 'tr2', 'p1', 2): 2, ('l1', 'l6', 'tr2', 'p1', 3): 2, ('l1', 'l6', 'tr2', 'p2', 3): 2, ('l1', 'l6', 'tr2', 'p1', 4): 4, ('l2', 'l4', 'tr2', 'p2', 1): 5, ('l2', 'l4', 'tr2', 'p2', 2): 5, ('l2', 'l4', 'tr2', 'p2', 3): 5, ('l2', 'l4', 'tr2', 'p2', 4): 8, ('l2', 'l6', 'tr2', 'p1', 1): 3, ('l2', 'l6', 'tr2', 'p2', 1): 2, ('l2', 'l6', 'tr2', 'p1', 2): 2, ('l2', 'l6', 'tr2', 'p1', 3): 2, ('l2', 'l6', 'tr2', 'p1', 4): 4, ('l2', 'l6', 'tr2', 'p1', 5): 2, ('l2', 'l6', 'tr2', 'p1', 6): 2}
  Verification: PASS
  R_1=0.7
  K_1=0.7

  [layered_small_seed5 w=194 s2=full] Stage 2...
  mono=8  conc=11  optimal=True
{('l1', 'l3', 'tr1', 'p1', 1): 2, ('l1', 'l3', 'tr1', 'p2', 1): 1, ('l1', 'l3', 'tr1', 'p1', 2): 3, ('l1', 'l3', 'tr1', 'p2', 2): 2, ('l3', 'l5', 'tr1', 'p1', 1): 2, ('l3', 'l5', 'tr1', 'p2', 1): 1, ('l3', 'l5', 'tr1', 'p1', 2): 3, ('l3', 'l5', 'tr1', 'p2', 2): 2, ('l4', 'l5', 'tr1', 'p2', 1): 5, ('l4', 'l5', 'tr1', 'p2', 2): 5, ('l4', 'l5', 'tr1', 'p2', 3): 4, ('l4', 'l5', 'tr1', 'p2', 4): 9, ('l1', 'l6', 'tr2', 'p1', 1): 2, ('l1', 'l6', 'tr2', 'p1', 2): 2, ('l1', 'l6', 'tr2', 'p1', 3): 4, ('l1', 'l6', 'tr2', 'p1', 4): 2, ('l1', 'l6', 'tr2', 'p2', 4): 2, ('l2', 'l4', 'tr2', 'p2', 1): 5, ('l2', 'l4', 'tr2', 'p2', 2): 5, ('l2', 'l4', 'tr2', 'p2', 3): 5, ('l2', 'l4', 'tr2', 'p2', 4): 8, ('l2', 'l6', 'tr2', 'p1', 1): 2, ('l2', 'l6', 'tr2', 'p1', 2): 2, ('l2', 'l6', 'tr2', 'p1', 3): 2, ('l2', 'l6', 'tr2', 'p1', 4): 2, ('l2', 'l6', 'tr2', 'p1', 5): 4, ('l2', 'l6', 'tr2', 'p1', 6): 3, ('l2', 'l6', 'tr2', 'p2', 6): 2}
  Verification: PASS
  R_1=0.7
  K_1=0.7
  [relative] lambda=2 -> weight=388

  [layered_small_seed5 w=388] Stage 1 (limit=600s)...
  Stage 1: cost=5180  routes=12  optimal=False
{('l1', 'l3', 'tr1', 'p1'): 2, ('l1', 'l3', 'tr1', 'p2'): 2, ('l1', 'l6', 'tr1', 'p1'): 3, ('l1', 'l6', 'tr2', 'p1'): 10, ('l1', 'l6', 'tr2', 'p2'): 3, ('l2', 'l3', 'tr1', 'p1'): 2, ('l2', 'l3', 'tr1', 'p2'): 9, ('l2', 'l4', 'tr1', 'p2'): 6, ('l2', 'l4', 'tr2', 'p1'): 1, ('l2', 'l4', 'tr2', 'p2'): 9, ('l2', 'l6', 'tr1', 'p1'): 3, ('l2', 'l6', 'tr2', 'p1'): 9, ('l2', 'l6', 'tr2', 'p2'): 1, ('l3', 'l5', 'tr1', 'p1'): 3, ('l3', 'l5', 'tr1', 'p2'): 7, ('l3', 'l5', 'tr2', 'p1'): 1, ('l3', 'l5', 'tr2', 'p2'): 9, ('l4', 'l3', 'tr1', 'p2'): 5, ('l4', 'l5', 'tr1', 'p1'): 1, ('l4', 'l5', 'tr1', 'p2'): 10}
  R_TR=0.6667  worst_arc=(l1,l6,tr2)

  [layered_small_seed5 w=388 s2=baseline] Stage 2...
  mono=6  conc=17  optimal=True
{('l1', 'l3', 'tr1', 'p1', 1): 2, ('l1', 'l3', 'tr1', 'p2', 1): 2, ('l1', 'l6', 'tr1', 'p1', 1): 3, ('l2', 'l3', 'tr1', 'p1', 1): 1, ('l2', 'l3', 'tr1', 'p2', 1): 6, ('l2', 'l3', 'tr1', 'p1', 2): 1, ('l2', 'l3', 'tr1', 'p2', 2): 3, ('l2', 'l4', 'tr1', 'p2', 1): 6, ('l2', 'l6', 'tr1', 'p1', 1): 3, ('l3', 'l5', 'tr1', 'p1', 1): 1, ('l3', 'l5', 'tr1', 'p2', 1): 6, ('l3', 'l5', 'tr1', 'p1', 2): 2, ('l3', 'l5', 'tr1', 'p2', 2): 1, ('l4', 'l3', 'tr1', 'p2', 1): 5, ('l4', 'l5', 'tr1', 'p2', 1): 8, ('l4', 'l5', 'tr1', 'p1', 2): 1, ('l4', 'l5', 'tr1', 'p2', 2): 2, ('l1', 'l6', 'tr2', 'p1', 2): 3, ('l1', 'l6', 'tr2', 'p2', 2): 1, ('l1', 'l6', 'tr2', 'p1', 3): 4, ('l1', 'l6', 'tr2', 'p1', 4): 3, ('l1', 'l6', 'tr2', 'p2', 4): 2, ('l2', 'l4', 'tr2', 'p2', 1): 7, ('l2', 'l4', 'tr2', 'p1', 2): 1, ('l2', 'l4', 'tr2', 'p2', 2): 2, ('l2', 'l6', 'tr2', 'p1', 1): 1, ('l2', 'l6', 'tr2', 'p2', 1): 1, ('l2', 'l6', 'tr2', 'p1', 2): 4, ('l2', 'l6', 'tr2', 'p1', 4): 4, ('l3', 'l5', 'tr2', 'p2', 1): 7, ('l3', 'l5', 'tr2', 'p1', 2): 1, ('l3', 'l5', 'tr2', 'p2', 2): 2}
  Verification: PASS
  R_1=0.7333
  K_1=0.7333

  [layered_small_seed5 w=388 s2=mixed] Stage 2...
  mono=6  conc=18  optimal=True
{('l1', 'l3', 'tr1', 'p1', 1): 2, ('l1', 'l3', 'tr1', 'p2', 1): 2, ('l1', 'l6', 'tr1', 'p1', 1): 3, ('l2', 'l3', 'tr1', 'p1', 1): 1, ('l2', 'l3', 'tr1', 'p2', 1): 4, ('l2', 'l3', 'tr1', 'p1', 2): 1, ('l2', 'l3', 'tr1', 'p2', 2): 5, ('l2', 'l4', 'tr1', 'p2', 1): 6, ('l2', 'l6', 'tr1', 'p1', 1): 3, ('l3', 'l5', 'tr1', 'p1', 1): 1, ('l3', 'l5', 'tr1', 'p2', 1): 4, ('l3', 'l5', 'tr1', 'p1', 2): 2, ('l3', 'l5', 'tr1', 'p2', 2): 3, ('l4', 'l3', 'tr1', 'p2', 1): 5, ('l4', 'l5', 'tr1', 'p1', 1): 1, ('l4', 'l5', 'tr1', 'p2', 1): 7, ('l4', 'l5', 'tr1', 'p2', 2): 3, ('l1', 'l6', 'tr2', 'p1', 1): 3, ('l1', 'l6', 'tr2', 'p2', 1): 2, ('l1', 'l6', 'tr2', 'p1', 3): 3, ('l1', 'l6', 'tr2', 'p2', 3): 1, ('l1', 'l6', 'tr2', 'p1', 4): 4, ('l2', 'l4', 'tr2', 'p1', 1): 1, ('l2', 'l4', 'tr2', 'p2', 1): 4, ('l2', 'l4', 'tr2', 'p2', 2): 5, ('l2', 'l6', 'tr2', 'p1', 1): 3, ('l2', 'l6', 'tr2', 'p1', 3): 3, ('l2', 'l6', 'tr2', 'p2', 3): 1, ('l2', 'l6', 'tr2', 'p1', 4): 3, ('l3', 'l5', 'tr2', 'p2', 1): 3, ('l3', 'l5', 'tr2', 'p1', 2): 1, ('l3', 'l5', 'tr2', 'p2', 2): 6}
  Verification: PASS
  R_1=0.7667
  K_1=0.7667

  [layered_small_seed5 w=388 s2=even] Stage 2...
  mono=9  conc=12  optimal=True
{('l1', 'l3', 'tr1', 'p1', 1): 2, ('l1', 'l3', 'tr1', 'p2', 1): 2, ('l1', 'l6', 'tr1', 'p1', 1): 3, ('l2', 'l3', 'tr1', 'p1', 1): 1, ('l2', 'l3', 'tr1', 'p2', 1): 4, ('l2', 'l3', 'tr1', 'p1', 2): 1, ('l2', 'l3', 'tr1', 'p2', 2): 5, ('l2', 'l4', 'tr1', 'p2', 1): 6, ('l2', 'l6', 'tr1', 'p1', 1): 3, ('l3', 'l5', 'tr1', 'p1', 1): 1, ('l3', 'l5', 'tr1', 'p2', 1): 2, ('l3', 'l5', 'tr1', 'p1', 2): 2, ('l3', 'l5', 'tr1', 'p2', 2): 5, ('l4', 'l3', 'tr1', 'p2', 1): 5, ('l4', 'l5', 'tr1', 'p2', 1): 5, ('l4', 'l5', 'tr1', 'p1', 2): 1, ('l4', 'l5', 'tr1', 'p2', 2): 5, ('l1', 'l6', 'tr2', 'p1', 1): 2, ('l1', 'l6', 'tr2', 'p1', 2): 2, ('l1', 'l6', 'tr2', 'p1', 3): 4, ('l1', 'l6', 'tr2', 'p1', 4): 2, ('l1', 'l6', 'tr2', 'p2', 4): 3, ('l2', 'l4', 'tr2', 'p2', 1): 3, ('l2', 'l4', 'tr2', 'p1', 2): 1, ('l2', 'l4', 'tr2', 'p2', 2): 6, ('l2', 'l6', 'tr2', 'p1', 1): 2, ('l2', 'l6', 'tr2', 'p1', 2): 2, ('l2', 'l6', 'tr2', 'p1', 3): 2, ('l2', 'l6', 'tr2', 'p1', 4): 3, ('l2', 'l6', 'tr2', 'p2', 4): 1, ('l3', 'l5', 'tr2', 'p2', 1): 3, ('l3', 'l5', 'tr2', 'p1', 2): 1, ('l3', 'l5', 'tr2', 'p2', 2): 6}